{"type":"FeatureCollection","metadata":{"generated_at":"2026-08-15T23:24:29.203Z","source":"Statistics Finland Paavo","source_url":"https://geo.stat.fi/geoserver/postialue/wfs?service=WFS&version=2.0.0&request=GetFeature&typeNames=postialue%3Apno_tilasto_2026&outputFormat=application%2Fjson&srsName=EPSG%3A4326&bbox=21.0276273%2C62.9594378%2C22.2423226%2C63.178854%2CEPSG%3A4326","licence":"CC BY 4.0","release_year":2026,"statistics_year":2024},"features":[{"type":"Feature","id":"65280","properties":{"code":"65280","name_fi":"Gerby","name_sv":"Gerby","statistics_year":2024,"population":6998,"employed":3429,"unemployed":219,"students":531,"average_income":5299,"employed_share":48.9997142040583,"unemployed_share":3.1294655615890252,"student_share":7.587882252072021},"geometry":{"type":"MultiPolygon","coordinates":[[[[21.5172737,63.15443838],[21.51647316,63.15421688],[21.51577571,63.15428511],[21.51537846,63.1544364],[21.51510667,63.15475923],[21.51521724,63.15528737],[21.51601332,63.15553251],[21.51691094,63.15551965],[21.51726185,63.15505701],[21.51738127,63.15470447],[21.5172737,63.15443838]]],[[[21.43545094,63.12793247],[21.43445652,63.12763141],[21.43380268,63.12774856],[21.4326017,63.12824901],[21.43171172,63.12849974],[21.43094433,63.12866004],[21.43072409,63.12898475],[21.43097836,63.12930434],[21.43155732,63.12930331],[21.43247002,63.12893441],[21.43310799,63.12862613],[21.43360066,63.12852645],[21.43460643,63.12849458],[21.43538286,63.12828699],[21.43545094,63.12793247]]],[[[21.45668493,63.1529599],[21.45571207,63.15254079],[21.45454417,63.1525903],[21.45375815,63.15284525],[21.45364947,63.15341251],[21.45461327,63.1538789],[21.45541332,63.15410074],[21.45610388,63.1537944],[21.45661252,63.15333807],[21.45668493,63.1529599]]],[[[21.51052059,63.14380202],[21.51015634,63.14350215],[21.50894997,63.14431257],[21.50856169,63.14524997],[21.50844515,63.14586455],[21.50944547,63.14614147],[21.51068472,63.1457133],[21.51074745,63.14538238],[21.51080422,63.14452736],[21.51052059,63.14380202]]],[[[21.48505467,63.16711699],[21.48469941,63.16676979],[21.48364456,63.16677632],[21.4828584,63.16703144],[21.48231385,63.16767697],[21.48207403,63.16838199],[21.48231207,63.16934375],[21.48314881,63.16937635],[21.48417126,63.16898756],[21.484952,63.16820835],[21.48507816,63.16754652],[21.48505467,63.16711699]]],[[[21.44083695,63.1277282],[21.43977346,63.12734041],[21.43881542,63.127398],[21.43862947,63.12836704],[21.4393652,63.12891985],[21.43882953,63.12951793],[21.43898178,63.13009544],[21.44007624,63.13042421],[21.4411002,63.13029776],[21.44060503,63.12958772],[21.44136097,63.1292126],[21.44156515,63.12869673],[21.44083695,63.1277282]]],[[[21.46278139,63.15962791],[21.46159007,63.15924793],[21.46052645,63.15930157],[21.45987701,63.15994292],[21.46039576,63.16053472],[21.46041888,63.16096425],[21.46164245,63.1617265],[21.46296954,63.1613974],[21.4636099,63.16080331],[21.46355452,63.15999152],[21.46278139,63.15962791]]],[[[21.4660085,63.10677828],[21.46700188,63.10653141],[21.46770538,63.10670181],[21.46850424,63.10692356],[21.46959296,63.10672803],[21.46996012,63.10645664],[21.46939703,63.10610124],[21.46824904,63.10605633],[21.46755457,63.10583866],[21.46707784,63.10558188],[21.46635634,63.10550602],[21.46538102,63.10565834],[21.46397924,63.10584159],[21.46319458,63.10609661],[21.4625233,63.10630845],[21.4635991,63.10673158],[21.46481539,63.1069697],[21.4660085,63.10677828]]],[[[21.44613851,63.11390509],[21.44485393,63.11347363],[21.44423239,63.1139731],[21.4432886,63.11450753],[21.44348402,63.11513435],[21.44459609,63.11536855],[21.44680642,63.11536011],[21.44820877,63.11517704],[21.44863054,63.11462208],[21.44734589,63.11419064],[21.44613851,63.11390509]]],[[[21.57203623,63.11628211],[21.57151414,63.11626207],[21.57057283,63.11637476],[21.56968018,63.11657859],[21.56925541,63.11674086],[21.56879189,63.11710997],[21.56889913,63.11759029],[21.5693659,63.11790584],[21.5698924,63.11825345],[21.57045212,63.11842374],[21.57149637,63.11846382],[21.57274858,63.1180952],[21.57333706,63.11776063],[21.57344213,63.11719917],[21.57317111,63.11689115],[21.57275852,63.11663722],[21.57203623,63.11628211]]],[[[21.49454369,63.10655876],[21.49408465,63.10620752],[21.49264711,63.10658014],[21.49194909,63.10693395],[21.49169212,63.10773354],[21.49184701,63.10802532],[21.49164389,63.10854127],[21.49070114,63.10907603],[21.49163156,63.1091599],[21.49251146,63.10895605],[21.49442614,63.10884012],[21.49533293,63.10849443],[21.49544955,63.10787986],[21.49517559,63.10710722],[21.49454369,63.10655876]]],[[[21.5527726,63.11735708],[21.55179368,63.11731938],[21.55079256,63.11739986],[21.54995389,63.11766518],[21.54923463,63.11799463],[21.54896108,63.11840077],[21.54946096,63.11853908],[21.55024412,63.11856926],[21.55065654,63.11882326],[21.55114534,63.11902067],[21.5513231,63.11947396],[21.55207298,63.11968142],[21.55300336,63.11962796],[21.55366291,63.11926644],[21.5544432,63.11861193],[21.55427516,63.11845664],[21.5546361,63.11793481],[21.55484986,63.11749659],[21.55387648,63.11742935],[21.5527726,63.11735708]]],[[[21.45508539,63.13172765],[21.45493668,63.13074855],[21.45380402,63.13072491],[21.45263285,63.13134576],[21.45092544,63.1314693],[21.45080776,63.13208382],[21.45222032,63.13240116],[21.45247278,63.13300638],[21.45403099,63.13366279],[21.45562749,63.13384443],[21.45638335,63.13346923],[21.45688913,63.13275085],[21.45461578,63.13225694],[21.45508539,63.13172765]]],[[[21.46368755,63.12940466],[21.46256575,63.12921788],[21.46198538,63.13005242],[21.46187301,63.13119102],[21.46284132,63.13218143],[21.46366793,63.1322614],[21.46469833,63.13182547],[21.46556105,63.13171634],[21.4661736,63.13126405],[21.46620455,63.13055089],[21.46570424,63.12986456],[21.46493187,63.12950097],[21.46368755,63.12940466]]],[[[21.48347583,63.13655929],[21.48222214,63.13651041],[21.4799111,63.13703939],[21.47852589,63.13712822],[21.4786231,63.138275],[21.47941389,63.13854398],[21.48052715,63.1387779],[21.48264381,63.13871757],[21.48346521,63.13827335],[21.48398214,63.13776964],[21.4843801,63.13678504],[21.48347583,63.13655929]]],[[[21.51474977,63.1053439],[21.51331544,63.10514538],[21.51232249,63.10539258],[21.51102239,63.10615171],[21.50984449,63.10682032],[21.50919736,63.10746191],[21.50804029,63.1074646],[21.50795079,63.10793736],[21.50896771,63.10811972],[21.50993989,63.10853845],[21.51120139,63.1085398],[21.51178589,63.10822913],[21.51188427,63.1077091],[21.51300851,63.10732412],[21.51394186,63.10683648],[21.51462463,63.10600576],[21.51474977,63.1053439]]],[[[21.46921278,63.12857302],[21.47027003,63.12799523],[21.47068256,63.12748748],[21.4700507,63.1269389],[21.46929638,63.12648079],[21.46928215,63.12600398],[21.4682739,63.12577406],[21.467071,63.12601277],[21.46666745,63.12647323],[21.46572365,63.12700782],[21.4647669,63.12816101],[21.46534841,63.12842189],[21.46619297,63.1284073],[21.46722836,63.12849543],[21.46770546,63.12875221],[21.4684959,63.12902124],[21.46921278,63.12857302]]],[[[21.53315761,63.14700451],[21.53217806,63.14689525],[21.53157195,63.14703851],[21.53047633,63.14754383],[21.52992114,63.14797479],[21.529466,63.14843342],[21.52875846,63.14883467],[21.52805224,63.14895024],[21.52707575,63.14910298],[21.52656517,63.14929754],[21.52591877,63.14965352],[21.52516919,63.14971978],[21.52470191,63.14996363],[21.52474833,63.15027497],[21.52543983,63.15051601],[21.5259759,63.15046531],[21.52762295,63.15038612],[21.52869507,63.1502847],[21.53012543,63.149959],[21.53107645,63.14966239],[21.53175719,63.14940295],[21.53219893,63.14901523],[21.53217028,63.14860934],[21.53191602,63.14800424],[21.53241892,63.14757126],[21.53311299,63.1472409],[21.53315761,63.14700451]]],[[[21.49799502,63.1038833],[21.49782538,63.10311472],[21.49649565,63.1029201],[21.49526701,63.10330088],[21.49457808,63.10360742],[21.49363886,63.10357085],[21.49309347,63.10312099],[21.49238092,63.10299799],[21.4910243,63.10294513],[21.49021302,63.10334213],[21.4892794,63.10382961],[21.48947575,63.10445637],[21.48977647,63.10508721],[21.49045314,63.10539932],[21.49125215,63.10562095],[21.4922958,63.10566161],[21.49309814,63.10531187],[21.49415973,63.10525796],[21.49492616,63.10509731],[21.4950338,63.10453002],[21.49602687,63.10428294],[21.4973061,63.10418986],[21.49799502,63.1038833]]],[[[21.49762506,63.15808124],[21.4992383,63.15790581],[21.50084254,63.15777764],[21.50181046,63.15767236],[21.50260519,63.15736986],[21.50245314,63.15650673],[21.50105232,63.15611897],[21.49911083,63.15580543],[21.49680183,63.15576331],[21.49517971,63.15598599],[21.49386221,63.15626812],[21.49366774,63.1567368],[21.49333273,63.1573905],[21.49397467,63.15789171],[21.49513375,63.15788915],[21.4961613,63.15802435],[21.49762506,63.15808124]]],[[[21.53569085,63.14445932],[21.53523073,63.1441082],[21.53435259,63.14374094],[21.53441504,63.14341],[21.53391608,63.14298595],[21.53248423,63.14276396],[21.53153029,63.14279854],[21.53109758,63.14313899],[21.52986897,63.14323437],[21.52875826,63.14326288],[21.52793873,63.14342168],[21.52761807,63.14400456],[21.52716296,63.14446319],[21.52658991,63.14498868],[21.52631699,63.14559722],[21.52678284,63.14563904],[21.52724734,63.14596655],[21.52786864,63.14630011],[21.5280866,63.14626092],[21.52844481,63.14603665],[21.5285596,63.14570774],[21.52870877,63.14547539],[21.52915941,63.1450404],[21.52975787,63.14465874],[21.53054748,63.14437971],[21.53113568,63.14433101],[21.5317806,63.14426068],[21.53219864,63.14427683],[21.53228401,63.14466111],[21.53209917,63.14508256],[21.53201884,63.14550806],[21.53193851,63.14593355],[21.53186263,63.14633541],[21.5321615,63.14670412],[21.53325003,63.14679379],[21.53390392,63.14667617],[21.53485479,63.14637954],[21.5357591,63.14577156],[21.53590182,63.14501512],[21.53569085,63.14445932]]],[[[21.46327531,63.11392703],[21.46325936,63.11373784],[21.46320251,63.11355356],[21.46310327,63.11337871],[21.46295401,63.11321399],[21.46275655,63.11306988],[21.46250877,63.11295296],[21.46226228,63.11288117],[21.46198595,63.1128341],[21.46168704,63.11281302],[21.46126256,63.11282569],[21.46081659,63.11287429],[21.4603549,63.11294726],[21.45988136,63.11303523],[21.45890718,63.11322531],[21.45840815,63.11331348],[21.45791921,63.1133861],[21.45742632,63.1134428],[21.45693293,63.1134797],[21.45644247,63.11349166],[21.45595812,63.11347433],[21.45548428,63.11343121],[21.45502566,63.11336653],[21.45465004,63.11329478],[21.45458819,63.11328297],[21.4541794,63.11318183],[21.45380884,63.11306316],[21.45348854,63.11292581],[21.45322602,63.11276946],[21.45300501,63.11260258],[21.45260258,63.11227723],[21.45238103,63.11213963],[21.45211861,63.11203452],[21.4517801,63.11196915],[21.45139306,63.11194405],[21.45097759,63.11195015],[21.45055267,63.11198087],[21.45013745,63.11203178],[21.4497526,63.11210039],[21.44942185,63.11218589],[21.44917367,63.11228912],[21.44906417,63.11237443],[21.44902099,63.11246585],[21.44906831,63.11258991],[21.44920389,63.11271866],[21.44960424,63.11299687],[21.44980906,63.11315127],[21.44998771,63.11331883],[21.45032588,63.11366814],[21.45053093,63.11383522],[21.4507645,63.11397823],[21.45102891,63.11411414],[21.4518741,63.11452258],[21.45217464,63.1146493],[21.45250045,63.11475894],[21.45282082,63.11483357],[21.45293335,63.11485979],[21.45340287,63.11493672],[21.4552792,63.115189],[21.45577536,63.11524729],[21.45646326,63.11530927],[21.45783749,63.11540568],[21.45845091,63.11545312],[21.45876745,63.11548371],[21.45893609,63.1155],[21.45915671,63.11552605],[21.45931209,63.1155444],[21.45955268,63.11558038],[21.4596301,63.11560362],[21.45966556,63.11558056],[21.45982404,63.11553229],[21.46008199,63.11546391],[21.46127832,63.1151804],[21.46173349,63.11505951],[21.46216494,63.11491778],[21.46256944,63.11473745],[21.46289334,63.11453495],[21.46312243,63.11432155],[21.46324298,63.11411911],[21.46327531,63.11392703]]],[[[21.53749274,63.10046637],[21.53696027,63.10043415],[21.53644936,63.1004759],[21.53601754,63.10058143],[21.53560981,63.10071975],[21.53436978,63.10119608],[21.53393795,63.10134811],[21.53308994,63.10161631],[21.53211406,63.10195812],[21.53178852,63.1020642],[21.53098949,63.10229099],[21.53098856,63.10229126],[21.53062302,63.10240708],[21.53031249,63.10253967],[21.53008441,63.10269293],[21.52992917,63.10286511],[21.52984574,63.10304866],[21.52983886,63.10323678],[21.52991936,63.10342299],[21.53009862,63.10360388],[21.53035858,63.10377723],[21.53067928,63.1039436],[21.53104594,63.10410297],[21.53144804,63.1042547],[21.53187853,63.10439736],[21.5323333,63.1045287],[21.53281073,63.10464537],[21.53333318,63.10474831],[21.53387332,63.10483296],[21.53442513,63.1049004],[21.53498373,63.10494995],[21.53554497,63.10497914],[21.53611937,63.10498514],[21.53668635,63.10496964],[21.53723882,63.10493517],[21.53776777,63.10488213],[21.53826125,63.1048087],[21.5387031,63.10471058],[21.53907137,63.10458059],[21.53933549,63.10442119],[21.53952682,63.10423296],[21.53966089,63.10402349],[21.53975004,63.10379629],[21.53981418,63.10352871],[21.53993117,63.1026805],[21.53998909,63.10241162],[21.54007801,63.10215775],[21.5402191,63.10189857],[21.54038154,63.10168024],[21.54053956,63.10151343],[21.54062475,63.10144517],[21.54066953,63.10140928],[21.54075387,63.10138045],[21.54011416,63.10114485],[21.53967881,63.10099542],[21.53917407,63.10083683],[21.5386248,63.10068484],[21.53805598,63.10055571],[21.53749274,63.10046637]]],[[[21.43658051,63.13545333],[21.43722695,63.13547192],[21.43797824,63.13552192],[21.4387026,63.13559968],[21.4393651,63.13569887],[21.43993109,63.13581241],[21.44109306,63.13609777],[21.44124533,63.13615095],[21.44138403,63.13616422],[21.44166434,63.13622411],[21.44216112,63.13631005],[21.44266355,63.13638292],[21.44356371,63.13650293],[21.44396048,63.13654888],[21.4443566,63.13658016],[21.44464189,63.13659023],[21.44492924,63.13659252],[21.44542866,63.13658628],[21.44592373,63.13656989],[21.44640082,63.13654409],[21.44684403,63.13650843],[21.447234,63.13646118],[21.44747353,63.13641619],[21.44766337,63.13635475],[21.44779558,63.13627103],[21.44787354,63.13616817],[21.44789961,63.13605156],[21.44786832,63.13590902],[21.44777794,63.13576088],[21.44773946,63.13572168],[21.44763232,63.13561255],[21.44739481,63.1354406],[21.44682446,63.13508899],[21.44656728,63.13491273],[21.44606039,63.1345421],[21.44524237,63.13397517],[21.44499128,63.13378708],[21.44455111,63.13342457],[21.44432122,63.13325858],[21.44405579,63.13311253],[21.44378007,63.13300685],[21.44346717,63.1329227],[21.44312387,63.13286061],[21.44269588,63.13281619],[21.44224405,63.13279429],[21.44177646,63.13278722],[21.44034452,63.13279253],[21.43927984,63.13277902],[21.43842094,63.13277469],[21.43766705,63.1327503],[21.43729986,63.13275814],[21.43689427,63.13280347],[21.43648697,63.13288215],[21.43608211,63.13298565],[21.43568399,63.13310713],[21.43492319,63.13336701],[21.43453092,63.13348771],[21.43411478,63.13358745],[21.43369171,63.13365439],[21.43324395,63.13369917],[21.43277885,63.1337282],[21.43230292,63.13374704],[21.43115354,63.13378032],[21.43062038,63.13380796],[21.43008634,63.13384914],[21.42955912,63.13390209],[21.42904799,63.13396592],[21.42856454,63.13404068],[21.4284674,63.1340598],[21.4281239,63.1341274],[21.42774597,63.13422816],[21.42745715,63.13434624],[21.42730648,63.1344588],[21.42724564,63.13457931],[21.42727394,63.1346932],[21.42737332,63.13480432],[21.42753142,63.13490877],[21.42773873,63.13500233],[21.42803966,63.13509765],[21.42867589,63.13526814],[21.42883633,63.13531594],[21.42897371,63.13535687],[21.42925883,63.13545324],[21.42951926,63.13555779],[21.4300445,63.13582412],[21.4303131,63.13593026],[21.43064504,63.13601991],[21.43102894,63.136085],[21.43145293,63.1361179],[21.43198555,63.13610976],[21.43252316,63.13605853],[21.43303307,63.13597525],[21.43348408,63.13587104],[21.43384736,63.13575772],[21.43408294,63.13565863],[21.43421613,63.13558003],[21.43423494,63.13553702],[21.43431794,63.13552605],[21.43455787,63.13550741],[21.43492913,63.13548566],[21.43540663,63.13546585],[21.43573295,63.13545849],[21.4359654,63.13545324],[21.43658051,63.13545333]]],[[[21.49828798,63.12283998],[21.49822989,63.12282931],[21.49803483,63.12282358],[21.49772609,63.12282793],[21.49720134,63.12285582],[21.49656635,63.12291014],[21.49585923,63.12298824],[21.4951175,63.12308589],[21.49437891,63.12319831],[21.49368182,63.12332072],[21.49306539,63.12344847],[21.49256575,63.12357756],[21.49213854,63.12371562],[21.49177064,63.12386994],[21.49148258,63.12404581],[21.49130298,63.12423061],[21.49119452,63.1244327],[21.49114403,63.12464674],[21.49114359,63.12486858],[21.49118972,63.12509491],[21.49127018,63.12530369],[21.49137647,63.12551383],[21.49174342,63.12615343],[21.49185071,63.12637086],[21.4919449,63.12661154],[21.49201843,63.12685498],[21.49207667,63.12710048],[21.49212423,63.12734747],[21.49218117,63.12770417],[21.49224316,63.12809256],[21.49234374,63.12858762],[21.49241551,63.12883249],[21.49251078,63.12907406],[21.49263141,63.12930306],[21.49277901,63.12952663],[21.49295209,63.12974335],[21.49315114,63.12995111],[21.49337864,63.13014688],[21.49363925,63.13032659],[21.49393992,63.1304848],[21.49427868,63.13061345],[21.49465463,63.13071451],[21.49505961,63.13078585],[21.49521172,63.13080003],[21.4954756,63.13082462],[21.49590345,63.13083587],[21.49633421,63.13082246],[21.49675913,63.13078549],[21.49716921,63.13072436],[21.49755463,63.13063677],[21.49795307,63.13050294],[21.49831227,63.13033973],[21.49863641,63.13015474],[21.49892693,63.12995354],[21.49918259,63.12974006],[21.49939937,63.12951693],[21.4995671,63.12929865],[21.49985162,63.12885592],[21.50000169,63.1286385],[21.5001791,63.12842831],[21.50040867,63.12821634],[21.50092891,63.12780948],[21.50117569,63.12760513],[21.50138263,63.12739364],[21.50152866,63.12717671],[21.5016306,63.12695107],[21.50170482,63.12671954],[21.50182797,63.12624845],[21.50190458,63.12601338],[21.50201063,63.12578172],[21.50214995,63.12556493],[21.50231698,63.12535296],[21.50284465,63.1247439],[21.50297741,63.12455118],[21.50305555,63.12436556],[21.50305178,63.12418925],[21.5029655,63.12405026],[21.50277498,63.12391154],[21.50248064,63.12377316],[21.50200056,63.12360818],[21.5014303,63.12345279],[21.50081127,63.12330923],[21.50018375,63.12317992],[21.49958695,63.12306748],[21.4983683,63.12285861],[21.49828798,63.12283998]]],[[[21.47405412,63.13806438],[21.47335793,63.13803404],[21.47267413,63.13802819],[21.47203763,63.13805028],[21.4714838,63.13810389],[21.47104172,63.13819217],[21.47068847,63.13830534],[21.47038026,63.13844217],[21.47011854,63.13859766],[21.46990813,63.13876843],[21.46975728,63.13895249],[21.46966992,63.13915362],[21.46963346,63.13936381],[21.46962778,63.13957992],[21.46964245,63.14002055],[21.46963333,63.14024131],[21.4695942,63.14046019],[21.46951227,63.14068427],[21.46918477,63.14134095],[21.46911701,63.14155626],[21.46910779,63.14177028],[21.46918206,63.14199549],[21.46932908,63.14221918],[21.46953077,63.142441],[21.46977366,63.14266039],[21.47004791,63.14287657],[21.47034661,63.14308847],[21.47066502,63.14329471],[21.47100008,63.14349345],[21.47191306,63.14399468],[21.47217505,63.14416007],[21.47238864,63.14432947],[21.47253362,63.14450607],[21.47259559,63.14470245],[21.47258156,63.14490823],[21.47251346,63.14512147],[21.47240952,63.14534076],[21.47203067,63.14602735],[21.471917,63.14628187],[21.47182412,63.14653985],[21.47175147,63.14679987],[21.47170015,63.14706067],[21.47167394,63.14731377],[21.47167319,63.14732105],[21.47167589,63.14757975],[21.47171627,63.14783531],[21.47180555,63.148086],[21.47190303,63.148259],[21.47202203,63.14843024],[21.47253993,63.14908016],[21.47274559,63.14931864],[21.47296299,63.14955312],[21.47319663,63.1497802],[21.47345277,63.14999549],[21.47373973,63.15019326],[21.47406835,63.15036596],[21.47438945,63.15048795],[21.47473996,63.15058529],[21.47511016,63.15065729],[21.47549125,63.15070154],[21.47587498,63.15071391],[21.47626226,63.15068984],[21.47663642,63.15063342],[21.4769893,63.15055005],[21.47731133,63.15044324],[21.47759104,63.15031483],[21.4778145,63.15016505],[21.47797827,63.14998391],[21.47808249,63.14978405],[21.47814561,63.14957048],[21.47818326,63.14934702],[21.47828019,63.14838451],[21.47830555,63.14796206],[21.4783099,63.14788967],[21.47831105,63.14764265],[21.47829755,63.14739666],[21.47826399,63.14715225],[21.47820564,63.14690529],[21.47797419,63.14617849],[21.47791341,63.14594192],[21.4778802,63.1457092],[21.4778889,63.14548135],[21.47795679,63.14525972],[21.47810463,63.14503603],[21.47831443,63.1448179],[21.47856481,63.14460256],[21.47911528,63.14417],[21.47938247,63.14394753],[21.47961389,63.14372996],[21.47982441,63.14350707],[21.48001658,63.14328048],[21.48019153,63.14305164],[21.4803488,63.14282192],[21.48048613,63.14259268],[21.48059915,63.14236542],[21.48068087,63.14214186],[21.48072104,63.14192412],[21.48070531,63.14171489],[21.48061411,63.14151759],[21.48042365,63.14132908],[21.4801533,63.14115287],[21.47982628,63.14098452],[21.47946205,63.14081997],[21.47907615,63.14065385],[21.47866003,63.14045697],[21.47825291,63.14023429],[21.47785985,63.13998711],[21.47750067,63.1397255],[21.47719382,63.13945972],[21.47695515,63.13920037],[21.4768006,63.13897405],[21.47670454,63.1387757],[21.47665682,63.13861768],[21.47664876,63.13851213],[21.47667597,63.13847069],[21.47660298,63.1384344],[21.4763261,63.13835881],[21.4758805,63.13826642],[21.475348,63.13818481],[21.47472854,63.13811585],[21.47405412,63.13806438]]],[[[21.50260192,63.11199834],[21.50213886,63.11196555],[21.50168858,63.11197918],[21.50123069,63.11202713],[21.50076691,63.11209855],[21.50029839,63.11218511],[21.49886945,63.11247566],[21.49838571,63.11256727],[21.49789807,63.1126494],[21.49684784,63.11280038],[21.49633818,63.11288805],[21.4958965,63.1129881],[21.49547261,63.11310625],[21.49506622,63.1132389],[21.49467862,63.11338352],[21.49431291,63.11353856],[21.49397419,63.11370335],[21.49366992,63.11387805],[21.49341037,63.11406367],[21.49322273,63.11424187],[21.49308065,63.11442801],[21.49298463,63.1146201],[21.49293786,63.11481654],[21.49294961,63.11506312],[21.49301777,63.11531353],[21.49311967,63.11556734],[21.49335257,63.11608421],[21.49357535,63.11661076],[21.49408941,63.11794139],[21.49430607,63.11846915],[21.49442826,63.11872914],[21.49456682,63.11898472],[21.49472945,63.11923389],[21.4949264,63.11947394],[21.49517116,63.11970122],[21.49546134,63.11990407],[21.49559262,63.11997806],[21.49579787,63.12009374],[21.49617067,63.12027207],[21.49657279,63.12043983],[21.49699999,63.12059671],[21.49745044,63.12074136],[21.49792453,63.12087123],[21.49840837,63.12098116],[21.49891042,63.12107787],[21.49942569,63.12116459],[21.49995036,63.12124359],[21.50048146,63.12131631],[21.50101666,63.12138342],[21.50155398,63.12144486],[21.50209165,63.12149979],[21.50262786,63.12154656],[21.50316058,63.12158254],[21.50368734,63.12160399],[21.50420496,63.12160579],[21.50470932,63.12158115],[21.5051322,63.12153357],[21.50553994,63.12146392],[21.50593035,63.12137535],[21.50630002,63.1212699],[21.5067136,63.12112266],[21.50709028,63.12095902],[21.50742679,63.12078415],[21.50771561,63.12060202],[21.50794436,63.12041573],[21.50809487,63.12022772],[21.50814197,63.12003999],[21.50809023,63.11990609],[21.50807524,63.11986732],[21.50792359,63.11969528],[21.5077144,63.1195226],[21.50721535,63.11916895],[21.50696671,63.11898388],[21.50674563,63.11878971],[21.50657872,63.11859892],[21.50644288,63.11839983],[21.50632764,63.11819459],[21.50600204,63.11754242],[21.50562931,63.11684618],[21.50551463,63.11660963],[21.50542283,63.11634299],[21.50536736,63.11605003],[21.50536005,63.115742],[21.50541423,63.11539782],[21.50551714,63.1150644],[21.50564712,63.11475714],[21.50578335,63.11449149],[21.50590573,63.1142829],[21.50602942,63.11409927],[21.50601639,63.11405287],[21.50594249,63.1139127],[21.50580295,63.11370332],[21.50559144,63.11344804],[21.50530079,63.11316992],[21.5049319,63.11289385],[21.50449784,63.11263262],[21.50402294,63.11239991],[21.50353351,63.11220924],[21.50305634,63.11207421],[21.50260192,63.11199834]]],[[[21.52617048,63.11383688],[21.52571057,63.11376501],[21.52523986,63.11377608],[21.52482367,63.11386705],[21.52442865,63.11400281],[21.52414328,63.1141185],[21.52403277,63.1141633],[21.5236366,63.11434028],[21.52324091,63.11452813],[21.52284671,63.11472309],[21.5220693,63.11512557],[21.52169114,63.11533079],[21.52132513,63.11553813],[21.52097702,63.11574781],[21.52065468,63.11596043],[21.52036872,63.11617706],[21.52013335,63.11639926],[21.51996728,63.11662914],[21.51988583,63.11686636],[21.51987163,63.1171111],[21.51990569,63.11736126],[21.51997353,63.1176153],[21.52006414,63.11787206],[21.52025124,63.11831271],[21.52050641,63.11891365],[21.52060887,63.11917611],[21.52069733,63.11943918],[21.52076525,63.11970287],[21.52080464,63.11994527],[21.52082393,63.12018777],[21.5208257,63.12042988],[21.52081143,63.12067105],[21.52078156,63.1209106],[21.52073557,63.12114773],[21.52067204,63.12138139],[21.52058871,63.1216103],[21.52040385,63.12200751],[21.52032376,63.12220082],[21.52027439,63.12239149],[21.52027456,63.12257993],[21.52035931,63.12280413],[21.52052096,63.12302624],[21.5207394,63.12324673],[21.52099928,63.12346571],[21.52128908,63.12368291],[21.52160033,63.1238976],[21.52192697,63.12410851],[21.52226491,63.12431363],[21.52261162,63.12451007],[21.52296589,63.12469372],[21.52332768,63.1248589],[21.52369802,63.12499794],[21.52407906,63.12510055],[21.5244741,63.12515322],[21.52489335,63.12514438],[21.52532673,63.1250841],[21.52577036,63.12498653],[21.52622137,63.12486238],[21.52667769,63.12471964],[21.52713778,63.12456415],[21.52760056,63.12440016],[21.52853111,63.12405771],[21.53039202,63.12335127],[21.53130183,63.12299155],[21.53174203,63.12280832],[21.53216547,63.12262127],[21.53256438,63.12242864],[21.53277989,63.12230985],[21.53292812,63.12222814],[21.53324194,63.12202052],[21.53350744,63.12180545],[21.53371984,63.12158548],[21.53386906,63.12136275],[21.53393887,63.12113915],[21.53392059,63.1209443],[21.53382692,63.12075352],[21.53376836,63.12068871],[21.53365819,63.12056678],[21.5335067,63.12044516],[21.53343238,63.12038551],[21.5331677,63.12020752],[21.5322892,63.11967239],[21.53201323,63.11948612],[21.53178202,63.11930526],[21.53158023,63.11911814],[21.5314111,63.1189255],[21.53127967,63.11872781],[21.53118141,63.11850143],[21.53112285,63.11827075],[21.53108961,63.1180373],[21.53104542,63.11756752],[21.53100251,63.1173296],[21.53089627,63.11706583],[21.53070139,63.1167675],[21.53043926,63.11646032],[21.53013476,63.11615597],[21.52981263,63.11586613],[21.52949698,63.11560255],[21.52921136,63.11537702],[21.5288188,63.11508635],[21.52876622,63.11504743],[21.52827662,63.11475192],[21.52793828,63.11456047],[21.52754132,63.11435415],[21.52710296,63.11415177],[21.52664031,63.11397266],[21.52617048,63.11383688]]],[[[21.48149174,63.10651678],[21.48099873,63.10648543],[21.48044916,63.10649133],[21.47988006,63.10652777],[21.47932565,63.10658745],[21.47821384,63.10672553],[21.47652137,63.10694411],[21.47483262,63.10716956],[21.47372994,63.10732858],[21.47319406,63.10741387],[21.47267487,63.1075055],[21.47217929,63.10760621],[21.47171666,63.1077197],[21.47129931,63.10785085],[21.47094338,63.10800605],[21.47067669,63.10817822],[21.47046207,63.10837121],[21.47028287,63.10857891],[21.47012512,63.1087963],[21.46982651,63.10924404],[21.46966362,63.10946738],[21.46947666,63.10968591],[21.46925307,63.10989609],[21.46898847,63.11009204],[21.46868845,63.11027908],[21.46836524,63.11045971],[21.46736666,63.11098326],[21.46706196,63.11115758],[21.46679346,63.11133471],[21.46657816,63.11151663],[21.46643683,63.11170561],[21.46638563,63.11190467],[21.46640938,63.11211144],[21.46648726,63.11232423],[21.46649595,63.11234063],[21.46660258,63.11254171],[21.46674194,63.11276283],[21.46705886,63.11320739],[21.46723556,63.11342856],[21.46742685,63.11364599],[21.46763678,63.11385699],[21.46787136,63.11405837],[21.46813886,63.11424615],[21.46845021,63.11441541],[21.46885074,63.11457501],[21.4693021,63.11471296],[21.46979004,63.11483543],[21.4703037,63.11494723],[21.47083478,63.11505209],[21.47302435,63.11545456],[21.47356807,63.11556116],[21.474103,63.11567402],[21.47462481,63.11579525],[21.47513093,63.11592597],[21.47610648,63.11619414],[21.47658264,63.11631784],[21.47705412,63.11642378],[21.47752226,63.11650165],[21.47798771,63.11653853],[21.47837991,63.11652879],[21.4787649,63.11648475],[21.47913677,63.11641136],[21.47948858,63.1163117],[21.47981207,63.11618709],[21.48012822,63.11602221],[21.48040828,63.11583475],[21.48066008,63.11563093],[21.48088911,63.11541549],[21.48109884,63.11519201],[21.48129089,63.11496315],[21.48146513,63.11473094],[21.48161969,63.11449688],[21.48175093,63.11426216],[21.48185326,63.11402776],[21.48191895,63.11379458],[21.48193294,63.11366277],[21.48194433,63.11355545],[21.48195164,63.11308907],[21.48198574,63.11286511],[21.48207741,63.1126502],[21.48222409,63.11246989],[21.48242156,63.11229589],[21.48265311,63.11212554],[21.48315785,63.11178567],[21.48339553,63.11161681],[21.48361516,63.11144436],[21.48380743,63.1112683],[21.48396101,63.11108843],[21.48406188,63.1109043],[21.48409891,63.1106973],[21.48407108,63.11048564],[21.4839941,63.11027031],[21.48388067,63.11005208],[21.48373948,63.10982855],[21.48315826,63.10898868],[21.48295761,63.10868025],[21.48278056,63.10838581],[21.48262443,63.10810633],[21.48238569,63.10763671],[21.48226702,63.10736013],[21.48226481,63.1073222],[21.4823127,63.1072668],[21.48235145,63.10715651],[21.4823588,63.10701206],[21.48230822,63.10685615],[21.48217152,63.10671223],[21.48189275,63.10659129],[21.48149174,63.10651678]]],[[[21.48094444,63.12009174],[21.48053952,63.12003781],[21.48013965,63.120026],[21.47971975,63.12006885],[21.47930442,63.12015766],[21.47889186,63.12027902],[21.47848054,63.12042257],[21.47806913,63.12058024],[21.47682142,63.12107774],[21.47639619,63.12123477],[21.47596332,63.12137889],[21.47552049,63.12150413],[21.47506493,63.12160339],[21.47469994,63.12165975],[21.47395977,63.12174808],[21.47359423,63.12179869],[21.47319214,63.12187419],[21.47280875,63.121969],[21.4724514,63.12208165],[21.4721294,63.12221177],[21.47185458,63.12236008],[21.47163242,63.12253353],[21.47147813,63.12272418],[21.47138989,63.12293939],[21.47136164,63.1231659],[21.47137659,63.12340045],[21.47142161,63.12364055],[21.47148638,63.12388428],[21.47155375,63.12409407],[21.4717237,63.12462333],[21.47185978,63.12511142],[21.47190559,63.12535064],[21.47195369,63.12575019],[21.47198964,63.12594243],[21.47205403,63.1261282],[21.47216395,63.12630602],[21.47234747,63.12648758],[21.47258575,63.12666107],[21.47286125,63.12682938],[21.47376009,63.12732845],[21.47403586,63.12750089],[21.47426686,63.12767222],[21.47445875,63.12784849],[21.47460471,63.12802814],[21.47469516,63.12820976],[21.47471731,63.1283921],[21.47465346,63.12858954],[21.47451501,63.1287868],[21.47432235,63.12898428],[21.47409203,63.1291825],[21.47330311,63.12978836],[21.47304329,63.1299972],[21.47280212,63.13021168],[21.4725862,63.13043459],[21.47239419,63.13066333],[21.47222119,63.13089653],[21.47206364,63.1311331],[21.47191924,63.1313722],[21.47178691,63.13161314],[21.47166679,63.13185531],[21.47156038,63.13209815],[21.47147062,63.1323411],[21.47140216,63.13258347],[21.47136167,63.13282443],[21.47135572,63.13304897],[21.47138345,63.13326963],[21.47144813,63.13348435],[21.47155566,63.13369052],[21.47171485,63.13388484],[21.47195176,63.13407756],[21.47224368,63.1342533],[21.47257556,63.13441222],[21.47293559,63.1345529],[21.47331448,63.1346722],[21.47370487,63.13476501],[21.47410078,63.13482397],[21.47449721,63.13483906],[21.47491694,63.13479856],[21.4753352,63.13471249],[21.47575538,63.13459648],[21.47661827,63.13432481],[21.47707157,63.13419062],[21.4775485,63.134071],[21.47803965,63.13397558],[21.47855069,63.13389573],[21.47959444,63.13375289],[21.48010856,63.13367508],[21.480604,63.13358233],[21.48107613,63.13346641],[21.48151556,63.13333048],[21.48191807,63.13317781],[21.48227584,63.13301022],[21.48257683,63.13282816],[21.4828039,63.13263077],[21.48293015,63.13244189],[21.48298959,63.13224331],[21.48298779,63.13203848],[21.48291815,63.1318016],[21.48279631,63.13156147],[21.4826424,63.13131862],[21.48230499,63.13082488],[21.4821516,63.1305731],[21.48202425,63.13031607],[21.48192112,63.13005593],[21.48183713,63.12979378],[21.48176866,63.12953054],[21.4817134,63.12926703],[21.48167037,63.12900407],[21.48164,63.12874256],[21.48162418,63.12848356],[21.48162658,63.12822843],[21.48165299,63.12797894],[21.48171181,63.12773745],[21.48181471,63.12750706],[21.48197752,63.1272919],[21.48217246,63.12712326],[21.48240512,63.12696394],[21.48290891,63.12665275],[21.48314381,63.12649076],[21.48334854,63.12631815],[21.48352928,63.12613784],[21.48386896,63.12576876],[21.48405441,63.12558756],[21.48427034,63.12541418],[21.48453739,63.12524703],[21.48487547,63.12506675],[21.4856793,63.12466664],[21.48596413,63.12451891],[21.4860928,63.12445217],[21.48648087,63.12423231],[21.48684019,63.12400173],[21.48714302,63.12378319],[21.48738458,63.12358978],[21.48755943,63.12343434],[21.48766124,63.12332944],[21.48768115,63.12328689],[21.48768386,63.12323358],[21.48765341,63.12309114],[21.48757728,63.12288191],[21.48744152,63.12262823],[21.48723123,63.12235262],[21.48693013,63.12207795],[21.48657597,63.1218505],[21.4861584,63.12164629],[21.48570412,63.12146798],[21.48524158,63.12131767],[21.48391601,63.12095113],[21.48347173,63.12081626],[21.48218523,63.12040746],[21.48176735,63.12028442],[21.4813538,63.12017685],[21.48094444,63.12009174]]],[[[21.5284241,63.1297311],[21.52844795,63.1294889],[21.52836546,63.1292684],[21.52818997,63.12908101],[21.52794252,63.12892604],[21.52764262,63.12878893],[21.52725886,63.12866192],[21.52683528,63.12855185],[21.52594262,63.12835057],[21.52550442,63.12824558],[21.52509085,63.12812893],[21.52471697,63.12799367],[21.52438015,63.12782855],[21.52348616,63.12727778],[21.52315029,63.12711184],[21.52277874,63.12697665],[21.52236596,63.12686588],[21.52192253,63.12677979],[21.52145668,63.12672066],[21.52097481,63.126693],[21.52045511,63.12670193],[21.51992826,63.12674292],[21.51939853,63.12680822],[21.51886978,63.12689251],[21.5183458,63.12699247],[21.51783065,63.12710648],[21.51732898,63.12723446],[21.51684639,63.12737774],[21.51641904,63.12752537],[21.51600677,63.12768294],[21.51479891,63.12816827],[21.51438655,63.1283191],[21.513959,63.12845603],[21.51350147,63.12857667],[21.5130265,63.12867793],[21.51253905,63.12876002],[21.51204321,63.1288217],[21.51154248,63.12886019],[21.51104,63.12887102],[21.51055531,63.12885249],[21.51007118,63.12881379],[21.50910274,63.12871654],[21.50861784,63.12867751],[21.50814261,63.12865694],[21.50767333,63.12865631],[21.50721712,63.12867758],[21.50678216,63.12872417],[21.50637811,63.12880122],[21.50598057,63.12892467],[21.50562079,63.12908143],[21.5052886,63.12926256],[21.50497617,63.12946125],[21.5046775,63.12967236],[21.50410441,63.13011744],[21.50269754,63.13127067],[21.50211315,63.13172356],[21.50181154,63.131944],[21.50150215,63.13215851],[21.50063323,63.13272861],[21.50038124,63.13291196],[21.50017181,63.13309386],[21.50002354,63.13327525],[21.49995928,63.13345707],[21.4999946,63.13363652],[21.50010765,63.13381745],[21.50027303,63.13400018],[21.50087149,63.13456441],[21.5010402,63.13476073],[21.50115984,63.13496335],[21.50121602,63.13519127],[21.50120774,63.13542641],[21.50115139,63.13566694],[21.50105994,63.13591146],[21.50094367,63.13615895],[21.50081089,63.13640865],[21.5003802,63.13716615],[21.50024666,63.13742043],[21.50012987,63.1376752],[21.50003894,63.13793019],[21.50001727,63.13803329],[21.49998536,63.13818506],[21.49997816,63.13841862],[21.50000885,63.13865052],[21.50007422,63.13887934],[21.5001738,63.13910334],[21.50030989,63.13932024],[21.50048769,63.13952715],[21.50071555,63.13972031],[21.50103278,63.13991381],[21.50140586,63.14008852],[21.50181985,63.14024643],[21.5022637,63.1403878],[21.50272941,63.14051102],[21.5032115,63.14061256],[21.50370642,63.14068663],[21.50421228,63.14072491],[21.50472844,63.1407206],[21.50525163,63.14068196],[21.50577935,63.14061904],[21.50625646,63.1405476],[21.50630967,63.14053963],[21.50684101,63.14044974],[21.50737193,63.14035408],[21.50931621,63.13999409],[21.50973908,63.13990442],[21.51013732,63.13980348],[21.51050184,63.13968537],[21.5108303,63.13954369],[21.51112805,63.13938429],[21.51140848,63.13921313],[21.51196636,63.13885573],[21.51230461,63.13865492],[21.51266083,63.13845663],[21.51302972,63.13826014],[21.51454329,63.13747538],[21.51490994,63.13727415],[21.51526221,63.13706802],[21.51558086,63.13686587],[21.51588647,63.13665953],[21.51707272,63.13582727],[21.5173831,63.13562641],[21.51770967,63.13543281],[21.51805952,63.13524946],[21.5184578,63.13507046],[21.51888109,63.13490255],[21.51932074,63.13474212],[21.52066337,63.13427602],[21.52109399,63.13411628],[21.52150147,63.13394903],[21.5218741,63.13377009],[21.52211069,63.13363483],[21.52233207,63.13349365],[21.52281107,63.13317177],[21.52311705,63.13297671],[21.52347111,63.1327648],[21.52386393,63.13254465],[21.52432793,63.13230221],[21.52480393,63.13206754],[21.52526893,63.13184818],[21.5260749,63.1314857],[21.52663853,63.13124846],[21.52712571,63.13095882],[21.52742897,63.13075768],[21.52774541,63.13052319],[21.52804065,63.13026647],[21.52827917,63.12999869],[21.5284241,63.1297311]]],[[[21.49762513,63.1524926],[21.4979921,63.15247017],[21.49838589,63.1524879],[21.49879772,63.15253669],[21.49922036,63.15260999],[21.49964761,63.15270336],[21.50007391,63.15281412],[21.5005261,63.1529502],[21.50097253,63.15309962],[21.50141445,63.1532584],[21.50228884,63.153593],[21.5035531,63.15409442],[21.50445445,63.15445188],[21.50488911,63.15461644],[21.50532585,63.1547742],[21.50576551,63.15492206],[21.50620907,63.15505588],[21.50665771,63.15517013],[21.50709141,63.15525523],[21.50752485,63.1553128],[21.50793917,63.15533699],[21.50795176,63.15533772],[21.50836541,63.15532251],[21.50877995,63.15525697],[21.50886195,63.15523487],[21.50917712,63.15514992],[21.5095613,63.15501231],[21.50993595,63.15485253],[21.51030376,63.15467694],[21.51066686,63.15449033],[21.51102694,63.15429631],[21.51214577,63.15367432],[21.51282975,63.15329406],[21.51320126,63.1530992],[21.51358138,63.15291052],[21.51397346,63.15273071],[21.51438183,63.15256322],[21.51481208,63.15241256],[21.51520464,63.15229961],[21.51561469,63.15220267],[21.51603907,63.15212184],[21.51647529,63.15205813],[21.51698156,63.15200759],[21.51749352,63.15197676],[21.51800424,63.15196215],[21.51850655,63.15196148],[21.51899253,63.15197354],[21.51945301,63.15199797],[21.51987696,63.15203519],[21.52056741,63.1521174],[21.52089232,63.15213062],[21.52123016,63.15210311],[21.5215715,63.15203883],[21.52191036,63.15194598],[21.52223981,63.15183091],[21.52255158,63.15169834],[21.52283553,63.15155168],[21.52307905,63.15139313],[21.52326634,63.15122387],[21.52337758,63.15104414],[21.52339584,63.15084379],[21.52333039,63.15063452],[21.52320324,63.15041891],[21.52303163,63.15019885],[21.52282905,63.14997572],[21.52260622,63.14975052],[21.5218985,63.14906791],[21.52167359,63.1488388],[21.52146686,63.14860888],[21.52128763,63.1483779],[21.52114735,63.14814549],[21.52106038,63.1479111],[21.52103857,63.14766051],[21.52107588,63.1474077],[21.5211563,63.14715325],[21.52126764,63.14689759],[21.52140074,63.14664103],[21.52154884,63.14638378],[21.52187187,63.14586781],[21.52221289,63.14535063],[21.52256299,63.14483337],[21.52292449,63.1443184],[21.52331165,63.14381093],[21.52352375,63.14356302],[21.52375587,63.14332164],[21.52401631,63.14308969],[21.52431607,63.14287113],[21.52461988,63.14269317],[21.52495696,63.14252804],[21.52532128,63.14237515],[21.52570874,63.14223488],[21.52611684,63.14210865],[21.5265446,63.14199897],[21.5270327,63.14190077],[21.52753507,63.14182284],[21.52804323,63.14176306],[21.52854922,63.14172101],[21.52904498,63.14169798],[21.52952181,63.14169703],[21.52996974,63.1417231],[21.53037695,63.14178325],[21.53071209,63.14187382],[21.53101998,63.14198698],[21.53131947,63.142109],[21.53162893,63.14222667],[21.53196713,63.14232656],[21.53239631,63.14240457],[21.53286906,63.14245036],[21.53337028,63.14246961],[21.53388653,63.14246569],[21.53440506,63.14243978],[21.53491281,63.14239083],[21.53539537,63.14231551],[21.53583587,63.14220791],[21.53618562,63.14207791],[21.53648804,63.1419218],[21.53674385,63.14174529],[21.53695025,63.14155252],[21.53710076,63.14134629],[21.53719015,63.14112723],[21.53722683,63.14089988],[21.53722157,63.1406671],[21.53718181,63.14043122],[21.53711216,63.14019416],[21.53701473,63.13995765],[21.53688941,63.1397233],[21.53673499,63.13949005],[21.53663103,63.13935666],[21.53620622,63.13881158],[21.53611236,63.13868457],[21.5360446,63.13859288],[21.53590965,63.13837874],[21.53581533,63.13817016],[21.53577829,63.13796856],[21.53581886,63.13777583],[21.53595609,63.13758868],[21.53616686,63.13740939],[21.53642126,63.13723441],[21.53695267,63.13688463],[21.537176,63.13670354],[21.53733206,63.13651382],[21.53739673,63.13631281],[21.53738086,63.13610327],[21.53730007,63.1358888],[21.5371649,63.13567277],[21.5369813,63.13545859],[21.53675089,63.13524995],[21.53647112,63.13505102],[21.53616087,63.13487634],[21.53581232,63.13471275],[21.53543372,63.13455921],[21.53503093,63.13441547],[21.5346077,63.13428214],[21.53416602,63.1341607],[21.53368273,63.13404755],[21.53318493,63.13394898],[21.53267669,63.13386499],[21.53216105,63.13379699],[21.53164018,63.13374786],[21.53111563,63.13372212],[21.53059503,63.13372352],[21.5300743,63.13374771],[21.52955574,63.13379015],[21.5290418,63.1338479],[21.52853528,63.13391943],[21.5280396,63.13400452],[21.52755897,63.13410426],[21.5270987,63.13422105],[21.52664661,63.13436257],[21.52621727,63.13452086],[21.52580592,63.13469162],[21.52540925,63.13487174],[21.52502524,63.13505903],[21.52465298,63.1352521],[21.52429255,63.13545013],[21.52335372,63.13599967],[21.52303493,63.13617999],[21.5227036,63.13635518],[21.52229876,63.13654948],[21.52187504,63.13673615],[21.52143788,63.13691731],[21.5196438,63.13761898],[21.51920648,63.13779566],[21.51878519,63.13797588],[21.51838847,63.13816161],[21.51802746,63.1383553],[21.51775844,63.13852719],[21.51752584,63.13870502],[21.51733243,63.13888718],[21.51718358,63.1390723],[21.51708752,63.13925926],[21.51705562,63.13944707],[21.51709643,63.13963726],[21.51719277,63.13982797],[21.5176,63.14041014],[21.51770878,63.14061048],[21.51778084,63.14084788],[21.51779544,63.14108854],[21.51775495,63.14132915],[21.51765738,63.14156638],[21.51749619,63.1417967],[21.51729567,63.14199277],[21.51705228,63.1421828],[21.51677946,63.14236897],[21.51589457,63.14292417],[21.5156106,63.1431147],[21.51533684,63.1433193],[21.51508843,63.14352987],[21.5148681,63.14374586],[21.51468054,63.14396706],[21.51453269,63.14419366],[21.51443142,63.14442225],[21.51436722,63.14465512],[21.51433174,63.14489104],[21.51431865,63.14512902],[21.51432317,63.14536822],[21.51434186,63.14560785],[21.51437222,63.14584717],[21.51448866,63.14649393],[21.51450932,63.14669645],[21.51450288,63.14689788],[21.51445021,63.1471294],[21.5143555,63.14735928],[21.51422777,63.14758719],[21.51407372,63.14781245],[21.51389794,63.14803403],[21.51370319,63.14825036],[21.51349047,63.14845924],[21.5132591,63.14865767],[21.51300666,63.14884162],[21.51271307,63.14901139],[21.51234722,63.14915966],[21.51193436,63.1492772],[21.51149227,63.14936466],[21.51103633,63.14941968],[21.51058063,63.14943673],[21.51013892,63.14940674],[21.50976358,63.14933302],[21.50940753,63.14922221],[21.50906819,63.14908314],[21.5087439,63.14892259],[21.50843398,63.1487457],[21.50813864,63.14855624],[21.50785903,63.14835693],[21.50758225,63.1481389],[21.50656239,63.14725647],[21.5063056,63.14705277],[21.50603832,63.14686564],[21.50575451,63.14670208],[21.50544684,63.14657102],[21.50510628,63.1464839],[21.50473174,63.14645014],[21.50432606,63.14646025],[21.50389894,63.1465044],[21.50345856,63.14657528],[21.50301204,63.14666776],[21.50256588,63.14677848],[21.50212637,63.14690565],[21.50167423,63.14705612],[21.50123298,63.14721747],[21.50037077,63.14754896],[21.49994442,63.14770757],[21.49951787,63.147853],[21.49908859,63.14797753],[21.49865374,63.14807164],[21.49821008,63.14812333],[21.49775127,63.14812277],[21.49728296,63.14807853],[21.49680783,63.14800207],[21.49632808,63.14790209],[21.49584555,63.14778502],[21.49536185,63.14765553],[21.49487856,63.14751682],[21.49439734,63.14737097],[21.49392006,63.1472191],[21.49344905,63.14706151],[21.4929872,63.1468978],[21.49253823,63.14672685],[21.49210692,63.14654687],[21.49172124,63.14636825],[21.49135103,63.14618251],[21.49099178,63.1459923],[21.48994516,63.14541934],[21.48959694,63.14523651],[21.48924439,63.14506342],[21.48888442,63.14490475],[21.48851345,63.1447665],[21.48812719,63.14465639],[21.48772042,63.14458429],[21.48727512,63.14455805],[21.4868093,63.14457252],[21.48632998,63.14461765],[21.48584347,63.14468597],[21.48535589,63.14477223],[21.48487365,63.14487302],[21.484404,63.14498657],[21.48395564,63.14511258],[21.48353941,63.14525217],[21.48316906,63.14540787],[21.48286215,63.14558377],[21.48262937,63.14578706],[21.48246332,63.14601002],[21.48234713,63.14624708],[21.48226842,63.14649387],[21.48221863,63.14674697],[21.4821925,63.14700362],[21.48218773,63.14726141],[21.48220479,63.14751809],[21.48224701,63.14777136],[21.48232074,63.14801856],[21.48243577,63.1482565],[21.48260589,63.14848114],[21.4828492,63.1486916],[21.48315988,63.14888036],[21.48353456,63.14904307],[21.48389259,63.14915519],[21.48428495,63.14924907],[21.48470271,63.14932776],[21.48513838,63.14939352],[21.48558558,63.14944784],[21.48707974,63.14958633],[21.48754673,63.14964093],[21.4879788,63.14971253],[21.48836086,63.14981008],[21.48867581,63.14993821],[21.48893567,63.15009243],[21.48914799,63.150265],[21.48931649,63.15044926],[21.48944116,63.15063931],[21.48951809,63.15082961],[21.48953925,63.15101467],[21.48949204,63.1511887],[21.48935867,63.15134528],[21.48911054,63.1514857],[21.48877185,63.15160526],[21.48836667,63.15170925],[21.48791357,63.15180184],[21.48742685,63.15188636],[21.48691751,63.15196549],[21.48480366,63.15227009],[21.48428503,63.15235325],[21.48378161,63.15244396],[21.48330026,63.15254551],[21.48284941,63.15266203],[21.48243952,63.15279874],[21.48208085,63.15295829],[21.48175966,63.15313653],[21.48146258,63.15332698],[21.48089476,63.15372264],[21.48060277,63.15391789],[21.48029103,63.1541048],[21.47994768,63.15427794],[21.47956817,63.15443195],[21.47915847,63.15457268],[21.47787134,63.15496902],[21.47746333,63.15510971],[21.47708849,63.15526395],[21.47674666,63.1554437],[21.47645191,63.15563979],[21.4762011,63.1558478],[21.47599517,63.1560642],[21.47583936,63.15628613],[21.47574363,63.15651124],[21.47572325,63.15673748],[21.47578603,63.15695246],[21.4759165,63.15716594],[21.47609956,63.15737702],[21.4763242,63.15758465],[21.47658284,63.15778754],[21.47687082,63.15798407],[21.4771859,63.1581722],[21.47752796,63.15834937],[21.47790142,63.15851653],[21.47866585,63.15882976],[21.4790212,63.1589863],[21.47933253,63.15914981],[21.47957655,63.15932601],[21.47973654,63.15952316],[21.47981893,63.15973492],[21.47983929,63.1599569],[21.47980817,63.16018546],[21.47973165,63.16041745],[21.4796117,63.16065001],[21.47944637,63.16088045],[21.47923755,63.16110304],[21.47899234,63.16132204],[21.47872093,63.16153841],[21.47843122,63.16175298],[21.47719703,63.16260697],[21.47659167,63.1630406],[21.47630624,63.16326174],[21.47603948,63.1634871],[21.47578775,63.16372574],[21.47555766,63.16396837],[21.4753452,63.16421325],[21.47514821,63.16445861],[21.47496639,63.16470249],[21.47480143,63.16494255],[21.47465725,63.16517582],[21.47454039,63.16539843],[21.47446056,63.1656053],[21.47443144,63.16578969],[21.47447155,63.16594277],[21.47460545,63.16605301],[21.47485026,63.16611078],[21.47518711,63.16612632],[21.47559165,63.16611084],[21.47604526,63.16607289],[21.47653382,63.16601894],[21.47704676,63.16595378],[21.47727519,63.16592151],[21.47811618,63.16580272],[21.47921105,63.16563647],[21.48030475,63.16546094],[21.48084407,63.1653693],[21.48137407,63.16527391],[21.48189057,63.16517319],[21.48238823,63.16506494],[21.48286008,63.16494616],[21.48329702,63.16481288],[21.48368728,63.16465997],[21.48401467,63.16448792],[21.48402022,63.16448424],[21.48430007,63.16429854],[21.4845576,63.16409834],[21.48503655,63.16368822],[21.48527948,63.16348917],[21.48553909,63.16330177],[21.48582722,63.16313267],[21.48615747,63.16298968],[21.48651991,63.16288337],[21.48691936,63.16279982],[21.48734208,63.16273084],[21.48820738,63.16260736],[21.48862529,63.16253864],[21.48894975,63.16246928],[21.48901559,63.1624552],[21.4893628,63.16234836],[21.48968351,63.16219443],[21.48994757,63.16200947],[21.49016977,63.16180155],[21.49036146,63.16157687],[21.49053122,63.16134012],[21.49068546,63.16109481],[21.49082893,63.16084353],[21.49122464,63.1600704],[21.49166391,63.15915607],[21.49231319,63.15780448],[21.49312055,63.15615649],[21.49316988,63.15611861],[21.49329542,63.15599339],[21.49463668,63.15461108],[21.49526547,63.15398238],[21.49554845,63.15371164],[21.4958055,63.15347904],[21.49606737,63.1532583],[21.49633926,63.15305098],[21.49662503,63.15286241],[21.49692978,63.15269973],[21.49726024,63.15257235],[21.49762513,63.1524926]]],[[[21.55088363,63.17482904],[21.578936,63.16561184],[21.58758673,63.16276713],[21.59708074,63.16089141],[21.604456,63.15876717],[21.62422517,63.15306974],[21.62684822,63.14826878],[21.62924842,63.14700953],[21.63939198,63.14612442],[21.65126365,63.14809922],[21.65069557,63.14762782],[21.63994184,63.13870096],[21.63982043,63.13858144],[21.63710745,63.13624419],[21.63681383,63.13562101],[21.6322176,63.13230718],[21.63215171,63.13225318],[21.63166308,63.13153735],[21.63408188,63.1292707],[21.63546998,63.12773033],[21.63513804,63.12782119],[21.63295493,63.12846149],[21.63000059,63.12905163],[21.62848671,63.12945576],[21.62674559,63.12998895],[21.62518762,63.13067488],[21.62513538,63.13071505],[21.62433298,63.13093507],[21.62184796,63.13152773],[21.62091912,63.13182641],[21.62073452,63.13183776],[21.62035466,63.13186631],[21.61988146,63.13187513],[21.61953084,63.13191642],[21.61941022,63.1319123],[21.61876035,63.13195048],[21.61875975,63.1319507],[21.61795189,63.13213083],[21.61781755,63.13218718],[21.61704009,63.1321506],[21.61662813,63.13218614],[21.61620015,63.13215306],[21.61599469,63.13218028],[21.61441196,63.1320798],[21.61238438,63.13251715],[21.61179258,63.13233809],[21.61157426,63.13234121],[21.61137918,63.13238923],[21.61080747,63.13231299],[21.61013631,63.13239837],[21.60918273,63.13252966],[21.60824436,63.1322281],[21.60814193,63.13187518],[21.60760078,63.13143307],[21.60742319,63.13137659],[21.60712976,63.13121603],[21.60693346,63.13087208],[21.60684438,63.13079332],[21.60680303,63.13073162],[21.60661327,63.13057125],[21.60645938,63.13019312],[21.60618535,63.12998664],[21.60561079,63.12976487],[21.6050784,63.12963254],[21.60503129,63.12961084],[21.60455685,63.12945954],[21.60234162,63.12925304],[21.60050629,63.1287002],[21.6002702,63.12844451],[21.60013951,63.12836774],[21.5998499,63.12828705],[21.5997854,63.12827662],[21.59926201,63.12782485],[21.59780201,63.12736191],[21.59684986,63.12764368],[21.59601473,63.12828063],[21.59418929,63.12806883],[21.59366866,63.12781439],[21.59322757,63.12758168],[21.59236279,63.12740571],[21.59203722,63.12712753],[21.59201542,63.12711722],[21.59094812,63.12692804],[21.59080152,63.12682602],[21.59000091,63.12640022],[21.5899754,63.12639134],[21.58982686,63.12632371],[21.58897787,63.12563486],[21.58839196,63.12543913],[21.58807186,63.12521734],[21.5877919,63.12502335],[21.58726256,63.12455321],[21.58719365,63.12454911],[21.58675679,63.12450094],[21.58644306,63.12444397],[21.58635528,63.12442803],[21.58600267,63.12432436],[21.58570286,63.1241812],[21.58545458,63.12400753],[21.58524384,63.12381155],[21.58505927,63.12359969],[21.58489143,63.12337705],[21.58441013,63.12268166],[21.58423239,63.12245067],[21.5840324,63.1222247],[21.58380005,63.12200675],[21.58350753,63.12178552],[21.58317652,63.12157462],[21.58281634,63.12137207],[21.58243373,63.12117666],[21.58203327,63.1209879],[21.5816176,63.12080604],[21.58118764,63.12063216],[21.58089619,63.12052478],[21.58074268,63.12046822],[21.58028033,63.12031724],[21.57979645,63.12018353],[21.57932058,63.12007733],[21.57882661,63.11998691],[21.57831922,63.11990903],[21.57780201,63.11984156],[21.57727765,63.11978336],[21.57674811,63.11973419],[21.57621479,63.11969473],[21.57567865,63.11966659],[21.57514033,63.11965241],[21.57458877,63.11965453],[21.57403593,63.11967031],[21.57348228,63.11969611],[21.57311718,63.1197197],[21.57237413,63.1197677],[21.57182039,63.11981025],[21.5707161,63.1199051],[21.5706821,63.11990848],[21.5696218,63.12001385],[21.56908187,63.1200757],[21.5685497,63.12014493],[21.56802848,63.12022426],[21.56752246,63.12031734],[21.56702703,63.1204294],[21.56655051,63.12055655],[21.56609205,63.12069594],[21.56607226,63.12070269],[21.56588113,63.1207679],[21.56565257,63.12084587],[21.56523497,63.1210057],[21.56484427,63.12117579],[21.56448801,63.12135754],[21.56417661,63.12155339],[21.56391687,63.12176671],[21.56370045,63.12199305],[21.56351451,63.12222851],[21.56334867,63.12246998],[21.56309763,63.12287345],[21.56289013,63.12320694],[21.56272605,63.12345003],[21.56254358,63.12368842],[21.56233342,63.12391967],[21.56208428,63.12414084],[21.56178415,63.12435168],[21.56144389,63.12455216],[21.56107456,63.12474517],[21.56068512,63.12493305],[21.55990831,63.12528553],[21.55906476,63.12566828],[21.55867675,63.12585588],[21.55831123,63.12604849],[21.55797915,63.12624842],[21.55769451,63.12645855],[21.55747084,63.12667933],[21.55729932,63.1269097],[21.5571721,63.12714633],[21.55710809,63.12732372],[21.55708549,63.12738633],[21.55703977,63.12762712],[21.5570393,63.12786615],[21.55709275,63.12810079],[21.55721352,63.12832812],[21.55733416,63.12846101],[21.5574106,63.12854361],[21.55765617,63.12874266],[21.55794964,63.12894061],[21.55827172,63.12913466],[21.55930042,63.12970617],[21.55963146,63.12989679],[21.55993919,63.13008929],[21.56021082,63.13028494],[21.56043065,63.13048521],[21.56057916,63.13069195],[21.56064093,63.13090857],[21.56062894,63.13113178],[21.56056171,63.13135974],[21.56045329,63.13159096],[21.56031406,63.13182418],[21.56015136,63.1320583],[21.55997001,63.13229228],[21.55977263,63.13252506],[21.55955993,63.13275549],[21.55933077,63.13298219],[21.55908219,63.13320351],[21.55880932,63.13341737],[21.55850518,63.13362118],[21.55814417,63.13382382],[21.55775347,63.13401693],[21.55653056,63.13458416],[21.55619086,63.13475691],[21.55586452,63.13493497],[21.55555146,63.13511777],[21.55525244,63.13530504],[21.55496914,63.13549681],[21.55470428,63.1356934],[21.55446178,63.13589549],[21.55421808,63.13613116],[21.55400054,63.13637296],[21.553802,63.13661919],[21.5534411,63.13712008],[21.55277243,63.13813496],[21.55242748,63.13864136],[21.55224402,63.13889278],[21.55204889,63.13914228],[21.5518361,63.13939307],[21.55161114,63.13964185],[21.55113715,63.14013551],[21.55064425,63.14062602],[21.54988389,63.14135654],[21.54935916,63.14183619],[21.54908685,63.14207132],[21.54880389,63.14230128],[21.54850571,63.14252383],[21.5481861,63.1427359],[21.54783678,63.1429334],[21.5474468,63.14311094],[21.54702795,63.14325787],[21.54657205,63.14338672],[21.54608949,63.14350271],[21.54558863,63.14361008],[21.54404276,63.14391395],[21.54353309,63.1440192],[21.54321728,63.14409089],[21.54303711,63.14413178],[21.54256304,63.14425559],[21.54212114,63.1443954],[21.54172035,63.14455535],[21.54136031,63.14473236],[21.54116475,63.14484864],[21.5410401,63.14492276],[21.54076253,63.14512396],[21.54053449,63.1453343],[21.54036738,63.14555293],[21.54028239,63.14574511],[21.54024921,63.14594073],[21.54026653,63.14613754],[21.54033599,63.14633345],[21.54049151,63.14656867],[21.54070684,63.14680063],[21.54096247,63.1470304],[21.54182415,63.14771675],[21.54210136,63.1479482],[21.54235255,63.14818318],[21.54256266,63.14842343],[21.54270696,63.14864797],[21.54280939,63.14887682],[21.54287435,63.14910844],[21.54290342,63.14934146],[21.54289543,63.14957463],[21.54284631,63.14980669],[21.54274336,63.15005427],[21.54259662,63.1502991],[21.54241453,63.15054101],[21.54220224,63.15077959],[21.54196197,63.1510142],[21.54170426,63.15123681],[21.54142731,63.15145596],[21.54113675,63.15167257],[21.54053101,63.15210086],[21.53929807,63.15295091],[21.53870995,63.15337923],[21.53843445,63.15359603],[21.53817816,63.15381563],[21.53794819,63.1540391],[21.53775371,63.15426783],[21.53759444,63.15451676],[21.53747443,63.15477148],[21.53738324,63.15503041],[21.53731309,63.15529235],[21.53721527,63.15582193],[21.5371813,63.1560884],[21.53713701,63.15662291],[21.53712825,63.15715805],[21.5371425,63.15742549],[21.53720837,63.15792802],[21.53738722,63.1589313],[21.53741964,63.15918181],[21.53743843,63.15943217],[21.53743781,63.15968236],[21.53741113,63.15994678],[21.53736247,63.16021109],[21.53722166,63.16073987],[21.53695463,63.16153486],[21.53626476,63.16340415],[21.53605005,63.16393633],[21.53593294,63.16419866],[21.53580487,63.16445613],[21.53566091,63.16470601],[21.53549439,63.16494451],[21.53529639,63.16516638],[21.53505515,63.16536449],[21.53475539,63.16552934],[21.53440569,63.16564726],[21.53400886,63.16573077],[21.53358541,63.16578398],[21.53315408,63.16580827],[21.53273318,63.16580231],[21.53234167,63.16576198],[21.53200048,63.16568014],[21.53172098,63.16554778],[21.53149983,63.1653755],[21.53132187,63.16517425],[21.53117521,63.16495234],[21.5310506,63.164716],[21.53084015,63.16421743],[21.53055014,63.16344407],[21.5303313,63.16292897],[21.53020358,63.16267445],[21.52969204,63.16179177],[21.52958668,63.16157214],[21.52950806,63.16135157],[21.52946066,63.16110047],[21.52945171,63.16084799],[21.5294741,63.16059486],[21.52952345,63.16034177],[21.52959789,63.16008941],[21.52969791,63.15983854],[21.52982643,63.15959002],[21.52999065,63.15933827],[21.5301819,63.15908943],[21.53039398,63.15884309],[21.53062265,63.15859903],[21.53086529,63.15835724],[21.53112057,63.15811791],[21.53138825,63.15788143],[21.5320834,63.15729856],[21.53230144,63.15710227],[21.53250021,63.15690248],[21.53269439,63.15667088],[21.53286002,63.15643425],[21.53300236,63.15619392],[21.53312467,63.15595104],[21.53322823,63.15570667],[21.53331236,63.15546184],[21.53337423,63.15521766],[21.53340867,63.15497541],[21.53340777,63.15473668],[21.53336039,63.15450348],[21.53326469,63.15429397],[21.53311867,63.15409369],[21.5329216,63.15390556],[21.5326693,63.15373341],[21.53233046,63.15356854],[21.53193677,63.15342257],[21.53150303,63.15329151],[21.53104065,63.15317274],[21.53055841,63.1530649],[21.53006307,63.15296788],[21.53000569,63.15295818],[21.52956,63.15288282],[21.52905354,63.15281221],[21.5285475,63.15276007],[21.52804548,63.15273218],[21.52755123,63.15273643],[21.52706549,63.1527797],[21.52659186,63.15285593],[21.52613127,63.15295763],[21.52568585,63.15307954],[21.52525907,63.15321831],[21.52485606,63.15337224],[21.52452678,63.15352176],[21.52448395,63.15354121],[21.52415231,63.15372653],[21.52386928,63.15392892],[21.52362523,63.15414514],[21.52340924,63.15437114],[21.52321253,63.15460383],[21.52302798,63.15484083],[21.52249065,63.15556076],[21.52230013,63.15579944],[21.52208363,63.15605058],[21.52161608,63.15654645],[21.52086366,63.1572801],[21.52008095,63.1580078],[21.5190136,63.15897539],[21.51739148,63.16042607],[21.51687133,63.16090604],[21.51662698,63.16114351],[21.51640095,63.16137808],[21.51620207,63.16160836],[21.51604249,63.16183246],[21.51593864,63.16204781],[21.5159125,63.16225097],[21.51599304,63.16243743],[21.51619687,63.1625996],[21.51650242,63.16274596],[21.51688211,63.16288095],[21.51731447,63.16300806],[21.51778271,63.16313014],[21.51927866,63.16348879],[21.5197734,63.16361287],[21.52024905,63.16374316],[21.52069326,63.16388272],[21.52109084,63.16403536],[21.5214226,63.16420588],[21.52165547,63.1643825],[21.52182369,63.16457363],[21.52193497,63.16477421],[21.52199272,63.16497981],[21.52199607,63.16518635],[21.52193987,63.16538992],[21.52181448,63.16558648],[21.52160974,63.16577503],[21.52134233,63.165955],[21.52103072,63.16612894],[21.52069005,63.16629912],[21.51961449,63.16680754],[21.51927386,63.16698334],[21.51896046,63.16716635],[21.51868699,63.16735965],[21.51847525,63.16755331],[21.52169924,63.16756819],[21.52359831,63.16943117],[21.52496082,63.17076764],[21.53987856,63.17748515],[21.55088363,63.17482904]]]]}},{"type":"Feature","id":"65930","properties":{"code":"65930","name_fi":"Södra Vallgrund","name_sv":"Södra Vallgrund","statistics_year":2024,"population":335,"employed":145,"unemployed":7,"students":15,"average_income":276,"employed_share":43.28358208955223,"unemployed_share":2.0895522388059704,"student_share":4.477611940298507},"geometry":{"type":"MultiPolygon","coordinates":[[[[21.15274752,63.18441669],[21.15166388,63.18414327],[21.15052216,63.18478215],[21.15056662,63.18581302],[21.15128455,63.18664303],[21.15200321,63.18684422],[21.15337306,63.18632908],[21.15344254,63.18536009],[21.15274752,63.18441669]]],[[[21.33524536,63.16754523],[21.33686927,63.1673244],[21.33852372,63.16748583],[21.33897613,63.16678945],[21.33924715,63.16594292],[21.33876137,63.16573297],[21.33712832,63.16600109],[21.33552299,63.1661274],[21.33477535,63.16671669],[21.33463652,63.16742561],[21.33524536,63.16754523]]],[[[21.39736841,63.15517107],[21.39392226,63.1546917],[21.39112987,63.15475255],[21.39039281,63.15529489],[21.3919355,63.15581325],[21.39356613,63.15587784],[21.39556209,63.15601403],[21.39851296,63.1557879],[21.39736841,63.15517107]]],[[[21.35380176,63.15885556],[21.3520647,63.15788481],[21.34991263,63.15827171],[21.34996483,63.15908351],[21.35213846,63.16036102],[21.35217227,63.16126735],[21.35410933,63.16105883],[21.35380176,63.15885556]]],[[[21.1569665,63.18733491],[21.15648796,63.18657197],[21.15558643,63.18664911],[21.15425036,63.18762301],[21.15357623,63.18845271],[21.15349593,63.18884958],[21.15327796,63.18992678],[21.15312882,63.19066382],[21.15370993,63.19154533],[21.15469191,63.19107134],[21.15609632,63.1903861],[21.15560628,63.18967986],[21.15609753,63.18912845],[21.15641798,63.1881698],[21.1569665,63.18733491]]],[[[21.42806802,63.15523971],[21.42591348,63.15500884],[21.42465369,63.15590541],[21.42478965,63.15716812],[21.42750019,63.15818928],[21.43025458,63.1589835],[21.43080468,63.15853123],[21.42949113,63.15769611],[21.42847128,63.15708445],[21.42806802,63.15523971]]],[[[21.32720128,63.16288868],[21.32582112,63.16240468],[21.3242556,63.16286588],[21.3238889,63.16366092],[21.32398673,63.16423643],[21.32392438,63.1650913],[21.32331145,63.166067],[21.32373221,63.16660782],[21.32515888,63.16685554],[21.32673388,63.16634707],[21.3273189,63.16551314],[21.3269537,63.16468877],[21.32712977,63.16379082],[21.32720128,63.16288868]]],[[[21.39140124,63.14813339],[21.39026813,63.14745978],[21.38867544,63.14785388],[21.38760629,63.14815441],[21.38611694,63.14866689],[21.38608837,63.14946592],[21.38719947,63.150253],[21.38948331,63.15085794],[21.39148535,63.15030859],[21.3920813,63.14918911],[21.39140124,63.14813339]]],[[[21.129126,63.23900878],[21.12766336,63.23871954],[21.12619813,63.23968793],[21.12496118,63.2407801],[21.12443239,63.24213028],[21.12579119,63.24292978],[21.12732331,63.24287889],[21.12834215,63.24223503],[21.12910944,63.24158075],[21.13032197,63.24123075],[21.13034751,63.23985972],[21.129126,63.23900878]]],[[[21.33469607,63.16066432],[21.33316508,63.16041252],[21.33185514,63.16064587],[21.33172553,63.16130752],[21.33203529,63.16241545],[21.33296036,63.16307169],[21.33382994,63.1640115],[21.33518255,63.1646372],[21.33666474,63.16460123],[21.33800901,63.16365474],[21.33745938,63.16215619],[21.33604855,63.16129002],[21.33469607,63.16066432]]],[[[21.30100224,63.11191119],[21.29380009,63.11008589],[21.29352737,63.11017133],[21.29322196,63.11029349],[21.29293029,63.11043643],[21.29265155,63.11059588],[21.29238589,63.11076851],[21.2921346,63.11095185],[21.29190025,63.11114412],[21.29168692,63.11134417],[21.2914956,63.11155465],[21.2913283,63.11177003],[21.29127802,63.11184551],[21.29118311,63.11198799],[21.29106104,63.11220681],[21.29104154,63.11225949],[21.29097853,63.11242965],[21.29094805,63.11264727],[21.2909784,63.11284671],[21.29107734,63.11301516],[21.29122955,63.11313188],[21.2914286,63.11320465],[21.29165262,63.11322992],[21.29187046,63.11321422],[21.29205045,63.11316634],[21.29216366,63.11310361],[21.29220831,63.1130513],[21.292219,63.11303878],[21.29220985,63.11298452],[21.29227463,63.11295326],[21.29240417,63.11292919],[21.29244226,63.11292211],[21.29269625,63.11289553],[21.2930194,63.11288085],[21.29341397,63.11288445],[21.29432008,63.11292084],[21.29453542,63.11292341],[21.29480812,63.11292666],[21.29538024,63.11290218],[21.2958929,63.11285707],[21.29594355,63.11285262],[21.29696647,63.11274632],[21.29743316,63.11271654],[21.29834161,63.11267641],[21.29839022,63.11267426],[21.29886467,63.11264316],[21.29936178,63.11258975],[21.29983162,63.11251387],[21.30026043,63.11241371],[21.30063134,63.11228546],[21.30092849,63.11213007],[21.30102168,63.11206636],[21.30118203,63.11195675],[21.30100224,63.11191119]]],[[[21.22400483,63.17215377],[21.22382945,63.17212584],[21.22365748,63.17214475],[21.22349021,63.17220244],[21.22332608,63.17229457],[21.22318746,63.17241362],[21.22307969,63.1725501],[21.22299211,63.17273878],[21.22294282,63.17294096],[21.22289147,63.17334916],[21.22288686,63.17354778],[21.22290202,63.17365833],[21.22291385,63.1737446],[21.22297465,63.17392324],[21.22313079,63.17427972],[21.22318492,63.17446179],[21.2232006,63.17467846],[21.22317589,63.17490051],[21.22300838,63.17558367],[21.22296738,63.17581309],[21.22295802,63.17604161],[21.22299749,63.1762682],[21.2231037,63.17649966],[21.22326539,63.17672875],[21.22346821,63.17695622],[21.2237011,63.17718264],[21.22395561,63.17740845],[21.22422531,63.17763391],[21.2247918,63.17808413],[21.22649697,63.17939074],[21.22714969,63.1798736],[21.22730912,63.17996935],[21.22751608,63.18005691],[21.2277297,63.18010805],[21.22793522,63.18011552],[21.22814815,63.18006069],[21.22831015,63.17994729],[21.22840831,63.17978414],[21.22845026,63.17958572],[21.22845106,63.1793623],[21.22842216,63.17912148],[21.22837217,63.17886884],[21.22823254,63.17834309],[21.22797378,63.17753578],[21.22768235,63.17673409],[21.22745774,63.17621564],[21.22732689,63.17596577],[21.22717583,63.17572558],[21.2269957,63.17549891],[21.22677444,63.17529098],[21.22617316,63.17487086],[21.22596157,63.17470564],[21.2257571,63.17453136],[21.2253474,63.17415306],[21.22516451,63.1739592],[21.225028,63.17377627],[21.22495064,63.17360868],[21.22493562,63.17345663],[21.22496862,63.17333537],[21.22502815,63.1732535],[21.22509955,63.17321882],[21.2250743,63.17316722],[21.22498594,63.1730356],[21.22484697,63.17285178],[21.22478841,63.17278337],[21.22466861,63.1726434],[21.22446171,63.17243836],[21.2242369,63.17226525],[21.22400483,63.17215377]]],[[[21.40569937,63.16330367],[21.40534419,63.16326643],[21.40498456,63.16328581],[21.4046119,63.16334697],[21.40423277,63.16343631],[21.40385488,63.16354378],[21.40348621,63.16366179],[21.40320527,63.16376168],[21.40294713,63.16387408],[21.40266036,63.16404809],[21.40241713,63.16424918],[21.40220676,63.16446942],[21.40202213,63.16470279],[21.40185921,63.16494465],[21.40171673,63.16519131],[21.40159615,63.16543964],[21.40150175,63.16568673],[21.40144098,63.16592958],[21.40142498,63.16616484],[21.4014694,63.16638841],[21.40159535,63.16659518],[21.40171926,63.16670865],[21.40187812,63.16681324],[21.40221421,63.16697013],[21.40261014,63.16710901],[21.4030398,63.16723796],[21.40416261,63.16756134],[21.40450567,63.16765395],[21.40483462,63.16773225],[21.4051431,63.16779002],[21.40542353,63.16781947],[21.40566674,63.16781086],[21.4058944,63.16774419],[21.40608079,63.16762882],[21.40624753,63.16748009],[21.4066058,63.16713235],[21.40706448,63.16677728],[21.4072924,63.16658726],[21.40750061,63.1663675],[21.40770842,63.16610192],[21.40836047,63.16517905],[21.40851239,63.16498608],[21.40859215,63.16488477],[21.40883066,63.16462378],[21.40907109,63.16441079],[21.40929198,63.16426125],[21.40946819,63.1641749],[21.40956944,63.16415975],[21.40951518,63.16413168],[21.40933091,63.16407175],[21.40903568,63.16399363],[21.40860725,63.16390161],[21.40776581,63.16374663],[21.40755468,63.16370774],[21.4070081,63.16359946],[21.40609564,63.16338473],[21.40569937,63.16330367]]],[[[21.37313848,63.1621385],[21.37289143,63.16207387],[21.37263023,63.16206408],[21.37244386,63.16209607],[21.37227972,63.16215935],[21.37210414,63.16229043],[21.37197419,63.1624578],[21.37187172,63.1626468],[21.37168577,63.16304117],[21.37157268,63.16322461],[21.37137028,63.16346987],[21.37129642,63.16358775],[21.37126788,63.16370006],[21.37127931,63.16381258],[21.37132925,63.16392105],[21.37145417,63.16406141],[21.37160007,63.16419408],[21.37171377,63.16432751],[21.37174753,63.16446953],[21.37167661,63.16460822],[21.37153173,63.16471367],[21.37132886,63.16481549],[21.37084616,63.16503868],[21.37059226,63.16518493],[21.37036054,63.16535052],[21.37014211,63.16554818],[21.36995679,63.16575911],[21.36980273,63.16597818],[21.36968032,63.16620091],[21.3695924,63.16642318],[21.36954437,63.16664091],[21.36954443,63.16684983],[21.3695848,63.1670202],[21.36963733,63.16718425],[21.36967036,63.16734549],[21.36965548,63.16750922],[21.36958283,63.1676689],[21.36944882,63.16782634],[21.36907868,63.16818238],[21.36867072,63.16861496],[21.36826947,63.16908116],[21.36807733,63.16932144],[21.36789553,63.16956443],[21.36772951,63.16980885],[21.36758714,63.17005347],[21.3674936,63.17030559],[21.36750268,63.17057919],[21.36763137,63.1708574],[21.36787568,63.17112584],[21.36822475,63.17136865],[21.36862209,63.17156006],[21.36892126,63.17167028],[21.36904886,63.17171729],[21.36945965,63.1718399],[21.36981007,63.17192712],[21.37005617,63.1719779],[21.37015453,63.17199054],[21.37022851,63.17196776],[21.37044407,63.17193329],[21.37077037,63.17188895],[21.37166247,63.17177964],[21.37217395,63.17170288],[21.37247852,63.17163819],[21.37260839,63.17161061],[21.37302327,63.17149291],[21.37340152,63.17135369],[21.37372603,63.17119787],[21.37400499,63.17101244],[21.37418683,63.17082478],[21.37429568,63.17063578],[21.37436554,63.17042004],[21.37446185,63.17003603],[21.37464343,63.16952273],[21.37469974,63.16933825],[21.3747276,63.16915221],[21.37470632,63.16891859],[21.37463603,63.16868157],[21.37453386,63.16844203],[21.37417102,63.16771389],[21.37407136,63.16746919],[21.37400453,63.16724163],[21.37396383,63.16701501],[21.37394986,63.16679085],[21.37396481,63.16657083],[21.37401251,63.16635688],[21.37422654,63.16580878],[21.37426492,63.16560456],[21.37429399,63.16519072],[21.37433544,63.16483584],[21.37434367,63.16465957],[21.37432574,63.16448491],[21.37426594,63.1643002],[21.37417056,63.16411964],[21.37404942,63.16394489],[21.37378578,63.16361313],[21.37368763,63.16344781],[21.37363417,63.16326226],[21.37362037,63.1630739],[21.37361308,63.1627035],[21.37357036,63.16253024],[21.37347468,63.16237436],[21.37332856,63.16224074],[21.37313848,63.1621385]]],[[[21.14630429,63.1839309],[21.14614464,63.18386773],[21.14592161,63.18387365],[21.14565041,63.18393978],[21.1453441,63.18405009],[21.14501301,63.18419247],[21.14466543,63.1843579],[21.14430817,63.18453987],[21.1439472,63.1847338],[21.14358809,63.18493666],[21.14323655,63.18514669],[21.14289894,63.18536311],[21.14258276,63.18558604],[21.14229724,63.18581639],[21.14205376,63.18605027],[21.1418392,63.18628935],[21.14164405,63.1865305],[21.14110201,63.18723648],[21.14091598,63.18745459],[21.14071846,63.18765677],[21.14050433,63.18783705],[21.14004388,63.18815358],[21.13990184,63.18829487],[21.13982606,63.18843388],[21.13982617,63.18856107],[21.13991717,63.188666],[21.14009012,63.18873632],[21.14032925,63.18879039],[21.14091176,63.18889615],[21.14121304,63.18897132],[21.14150457,63.18907805],[21.14177192,63.18921148],[21.14201105,63.18936619],[21.14221632,63.18953802],[21.14238005,63.18972391],[21.14250557,63.18994236],[21.14258228,63.19016993],[21.14262106,63.19040197],[21.14262996,63.19063429],[21.14261471,63.19086281],[21.14254307,63.19124909],[21.14252255,63.1914122],[21.14254322,63.19159971],[21.14260155,63.19178991],[21.142763,63.19217685],[21.14283231,63.19237325],[21.14295392,63.19286058],[21.1430545,63.19312069],[21.14319447,63.19340998],[21.14336564,63.19371259],[21.14336676,63.19371458],[21.1435643,63.19402063],[21.14377995,63.19431435],[21.14400618,63.19458219],[21.14423424,63.19481102],[21.14445256,63.19498853],[21.14460555,63.19508564],[21.14472315,63.19514157],[21.14478928,63.19515288],[21.14484652,63.19511815],[21.14502757,63.19505922],[21.14530873,63.19498079],[21.14566779,63.19488975],[21.14608296,63.19479368],[21.14694553,63.19460877],[21.14735703,63.19450475],[21.14771703,63.19438121],[21.14804446,63.19420177],[21.14826462,63.19399719],[21.14838823,63.19378444],[21.14847002,63.19356174],[21.14868242,63.19284613],[21.14877233,63.19260201],[21.14888634,63.19235865],[21.14902412,63.19212722],[21.1491834,63.1918975],[21.14971058,63.19121358],[21.14987854,63.19098571],[21.15002982,63.19075704],[21.15015525,63.19052696],[21.15024388,63.19029477],[21.15028804,63.19005008],[21.15029155,63.189803],[21.15026503,63.18955415],[21.15021647,63.18930402],[21.15007501,63.18880147],[21.14989549,63.18829815],[21.14968653,63.18779719],[21.14956922,63.187549],[21.14944031,63.18730343],[21.149296,63.18706168],[21.14913106,63.18682531],[21.14893852,63.18659638],[21.14870938,63.18637755],[21.14844978,63.18617901],[21.14816412,63.1859884],[21.14758052,63.18561565],[21.147315,63.18542669],[21.14709011,63.18523175],[21.14691362,63.18502139],[21.14678332,63.18480712],[21.1465162,63.18420722],[21.14643672,63.18407271],[21.14642286,63.18404924],[21.14630429,63.1839309]]],[[[21.39106672,63.16635355],[21.3912715,63.16635932],[21.39158911,63.16638091],[21.39199693,63.16641746],[21.39325574,63.16655603],[21.39395042,63.16662724],[21.39464174,63.1666784],[21.39529429,63.16669176],[21.39579785,63.16666134],[21.39622029,63.16659194],[21.39655348,63.16648734],[21.39686088,63.16633994],[21.39712717,63.16616513],[21.39736233,63.16597073],[21.39757322,63.16576239],[21.39776425,63.16554417],[21.39793778,63.16531895],[21.39809447,63.16508874],[21.39823351,63.16485492],[21.3983477,63.16463197],[21.39853714,63.16418449],[21.39874806,63.1635686],[21.39881471,63.16339721],[21.39890375,63.16323001],[21.39907824,63.16300917],[21.39930601,63.16279724],[21.39957635,63.16259444],[21.39988206,63.16240193],[21.40021913,63.16222194],[21.40058647,63.16205787],[21.40098582,63.16191461],[21.40142176,63.16179872],[21.4019119,63.16171357],[21.40243616,63.16165644],[21.40298489,63.1616195],[21.40355061,63.1615967],[21.40412739,63.16158324],[21.40587732,63.16156268],[21.40645217,63.16155177],[21.40701389,63.16153313],[21.40755511,63.16150241],[21.40806625,63.16145415],[21.40853467,63.16138134],[21.40857961,63.16136966],[21.40894378,63.161275],[21.40928367,63.16112585],[21.40933314,63.16109312],[21.40955972,63.1609432],[21.40978546,63.16073726],[21.40996923,63.1605163],[21.41011464,63.16028728],[21.41022064,63.16005636],[21.41028142,63.15982944],[21.41028595,63.15961269],[21.41021726,63.15941301],[21.41005144,63.15923855],[21.40979734,63.15910665],[21.40946292,63.15899645],[21.40907041,63.15890158],[21.40863769,63.15881661],[21.4072335,63.15857506],[21.40676688,63.15848429],[21.40631796,63.15838038],[21.40620277,63.15834671],[21.40589757,63.15825749],[21.40548115,63.15809701],[21.40510051,63.1579141],[21.40474529,63.15771558],[21.40440679,63.15750717],[21.40375023,63.15708067],[21.40356424,63.156964],[21.40341818,63.15687238],[21.40307378,63.15667468],[21.40270837,63.15649431],[21.4023116,63.15633967],[21.40190531,63.15622583],[21.401471,63.15614237],[21.4010172,63.15609023],[21.400551,63.15607268],[21.400064,63.15609332],[21.39957142,63.1561446],[21.39907381,63.15621681],[21.39857105,63.15630209],[21.39754685,63.15648657],[21.39706006,63.15656993],[21.39558104,63.156811],[21.39460449,63.15698057],[21.39412722,63.15707444],[21.39366178,63.15717828],[21.39318601,63.15730134],[21.39272364,63.15743576],[21.39227109,63.15757843],[21.39182546,63.15772693],[21.38963136,63.15850069],[21.38874018,63.15880295],[21.38828509,63.15894796],[21.38780136,63.15909344],[21.38731055,63.15923418],[21.38532917,63.15977945],[21.38484395,63.15991857],[21.38437076,63.16006228],[21.38391562,63.16021304],[21.38348638,63.16037396],[21.38309332,63.16054901],[21.38275672,63.16073447],[21.3824571,63.16093354],[21.38218832,63.16114293],[21.38194692,63.16136018],[21.38173198,63.16158356],[21.38154508,63.1618119],[21.3813903,63.16204456],[21.38127442,63.16228135],[21.38120682,63.16250045],[21.38116449,63.16272222],[21.38110295,63.16317103],[21.3810011,63.1636606],[21.38064725,63.16489074],[21.38058409,63.16513696],[21.38053248,63.16538317],[21.38049791,63.16562937],[21.38048715,63.16587556],[21.38050691,63.16613216],[21.38055245,63.1663888],[21.38061644,63.16664551],[21.38077767,63.16715919],[21.38112449,63.16818688],[21.38119704,63.16844322],[21.38125663,63.16869879],[21.38129853,63.16895308],[21.38131703,63.16920535],[21.3813087,63.16946048],[21.381262,63.16995536],[21.38125624,63.17019064],[21.38128625,63.17041343],[21.38137376,63.17061902],[21.38154508,63.17080123],[21.38170459,63.17089149],[21.38180523,63.17094844],[21.38214177,63.17107494],[21.38253069,63.17118702],[21.38295154,63.17128994],[21.3832844,63.1713654],[21.38660098,63.17040676],[21.38739671,63.17017673],[21.39792785,63.16944386],[21.3979157,63.16944254],[21.3973609,63.1693946],[21.39679605,63.169354],[21.39450192,63.16922054],[21.39336796,63.16914567],[21.39281367,63.16909882],[21.39227339,63.16904148],[21.39192373,63.16899288],[21.39175319,63.16896918],[21.39126139,63.16887597],[21.3907988,63.16875464],[21.3903719,63.168611],[21.38997891,63.16845087],[21.38962206,63.16827891],[21.38931612,63.16809096],[21.3891039,63.16787192],[21.38901721,63.16763342],[21.38908437,63.16738851],[21.38929743,63.16716202],[21.38961418,63.16694902],[21.38998312,63.16675738],[21.3903546,63.16659508],[21.39068006,63.16647021],[21.39091106,63.16639112],[21.39099831,63.16636685],[21.39106672,63.16635355]]],[[[21.16714147,63.23686185],[21.1870625,63.22768788],[21.19819607,63.23457483],[21.24811394,63.21218804],[21.24886709,63.21093623],[21.24983452,63.20906135],[21.250843,63.20658835],[21.2515035,63.20556813],[21.25210777,63.20539578],[21.27718734,63.19484874],[21.27976024,63.19196336],[21.28008512,63.19183773],[21.28551584,63.18876389],[21.29384942,63.18826657],[21.29515246,63.18738194],[21.29635146,63.18656787],[21.30695106,63.18365524],[21.30700298,63.18357439],[21.3159028,63.18097992],[21.31635061,63.18068863],[21.31484999,63.18033858],[21.31378918,63.18009814],[21.31272259,63.17986376],[21.3106278,63.17942157],[21.31013566,63.17930751],[21.30967233,63.17918658],[21.30925104,63.17905517],[21.30888921,63.17890881],[21.30860959,63.17874185],[21.30842885,63.17854677],[21.30833496,63.17833141],[21.30830694,63.17810262],[21.30833015,63.17786634],[21.30839547,63.17762799],[21.30849871,63.17739292],[21.3086403,63.17716693],[21.30882527,63.17695671],[21.30906353,63.17677036],[21.30937032,63.17661803],[21.30975283,63.17650902],[21.31019969,63.17643398],[21.31069309,63.17638394],[21.31121962,63.17635203],[21.31176924,63.17633309],[21.31233461,63.17632324],[21.3129104,63.17631968],[21.31407922,63.17632381],[21.319961,63.17639039],[21.32171047,63.17639867],[21.32228945,63.17639546],[21.32286474,63.1763868],[21.32296706,63.17638385],[21.32343475,63.17637036],[21.32399727,63.17634294],[21.3245493,63.17630032],[21.3250522,63.17624097],[21.32508683,63.17623689],[21.32560077,63.17614928],[21.32610043,63.17604125],[21.32658958,63.17591822],[21.32707088,63.17578424],[21.32754599,63.17564235],[21.32847962,63.17534267],[21.32938436,63.17502843],[21.3298188,63.17486634],[21.33023431,63.1747002],[21.33062292,63.17452879],[21.33097376,63.1743503],[21.33117069,63.17422621],[21.33127228,63.1741622],[21.33149939,63.17396112],[21.33164074,63.17374185],[21.33170921,63.17350946],[21.33172434,63.17326755],[21.3317008,63.17301897],[21.33164931,63.17276596],[21.33157738,63.17251038],[21.33148986,63.17225387],[21.3313893,63.17199799],[21.33127617,63.17174444],[21.33114895,63.17149518],[21.33105287,63.17133442],[21.331004,63.17125265],[21.33083532,63.17102001],[21.33063419,63.17080134],[21.33038857,63.170602],[21.33008243,63.17042892],[21.32973078,63.17029628],[21.32932613,63.17018643],[21.32888254,63.1700931],[21.32841127,63.17001115],[21.32792141,63.16993629],[21.32641118,63.16971846],[21.32591481,63.16963673],[21.32539473,63.16953752],[21.32489519,63.16942652],[21.32442219,63.16930359],[21.32398403,63.16916756],[21.3235919,63.16901621],[21.32326064,63.1688461],[21.32300721,63.16866034],[21.32280432,63.16846031],[21.32246498,63.16804514],[21.32229001,63.16784303],[21.32208614,63.16765351],[21.32183281,63.16748409],[21.32150542,63.16733611],[21.32112943,63.16720738],[21.32033394,63.16696772],[21.31996483,63.16683746],[21.3196513,63.1666865],[21.31942584,63.16651616],[21.31926273,63.16632368],[21.31914942,63.16611494],[21.31907735,63.16589472],[21.31904158,63.16566693],[21.31904056,63.16543486],[21.31907605,63.16520141],[21.31915323,63.16496927],[21.31928091,63.16474115],[21.319468,63.16451746],[21.31970313,63.16429923],[21.31997387,63.16408528],[21.32027085,63.16387467],[21.32058719,63.16366674],[21.32125983,63.16325737],[21.32196941,63.16285604],[21.32271017,63.16246488],[21.3230936,63.16227478],[21.32466715,63.16154477],[21.3250368,63.16136326],[21.32537919,63.16117948],[21.3256815,63.16099205],[21.32592727,63.16079949],[21.32609539,63.16060011],[21.32616922,63.16038716],[21.32615778,63.16017009],[21.32607954,63.15995404],[21.32594691,63.15974465],[21.32576696,63.15954845],[21.32554183,63.15937334],[21.32526899,63.1592292],[21.32494117,63.15912849],[21.3245399,63.1590806],[21.32408712,63.15907911],[21.32359768,63.15911147],[21.32308265,63.15916816],[21.32255015,63.15924207],[21.32200607,63.15932796],[21.32089867,63.15952149],[21.31699045,63.16025593],[21.31588463,63.16045135],[21.31533581,63.16054011],[21.31479092,63.16061926],[21.31425132,63.16068477],[21.31371886,63.16073116],[21.31319606,63.16075114],[21.31268625,63.16073507],[21.31219251,63.16067535],[21.31171127,63.16058037],[21.31123872,63.16046056],[21.31077172,63.16032425],[21.30937806,63.15988065],[21.30890761,63.15974005],[21.30842936,63.15961296],[21.30793954,63.15950668],[21.30743338,63.1594301],[21.30692066,63.15939089],[21.30639205,63.15938054],[21.30585175,63.15939124],[21.305303,63.15941675],[21.30474833,63.15945205],[21.30306706,63.15957709],[21.30250573,63.15961306],[21.30194625,63.15963958],[21.30139022,63.15965166],[21.30083961,63.1596431],[21.30034909,63.15961311],[21.29986531,63.15956411],[21.29938914,63.15949901],[21.29892203,63.15941958],[21.29846614,63.15932653],[21.29802448,63.15921957],[21.297601,63.1590974],[21.29716509,63.15894634],[21.29674966,63.15877997],[21.29634921,63.15860252],[21.29595944,63.15841733],[21.295577,63.15822705],[21.29407352,63.15745827],[21.29369485,63.1572754],[21.29331133,63.15710223],[21.29292065,63.15694325],[21.29283171,63.15691241],[21.29251997,63.15680432],[21.29210579,63.15669314],[21.2916737,63.15661969],[21.29123556,63.15659249],[21.29078374,63.15660244],[21.29032579,63.15664193],[21.28986901,63.15670569],[21.28942091,63.15679045],[21.28898968,63.1568948],[21.28898132,63.15689736],[21.28858471,63.15701899],[21.28821706,63.15716487],[21.28787917,63.15734298],[21.28758021,63.15753889],[21.28677743,63.15814857],[21.28649917,63.1583316],[21.28619361,63.15848892],[21.28584506,63.15860861],[21.28543823,63.15868156],[21.28498453,63.15871489],[21.28449616,63.15871894],[21.28398249,63.15870163],[21.28345063,63.15866897],[21.28290591,63.15862542],[21.28235225,63.15857428],[21.28066247,63.15839604],[21.27611322,63.15788305],[21.27498044,63.15776567],[21.27441638,63.15771321],[21.27385479,63.15766753],[21.27329673,63.15763155],[21.27274363,63.15760925],[21.27219746,63.15760589],[21.27166082,63.15762846],[21.27113537,63.15768269],[21.27061976,63.15776303],[21.27011171,63.15786268],[21.26960975,63.15797656],[21.26911309,63.15810106],[21.26862166,63.15823372],[21.26813611,63.1583731],[21.26765784,63.15851865],[21.26718915,63.1586706],[21.26673344,63.15883],[21.26629537,63.1589987],[21.26588555,63.15917537],[21.26549388,63.15936084],[21.26511697,63.15955306],[21.26475287,63.15975062],[21.26440098,63.1599527],[21.26406202,63.160159],[21.2637381,63.16036973],[21.2634328,63.16058556],[21.2631514,63.16080765],[21.26289287,63.16104218],[21.26265835,63.16128289],[21.26244135,63.16152817],[21.26204131,63.16202777],[21.26111434,63.16329684],[21.26073421,63.16379863],[21.26053342,63.16404375],[21.26032061,63.1642821],[21.26009053,63.16451042],[21.25983615,63.16472425],[21.25954817,63.16491757],[21.25921434,63.16508233],[21.2588347,63.16520803],[21.25841224,63.16529874],[21.25795977,63.16535393],[21.25748753,63.16537016],[21.25698568,63.16534298],[21.25647519,63.16528067],[21.25595847,63.16519396],[21.255437,63.16509134],[21.25384892,63.16475315],[21.25331088,63.16464929],[21.25276718,63.16455979],[21.25222906,63.16449121],[21.25191324,63.16446154],[21.25169085,63.16444064],[21.25115936,63.16440676],[21.25064229,63.16438976],[21.25014877,63.16439145],[21.24969004,63.16441539],[21.24928018,63.16446716],[21.24893693,63.16455463],[21.24868906,63.16467314],[21.24849045,63.16481897],[21.24814407,63.16515042],[21.24798386,63.16528822],[21.24795009,63.16531726],[21.24771035,63.16547283],[21.24738429,63.16561838],[21.24699608,63.16574597],[21.24656164,63.16586014],[21.24609355,63.1659646],[21.24560178,63.16606245],[21.24353865,63.16643865],[21.24302663,63.16654144],[21.24252676,63.16665372],[21.24204534,63.16677961],[21.24158742,63.16692228],[21.24114902,63.16707892],[21.24072507,63.16724582],[21.2403116,63.16742014],[21.23950427,63.16778264],[21.23831084,63.1683398],[21.23750734,63.16870777],[21.23709785,63.16888751],[21.2366801,63.16906259],[21.23625105,63.16923122],[21.23580693,63.16939115],[21.23535915,63.16953624],[21.23489777,63.16967329],[21.23442708,63.16980466],[21.23252818,63.17031006],[21.23207087,63.17043998],[21.23163208,63.1705753],[21.2312203,63.17071867],[21.23084652,63.17087342],[21.23052491,63.17104376],[21.23026988,63.17123194],[21.23007686,63.1714361],[21.22994294,63.17165268],[21.22986651,63.17187727],[21.2298349,63.1721089],[21.22983672,63.17234554],[21.22986351,63.17258567],[21.22990917,63.17282809],[21.22996954,63.1730719],[21.23012575,63.17356103],[21.23022056,63.17380529],[21.23032782,63.17404874],[21.23059907,63.17456738],[21.23119676,63.17559777],[21.23146661,63.17611448],[21.23168754,63.17663841],[21.23187324,63.17716521],[21.23212079,63.17795796],[21.23290125,63.18060559],[21.23305038,63.18113383],[21.2331815,63.18165932],[21.23323368,63.18192012],[21.23327125,63.18217886],[21.23328802,63.1824347],[21.23327566,63.18268654],[21.23322317,63.18293291],[21.23311624,63.18317194],[21.23296602,63.18337795],[21.23277802,63.18357946],[21.23235921,63.18398093],[21.23216128,63.18418681],[21.23197532,63.18441812],[21.2318164,63.1846563],[21.23167798,63.1848996],[21.23144225,63.18539636],[21.23092264,63.18665747],[21.2308041,63.18690752],[21.23067093,63.18715507],[21.230517,63.18739904],[21.23033454,63.1876381],[21.23011656,63.18787215],[21.22987049,63.18810137],[21.2296049,63.18832724],[21.22847687,63.18921994],[21.2282069,63.1894455],[21.22795404,63.18967423],[21.22772618,63.18990759],[21.22753359,63.19014134],[21.22736594,63.19037973],[21.22721678,63.1906216],[21.22708106,63.19086608],[21.22683473,63.19136021],[21.2264874,63.19210794],[21.22624472,63.19260722],[21.2259696,63.1931043],[21.22580712,63.19335922],[21.2254484,63.19386644],[21.22486164,63.19462343],[21.22445077,63.19512229],[21.22423951,63.19536704],[21.22402317,63.19560603],[21.22380006,63.19583617],[21.22356774,63.19605315],[21.22332281,63.19625098],[21.22306072,63.1964216],[21.22277547,63.19655416],[21.22245934,63.19663441],[21.22213089,63.19665088],[21.22178291,63.19661706],[21.22143047,63.19654122],[21.22108837,63.19642844],[21.22075548,63.19627586],[21.22044433,63.19609583],[21.22015024,63.19589609],[21.21986985,63.1956824],[21.21960103,63.19545897],[21.21934287,63.19522877],[21.21909568,63.19499389],[21.21886107,63.19475568],[21.21864214,63.19451494],[21.21844372,63.19427206],[21.21827274,63.19402709],[21.21813863,63.19377979],[21.2180506,63.19353407],[21.21800066,63.19328747],[21.21798217,63.1930418],[21.21799132,63.19279899],[21.21802701,63.19256126],[21.21809079,63.19233133],[21.21818696,63.19211262],[21.2183228,63.19190947],[21.21850896,63.19172741],[21.21875988,63.19157348],[21.21907694,63.19145537],[21.21944811,63.19136095],[21.22067429,63.19112304],[21.22105462,63.19102878],[21.22138575,63.19091121],[21.22167093,63.19074779],[21.22188506,63.19055451],[21.22203971,63.19034057],[21.22214092,63.19011371],[21.22218928,63.18988074],[21.22217988,63.18964809],[21.22210189,63.18942235],[21.22193796,63.18921075],[21.22168356,63.18902533],[21.22135244,63.18885792],[21.22096547,63.18870694],[21.22053868,63.18857242],[21.22008436,63.18845611],[21.21970152,63.18837958],[21.21961201,63.18836168],[21.21912912,63.18829502],[21.21864191,63.18826459],[21.21813988,63.18827971],[21.21765181,63.18833938],[21.21719123,63.1884408],[21.21678294,63.18857672],[21.21640535,63.18874176],[21.21605141,63.18892787],[21.21571599,63.18912905],[21.21539567,63.18934092],[21.21508858,63.18956041],[21.21479435,63.18978542],[21.21451413,63.19001467],[21.21425068,63.19024751],[21.21400858,63.19048384],[21.21380063,63.19071409],[21.21361635,63.19094642],[21.2134557,63.19117962],[21.21332081,63.19141261],[21.21322941,63.19161509],[21.21321618,63.19164441],[21.21314892,63.191874],[21.21312918,63.19210029],[21.21317054,63.19232202],[21.21328213,63.19253777],[21.21344562,63.1927498],[21.21383753,63.19317105],[21.21402388,63.19338436],[21.21417539,63.19360239],[21.21427513,63.19382882],[21.21432496,63.19406024],[21.21433113,63.19429458],[21.21429669,63.19452997],[21.21422149,63.19476458],[21.21410219,63.19499655],[21.21392516,63.19523734],[21.21370658,63.19547426],[21.2134581,63.19570838],[21.21318849,63.19594054],[21.21290427,63.19617139],[21.21230974,63.19663101],[21.21108143,63.19754859],[21.21014965,63.198234],[21.20951665,63.19868166],[21.20919161,63.19889858],[21.20885695,63.19910761],[21.20850836,63.1993051],[21.2081401,63.19948607],[21.20774456,63.19964387],[21.20731184,63.1997697],[21.20684443,63.19985494],[21.20634164,63.19990904],[21.20581346,63.19993998],[21.20526803,63.19995362],[21.20471223,63.19995407],[21.20415226,63.19994389],[21.20359419,63.19992432],[21.20304457,63.19989532],[21.20251106,63.1998556],[21.20200307,63.19980253],[21.20153264,63.19973194],[21.20111528,63.19963793],[21.20077107,63.19951248],[21.20052303,63.19935454],[21.20034698,63.19916712],[21.20022727,63.19895805],[21.20015288,63.19873345],[21.20011683,63.19849809],[21.20011573,63.1982558],[21.2001484,63.19800509],[21.20020802,63.19775289],[21.20028818,63.19750147],[21.20038494,63.19725318],[21.20049646,63.19701067],[21.20062293,63.19677714],[21.20076655,63.1965567],[21.20093164,63.19635462],[21.20112492,63.19617781],[21.20135587,63.19603518],[21.20163725,63.19593823],[21.2019733,63.19589557],[21.20235874,63.19589241],[21.20370578,63.19596465],[21.20418986,63.19597134],[21.20467905,63.19595953],[21.20516265,63.19592861],[21.20562957,63.19587658],[21.20606745,63.19579992],[21.20646196,63.19569325],[21.20679487,63.19555562],[21.20687876,63.19550759],[21.20708281,63.19539075],[21.20733584,63.19520542],[21.20756146,63.19500485],[21.20776496,63.19479303],[21.20794971,63.1945729],[21.2081173,63.19434662],[21.20826769,63.19411566],[21.20839926,63.19388098],[21.20850871,63.19364309],[21.20859944,63.193382],[21.20866702,63.1931185],[21.20875774,63.19258748],[21.20881608,63.1920542],[21.20887994,63.19125374],[21.20893113,63.19045391],[21.20895299,63.18992093],[21.2089505,63.18938802],[21.20893281,63.18912162],[21.20889995,63.18885502],[21.20879959,63.18832173],[21.20873268,63.1880494],[21.20866853,63.18778827],[21.20851144,63.18725593],[21.2084202,63.18699127],[21.20831657,63.18672871],[21.20819569,63.18646956],[21.20805072,63.18621569],[21.20787242,63.18596969],[21.20785255,63.18594838],[21.20766095,63.18574292],[21.20741297,63.18552798],[21.2071313,63.18532735],[21.2068158,63.18514495],[21.20646337,63.18498648],[21.20606781,63.18485973],[21.20561494,63.18476995],[21.20512319,63.18471433],[21.20460548,63.18468612],[21.20407262,63.18468115],[21.20353415,63.18469762],[21.20299905,63.18473595],[21.20247656,63.18479879],[21.20201164,63.18488133],[21.2015683,63.18498411],[21.20115015,63.18510377],[21.20076272,63.18523834],[21.20041384,63.18538717],[21.20011415,63.18555082],[21.19987757,63.18573108],[21.19970117,63.1859511],[21.19959394,63.18618803],[21.19953122,63.18643623],[21.1994566,63.18694842],[21.1994068,63.18720448],[21.19932271,63.18745517],[21.1992087,63.18766442],[21.1990565,63.18786395],[21.19886791,63.18805076],[21.19864245,63.18822091],[21.19837728,63.18836923],[21.19806705,63.1884891],[21.19785139,63.18853931],[21.19766539,63.1885826],[21.1972169,63.18864024],[21.19673686,63.18866883],[21.19623805,63.18867264],[21.19573155,63.18865358],[21.19522763,63.18861135],[21.19473642,63.18854347],[21.19426478,63.18844629],[21.19382244,63.18832219],[21.1934167,63.18817282],[21.19306797,63.1880078],[21.19274761,63.18782735],[21.19183854,63.1872587],[21.1915151,63.18707997],[21.19147703,63.18706246],[21.19116099,63.18691707],[21.19072962,63.18676349],[21.1902581,63.18663069],[21.18975697,63.18651352],[21.18923424,63.1864081],[21.18869586,63.18631165],[21.18814619,63.18622231],[21.1875883,63.18613899],[21.18737496,63.18610963],[21.18702421,63.18606135],[21.18645511,63.18598971],[21.18588149,63.18592507],[21.18530322,63.18586918],[21.18473698,63.1858247],[21.18416717,63.18578801],[21.18359491,63.18575693],[21.18187016,63.18568269],[21.17494765,63.18542511],[21.17379835,63.18538578],[21.17265951,63.18535898],[21.17209762,63.18535478],[21.17154383,63.1853605],[21.17100148,63.18538025],[21.17047501,63.18541945],[21.16997023,63.18548524],[21.16948641,63.18558466],[21.16902464,63.1857112],[21.16857884,63.18585748],[21.16814439,63.18601794],[21.16771786,63.18618838],[21.16687924,63.18654768],[21.16605127,63.18691977],[21.16482532,63.18748769],[21.16403042,63.18787183],[21.16364711,63.18806691],[21.1632791,63.1882653],[21.1629328,63.18846849],[21.16261674,63.18867844],[21.16234215,63.18889778],[21.1621212,63.18912502],[21.16194074,63.18936146],[21.16179009,63.18960465],[21.16166106,63.18985273],[21.16154744,63.19010427],[21.1613488,63.1906137],[21.16089505,63.19189488],[21.16068524,63.1923986],[21.16056224,63.19264525],[21.16042032,63.19288649],[21.16025225,63.19312028],[21.16004854,63.19334396],[21.15979686,63.19355407],[21.1595288,63.19372498],[21.15922517,63.19388632],[21.15889739,63.19404183],[21.15786502,63.19450669],[21.15749614,63.19468949],[21.15713929,63.19487946],[21.15679222,63.19507509],[21.1561216,63.19547894],[21.15547918,63.19589525],[21.15517017,63.19610739],[21.15487194,63.19632225],[21.15458787,63.19654011],[21.15432097,63.19676145],[21.15407115,63.19698485],[21.15383827,63.19720897],[21.15362409,63.19743246],[21.1534325,63.19765386],[21.1532699,63.19787152],[21.15314571,63.19808341],[21.15307297,63.19828705],[21.15306919,63.19847932],[21.15315731,63.19865629],[21.15334049,63.19880603],[21.15360285,63.19894324],[21.15392125,63.19907256],[21.15427627,63.19919818],[21.15503083,63.19945434],[21.15540095,63.1995932],[21.15574708,63.19974546],[21.15608575,63.19993176],[21.15638821,63.20013525],[21.15666327,63.20035159],[21.15691786,63.20057744],[21.15715729,63.20081026],[21.15760528,63.20128982],[21.15802563,63.20178057],[21.15842118,63.20227776],[21.15860619,63.20252806],[21.1587784,63.20277931],[21.15893261,63.20303141],[21.15906156,63.20328425],[21.15915539,63.20353761],[21.15920208,63.20376832],[21.15921287,63.20399759],[21.15918909,63.20422352],[21.15912932,63.20444382],[21.15902929,63.20465562],[21.15888163,63.20485528],[21.15867555,63.20503819],[21.15836281,63.20521989],[21.1579832,63.20537753],[21.1575577,63.20551359],[21.15710309,63.2056282],[21.15663322,63.20571911],[21.15616009,63.20578139],[21.15569487,63.20580713],[21.15524882,63.20578494],[21.15484928,63.20571023],[21.15447194,63.20559243],[21.15411176,63.20544284],[21.15376482,63.20527009],[21.15342814,63.20508064],[21.1530996,63.20487927],[21.15277777,63.20466943],[21.15215159,63.2042333],[21.15155,63.2037835],[21.15126101,63.2035549],[21.15098249,63.20332401],[21.15071705,63.20309216],[21.14995633,63.20240333],[21.14970156,63.20218444],[21.1494394,63.20197685],[21.14916498,63.20178574],[21.14887247,63.20161796],[21.14855465,63.20148246],[21.14820256,63.20139089],[21.14782078,63.20135322],[21.14740874,63.20135872],[21.14697746,63.20139797],[21.14653682,63.20146427],[21.14609628,63.20155323],[21.14566544,63.20166258],[21.14525475,63.20179196],[21.14487616,63.20194286],[21.14453067,63.20212189],[21.14433909,63.20224628],[21.14422504,63.20232033],[21.14395326,63.20253303],[21.14371224,63.20275623],[21.14350176,63.20298728],[21.14332451,63.2032244],[21.14318627,63.20346651],[21.14309242,63.20371381],[21.14303908,63.20396349],[21.1430217,63.20421368],[21.1430391,63.20446267],[21.14309331,63.20470871],[21.14318973,63.20494993],[21.14333724,63.20518415],[21.14353419,63.20540147],[21.14377352,63.20561186],[21.14399984,63.20578521],[21.14404119,63.20581688],[21.14489663,63.20641018],[21.14516196,63.20660282],[21.14539672,63.20679338],[21.14558541,63.2069819],[21.1457091,63.20716824],[21.14574432,63.20735209],[21.14567518,63.20752965],[21.1455211,63.20770545],[21.14530481,63.20788049],[21.14504479,63.20805573],[21.14414467,63.20859351],[21.14384373,63.20878125],[21.14356045,63.2089762],[21.1432811,63.20919869],[21.14302831,63.20942971],[21.14279559,63.20966702],[21.14257781,63.20990891],[21.14217199,63.21040159],[21.14178889,63.2109009],[21.14141662,63.21140308],[21.14069291,63.21240732],[21.14035464,63.21290467],[21.14019988,63.21315039],[21.14006099,63.21339297],[21.13994501,63.21363112],[21.13986144,63.21386313],[21.13982296,63.21408674],[21.13984629,63.21429897],[21.13995314,63.21449602],[21.14015835,63.21467488],[21.14043628,63.21484243],[21.14108257,63.21517484],[21.14139295,63.21535531],[21.14166873,63.21555901],[21.14190462,63.21577918],[21.14210734,63.2160116],[21.14228106,63.21625304],[21.1424274,63.21650106],[21.14254544,63.21675388],[21.14263154,63.21701018],[21.14267911,63.2172691],[21.14268271,63.21752892],[21.14265098,63.21779009],[21.14259361,63.21805215],[21.14251791,63.21831475],[21.1424293,63.21857767],[21.14222828,63.2191039],[21.14157176,63.22068274],[21.1413674,63.22120936],[21.14119325,63.22173678],[21.14112621,63.22200097],[21.14107968,63.22226561],[21.14105855,63.22253062],[21.14105932,63.22279594],[21.14107789,63.22306129],[21.14111203,63.22332636],[21.14116121,63.22359076],[21.14122667,63.223854],[21.1413115,63.22411541],[21.14140984,63.22435364],[21.14152738,63.22458914],[21.14166426,63.2248212],[21.14182232,63.22504885],[21.14200525,63.22527069],[21.14221873,63.22548489],[21.1424707,63.22568907],[21.1427955,63.22589791],[21.14316168,63.22609566],[21.14355558,63.22628587],[21.14479416,63.22683892],[21.14519214,63.22702546],[21.14556388,63.22721724],[21.14589496,63.22741727],[21.14616732,63.22762917],[21.14636669,63.22785668],[21.14650313,63.2280961],[21.14659047,63.22834372],[21.14663781,63.22859648],[21.14664995,63.22885173],[21.14662767,63.22910706],[21.14656778,63.22936005],[21.14646292,63.22960811],[21.14630117,63.22984828],[21.14609108,63.23006189],[21.14583334,63.23026794],[21.14554025,63.23046819],[21.14522118,63.23066399],[21.1448831,63.23085632],[21.14453105,63.23104584],[21.14416855,63.23123297],[21.14342022,63.23160046],[21.14264473,63.23195744],[21.14224537,63.23213059],[21.14138531,63.23247931],[21.13964709,63.23316015],[21.13922871,63.23333455],[21.13882579,63.23351379],[21.13844487,63.23370008],[21.13809432,63.23389619],[21.13779441,63.2340947],[21.13752311,63.23430245],[21.13727367,63.23451717],[21.13704104,63.23473712],[21.13684839,63.23493373],[21.13682168,63.23496099],[21.13641473,63.2354171],[21.13604763,63.23588138],[21.13588192,63.23611633],[21.1357318,63.23635341],[21.1355913,63.23660928],[21.13546737,63.23686725],[21.13535533,63.23712668],[21.13529129,63.2372922],[21.13515355,63.23764821],[21.13468671,63.23895585],[21.13448411,63.23947677],[21.13437211,63.23973591],[21.13424901,63.23999372],[21.13411072,63.24024969],[21.13395147,63.24050725],[21.13359067,63.24101733],[21.1329937,63.24177588],[21.13194873,63.24303395],[21.13129769,63.24378365],[21.13083447,63.2442764],[21.1305855,63.24451856],[21.13031866,63.2447564],[21.13006204,63.24496389],[21.12979008,63.24516758],[21.12950575,63.24536816],[21.12890754,63.24576142],[21.12823913,63.24616582],[21.12713341,63.24678887],[21.12411567,63.24842894],[21.12310618,63.24896865],[21.14171887,63.25626596],[21.15562066,63.2565461],[21.16271607,63.24889473],[21.16714147,63.23686185]]]]}},{"type":"Feature","id":"66100","properties":{"code":"66100","name_fi":"Maalahti","name_sv":"Malax","statistics_year":2024,"population":2078,"employed":967,"unemployed":40,"students":111,"average_income":1645,"employed_share":46.53512993262753,"unemployed_share":1.9249278152069296,"student_share":5.34167468719923},"geometry":{"type":"MultiPolygon","coordinates":[[[[21.48352973,63.0021823],[21.48420908,63.00163738],[21.48368464,63.00164068],[21.48253455,63.00190524],[21.48216439,63.00220032],[21.48236619,63.00251777],[21.48275361,63.00296155],[21.48328532,63.00319666],[21.48338207,63.00296232],[21.48331387,63.00276916],[21.48328872,63.0026253],[21.48352973,63.0021823]]],[[[21.37521245,62.99043697],[21.37491847,62.98992513],[21.37413214,62.98992947],[21.37324051,62.99007249],[21.37303671,62.99031441],[21.37250059,62.99065023],[21.3732664,62.99075225],[21.37437823,62.99068946],[21.37521245,62.99043697]]],[[[21.43922575,62.97905783],[21.43839452,62.97902503],[21.43736924,62.97946083],[21.43697639,62.97987396],[21.43734694,62.98012672],[21.43811034,62.97996634],[21.43932542,62.97963328],[21.43922575,62.97905783]]],[[[21.42032892,62.98097804],[21.41973723,62.9802402],[21.41919057,62.98036144],[21.41884708,62.98106224],[21.41886958,62.98149178],[21.41942972,62.98184736],[21.42020231,62.98163981],[21.42032892,62.98097804]]],[[[21.42246287,63.0075909],[21.42284282,63.00670101],[21.42214642,63.00705448],[21.42166706,63.00736891],[21.42009334,63.00792581],[21.42082579,63.00847869],[21.42147698,63.00836157],[21.42246287,63.0075909]]],[[[21.37070082,63.01564234],[21.36924678,63.01535568],[21.36793272,63.01564615],[21.36784496,63.01609989],[21.36841426,63.0164084],[21.36972158,63.01680352],[21.37051442,63.01660655],[21.37070082,63.01564234]]],[[[21.28096345,63.01824939],[21.27973384,63.01810426],[21.27819406,63.01847051],[21.27777984,63.01897768],[21.27833893,63.0193338],[21.27917107,63.01936756],[21.28058831,63.01909159],[21.28126811,63.01883335],[21.28096345,63.01824939]]],[[[21.43358499,63.00093395],[21.43272141,63.00051884],[21.4323011,63.00107376],[21.43175872,63.00171912],[21.43203917,63.0024446],[21.43327797,63.00254114],[21.43417307,63.00224308],[21.43428141,63.00167584],[21.43358499,63.00093395]]],[[[21.43063332,63.00377026],[21.43066486,63.0030571],[21.4294487,63.00339008],[21.42856713,63.00416491],[21.42795677,63.00461706],[21.42845418,63.00530349],[21.42952125,63.00520277],[21.43070577,63.00448752],[21.43063332,63.00377026]]],[[[21.36595058,63.01093735],[21.36586554,63.01007661],[21.36485616,63.01009344],[21.36336261,63.01066247],[21.36274265,63.01126641],[21.36259993,63.01200373],[21.36359841,63.01204364],[21.36528677,63.01176817],[21.36595058,63.01093735]]],[[[21.37937293,62.98243807],[21.37870134,62.9820112],[21.37694483,62.98199828],[21.37612016,62.98236546],[21.37536546,62.98302121],[21.37575482,62.9836083],[21.37684423,62.98382324],[21.37860736,62.98315056],[21.37937293,62.98243807]]],[[[21.284856,63.007499],[21.28363414,63.00678259],[21.28338177,63.00753451],[21.28308301,63.00852271],[21.28262264,63.00926619],[21.28200067,63.00976494],[21.28299414,63.01004339],[21.28437378,63.00995642],[21.28458906,63.00939354],[21.28470961,63.00877918],[21.28473545,63.00811335],[21.284856,63.007499]]],[[[21.36110139,63.01714504],[21.3592619,63.01690002],[21.35773098,63.01701026],[21.35800656,63.01753569],[21.35888435,63.01819952],[21.35952348,63.01879664],[21.36102153,63.01885654],[21.36251959,63.01891642],[21.3633894,63.01832246],[21.36252249,63.01760194],[21.36110139,63.01714504]]],[[[21.36710444,62.98171842],[21.36702445,62.9810484],[21.36524905,62.98102505],[21.36355357,62.9816717],[21.36250883,62.98220147],[21.3620384,62.98246843],[21.36198696,62.98327609],[21.36324296,62.9832787],[21.3647159,62.98324235],[21.36610888,62.98253596],[21.36710444,62.98171842]]],[[[21.33726733,63.02779317],[21.33660639,63.02730938],[21.33544946,63.02743441],[21.33429594,63.0281883],[21.33384745,63.02919913],[21.33263521,63.02960771],[21.3310483,63.03000122],[21.33056317,63.03055331],[21.33107709,63.03114553],[21.33261988,63.03097888],[21.33427308,63.03024507],[21.33525765,63.02971302],[21.33562883,63.02909919],[21.33637463,63.02850039],[21.33726733,63.02779317]]],[[[21.25014194,63.02455162],[21.24927167,63.02444469],[21.24868148,63.0247779],[21.24824733,63.02511746],[21.24845605,63.02538797],[21.24851806,63.02560486],[21.24762507,63.02587808],[21.24714822,63.02616827],[21.24684673,63.02663233],[21.2466446,63.02712426],[21.24710408,63.02745263],[21.24774299,63.02766923],[21.24883543,63.02771377],[21.24945436,63.02750082],[21.24990788,63.02732877],[21.25112235,63.027021],[21.25147112,63.02658267],[21.25077485,63.02612558],[21.25034735,63.0253698],[21.25033667,63.02489301],[21.25014194,63.02455162]]],[[[21.28605283,63.01154875],[21.28438896,63.01148132],[21.28340666,63.01167967],[21.28163144,63.01217931],[21.28030188,63.01307807],[21.28031305,63.01355487],[21.28141991,63.01379029],[21.28285541,63.01341979],[21.28436704,63.01319526],[21.28567992,63.01291502],[21.28665298,63.01276391],[21.28692587,63.01244153],[21.28703713,63.01187443],[21.28605283,63.01154875]]],[[[21.30220093,63.04684448],[21.30308393,63.0461942],[21.30277577,63.04583881],[21.30111551,63.0453145],[21.30119331,63.04491753],[21.29943043,63.04427474],[21.29826156,63.04445616],[21.29716201,63.04492618],[21.29720909,63.0453282],[21.29739485,63.04630743],[21.2979862,63.0465028],[21.29987146,63.04652178],[21.30090703,63.04702088],[21.30220093,63.04684448]]],[[[21.2992304,63.00955751],[21.29796184,63.00907752],[21.2966585,63.00931061],[21.29558378,63.00998164],[21.29506601,63.01048466],[21.29471916,63.01118513],[21.29535453,63.01168717],[21.2962442,63.01196132],[21.29770939,63.01197294],[21.29852063,63.01157704],[21.2993411,63.01113388],[21.2995376,63.01066549],[21.29965785,63.01005112],[21.2992304,63.00955751]]],[[[21.43423805,62.97776552],[21.4330454,62.97743265],[21.43185742,62.97762385],[21.43098112,62.97782735],[21.42971187,62.97844397],[21.42901624,62.97879748],[21.42899375,62.97946337],[21.42998765,62.97974079],[21.43125719,62.98021961],[21.43202966,62.98001199],[21.4335926,62.97950221],[21.43452305,62.97901507],[21.4346403,62.97840055],[21.43423805,62.97776552]]],[[[21.46214467,63.00346342],[21.46358803,63.00254171],[21.46312339,63.00228264],[21.4614467,63.00206439],[21.46008328,63.00218229],[21.45845949,63.00234709],[21.45841274,63.0025929],[21.4592611,63.00275959],[21.46089775,63.00274769],[21.46118433,63.00344475],[21.46075243,63.00373259],[21.45894983,63.00417613],[21.45865193,63.00464068],[21.45886606,63.00527775],[21.46019213,63.0055775],[21.46266815,63.00556044],[21.46360133,63.00550183],[21.46365163,63.0052371],[21.46290075,63.00499807],[21.46300703,63.00465934],[21.46256686,63.00410865],[21.46214467,63.00346342]]],[[[21.23817271,63.02356304],[21.23611505,63.02309788],[21.23633051,63.02439287],[21.2370978,63.02501967],[21.2357949,63.02603825],[21.23550888,63.02721747],[21.23718341,63.02750025],[21.23869965,63.02672855],[21.23977628,63.02605798],[21.24012545,63.02478563],[21.23928541,63.02429921],[21.23817271,63.02356304]]],[[[21.34513831,63.03301428],[21.34490007,63.03300127],[21.34453495,63.03300157],[21.34444403,63.03300165],[21.34387126,63.03302672],[21.3432145,63.03307552],[21.34250651,63.03314523],[21.34178014,63.03323234],[21.34106848,63.03333318],[21.34040491,63.03344416],[21.33996112,63.03353385],[21.33982303,63.03356175],[21.33931485,63.03368675],[21.33882257,63.0338265],[21.33834544,63.0339775],[21.3382621,63.03400604],[21.33788075,63.0341366],[21.33742755,63.03430159],[21.3369867,63.03447101],[21.3365609,63.03464397],[21.33615497,63.03482002],[21.33577624,63.03499908],[21.33543517,63.0351814],[21.33514614,63.0353675],[21.33492845,63.03555823],[21.33480752,63.03575471],[21.33480255,63.03595836],[21.33487363,63.03613618],[21.33488608,63.03616734],[21.3350239,63.03637989],[21.33534302,63.03679094],[21.33698802,63.03619336],[21.34527344,63.03330491],[21.34531865,63.0331932],[21.34534173,63.03308888],[21.3453309,63.03305132],[21.34528633,63.03303261],[21.34513831,63.03301428]]],[[[21.38560274,62.99399472],[21.3868979,62.99379624],[21.38830118,62.99385211],[21.38942675,62.9937183],[21.39008455,62.99356587],[21.39126077,62.99357696],[21.3920579,62.99310857],[21.39193996,62.99249661],[21.39103176,62.99231759],[21.38968603,62.9923712],[21.38864923,62.99204416],[21.38649664,62.99220851],[21.38553917,62.99174172],[21.38427368,62.99178656],[21.38287158,62.9925404],[21.3825635,62.99305204],[21.38210592,62.99379587],[21.38266355,62.99416341],[21.38448397,62.99409305],[21.38560274,62.99399472]]],[[[21.25368395,63.02652992],[21.25606537,63.02588856],[21.25735185,63.02601239],[21.25922921,63.02606499],[21.26080224,63.02553355],[21.26141017,63.02484376],[21.26120545,63.02391767],[21.26082954,63.02193821],[21.26008739,63.02197947],[21.25927144,63.02266079],[21.25787397,63.02336607],[21.25704001,63.02440391],[21.25536365,63.02519309],[21.25427129,63.0251486],[21.2531157,63.02622096],[21.25368395,63.02652992]]],[[[21.26851034,63.04462298],[21.26702043,63.04387652],[21.26556799,63.04421765],[21.26498073,63.04527986],[21.2638135,63.04608985],[21.2636457,63.04694046],[21.26314969,63.04817787],[21.26438981,63.04891421],[21.26569519,63.04868144],[21.26694269,63.04810334],[21.26804088,63.0470047],[21.26868395,63.04565894],[21.26851034,63.04462298]]],[[[21.40701224,62.95646729],[21.40647773,62.95644269],[21.40597644,62.95643444],[21.40547716,62.95643305],[21.40498349,62.95644005],[21.40449986,62.95645802],[21.40403199,62.95649071],[21.40358746,62.95654326],[21.40324541,62.95660502],[21.40292977,62.95668262],[21.40264619,62.95677483],[21.40240252,62.95688142],[21.40220918,62.95700304],[21.40207809,62.95713644],[21.40200012,62.95728114],[21.40197098,62.95743337],[21.40198948,62.95758982],[21.40206591,62.95776709],[21.40219117,62.9579439],[21.40235583,62.95811826],[21.40255396,62.95828797],[21.40278281,62.95845048],[21.40304251,62.95860262],[21.40333605,62.9587404],[21.40365185,62.95885558],[21.40399575,62.95895524],[21.40436139,62.95904067],[21.40474406,62.95911209],[21.40514039,62.95916865],[21.40557552,62.95921157],[21.40580533,62.95922559],[21.40601857,62.95923859],[21.40646511,62.9592517],[21.40691099,62.95925153],[21.40735186,62.95923735],[21.40778275,62.95920688],[21.40819772,62.95915596],[21.40859767,62.95906652],[21.40898751,62.95893256],[21.40934894,62.95876267],[21.40966413,62.95856548],[21.40991662,62.95834985],[21.4100978,62.95812337],[21.41020905,62.9579033],[21.41026125,62.95770497],[21.41027106,62.95754465],[21.41025595,62.95743854],[21.41023103,62.95740371],[21.41023379,62.95736931],[21.41017415,62.95729437],[21.41005291,62.9571906],[21.40986771,62.95707056],[21.40961516,62.95694707],[21.40920848,62.95680636],[21.40871524,62.95668631],[21.40816371,62.95658939],[21.408133,62.95658551],[21.40758519,62.9565163],[21.40701224,62.95646729]]],[[[21.35184641,62.96967634],[21.34979359,62.96892719],[21.34760355,62.96888697],[21.34616191,62.96930543],[21.34531586,62.96989067],[21.34434761,62.97056627],[21.343642,62.97096662],[21.34438125,62.97147261],[21.34553597,62.97199527],[21.3468587,62.97219124],[21.34859376,62.97187981],[21.35108327,62.97145571],[21.35219186,62.97059517],[21.35184641,62.96967634]]],[[[21.43887951,63.00228589],[21.43720199,63.00174346],[21.43559709,63.00191827],[21.43483777,63.0026027],[21.43422318,63.00362623],[21.43316987,63.0042038],[21.4322747,63.00450185],[21.43217534,63.00502182],[21.43273608,63.00537735],[21.43381683,63.0057534],[21.43543565,63.00605542],[21.4386416,63.00627713],[21.43999786,63.0057591],[21.44048124,63.00487325],[21.43914259,63.00420133],[21.43695873,63.00411519],[21.43632105,63.00361377],[21.4367323,63.0031061],[21.43809318,63.00311216],[21.43887951,63.00228589]]],[[[21.40780604,62.95113577],[21.40733892,62.95111323],[21.40686891,62.95113634],[21.40640265,62.95119214],[21.40546578,62.95133489],[21.40498666,62.95139136],[21.404539,62.95142138],[21.40361563,62.95146496],[21.40315755,62.95150322],[21.40269635,62.95155541],[21.4022363,62.95161823],[21.40178217,62.95168911],[21.4013396,62.95176611],[21.4009156,62.95184785],[21.40084766,62.9518626],[21.40078908,62.95187532],[21.40057304,62.95192222],[21.40026003,62.95200506],[21.39998772,62.95210251],[21.39973668,62.95223827],[21.39954787,62.95239399],[21.39941608,62.95256217],[21.39934037,62.95273587],[21.39932429,62.95290834],[21.39937611,62.95307253],[21.39948537,62.95320504],[21.39964778,62.95332121],[21.3998556,62.95341638],[21.40017248,62.95350395],[21.40079985,62.95362447],[21.40137865,62.95374239],[21.40165871,62.95379944],[21.40200365,62.95385591],[21.40238278,62.95389713],[21.40277813,62.95391565],[21.40319134,62.95391346],[21.40360795,62.9538925],[21.40409882,62.95384789],[21.40509018,62.95374004],[21.405521,62.95369749],[21.40581443,62.95367262],[21.40592298,62.95367135],[21.40598259,62.9536323],[21.40619965,62.95357691],[21.40654299,62.95351427],[21.40698489,62.95345642],[21.40741394,62.9534192],[21.40883891,62.95334058],[21.40931185,62.9533199],[21.40944722,62.9533178],[21.40986153,62.95331136],[21.41035286,62.95331121],[21.41075497,62.95330306],[21.41109588,62.95326637],[21.41138349,62.95318717],[21.41160147,62.9530712],[21.41172889,62.9529263],[21.41174639,62.95274936],[21.41165989,62.95255789],[21.41148621,62.95236183],[21.41123322,62.95217024],[21.41090976,62.95199207],[21.41053143,62.95182566],[21.41011516,62.95167062],[21.40967345,62.95152759],[21.40921552,62.95139847],[21.40874829,62.9512865],[21.40827705,62.95119663],[21.40780604,62.95113577]]],[[[21.35979052,62.98471305],[21.35942401,62.9846911],[21.35900117,62.98471691],[21.35854077,62.98478677],[21.35806265,62.98489394],[21.35758724,62.98503041],[21.35713525,62.98518777],[21.35672746,62.98535763],[21.35637366,62.98553318],[21.35601198,62.98573076],[21.3556637,62.98593508],[21.35532642,62.9861443],[21.354999,62.9863572],[21.35468147,62.98657304],[21.35437498,62.98679146],[21.35408183,62.98701234],[21.35380557,62.98723578],[21.35355116,62.98746203],[21.35298546,62.98803378],[21.35278841,62.98821728],[21.35257073,62.98839265],[21.3525322,62.98841819],[21.35226582,62.9885948],[21.3519376,62.98878386],[21.35130483,62.98913437],[21.35105174,62.98929926],[21.35088223,62.98945815],[21.35083593,62.98961073],[21.35093635,62.98974966],[21.35115451,62.98988259],[21.35146028,62.99000954],[21.35183069,62.99012976],[21.35224856,62.99024167],[21.35270129,62.99034272],[21.35317991,62.99042921],[21.35367827,62.99049601],[21.3541925,62.99053629],[21.35470584,62.99054472],[21.35522778,62.99052828],[21.35575474,62.99049388],[21.35628358,62.9904469],[21.35681125,62.99039147],[21.35732037,62.99033168],[21.35781919,62.99026478],[21.35830058,62.9901878],[21.35875566,62.99009678],[21.35917803,62.98998696],[21.35955495,62.98985991],[21.35987533,62.98971664],[21.35988247,62.98971204],[21.36012332,62.98955689],[21.36029246,62.98936539],[21.36035915,62.98916161],[21.36032265,62.98895346],[21.36019492,62.98876131],[21.35999818,62.98857052],[21.35975647,62.98837962],[21.35922144,62.98799022],[21.35897056,62.98779195],[21.3587426,62.9875889],[21.35854724,62.98738218],[21.35839886,62.98717086],[21.35833903,62.98693342],[21.35839086,62.98667187],[21.35853949,62.98639704],[21.35876215,62.98611994],[21.35903619,62.98585153],[21.35933945,62.98560262],[21.35964992,62.98538377],[21.35994474,62.98520504],[21.36018718,62.98507985],[21.36036117,62.98500456],[21.36043657,62.98498506],[21.36040587,62.98493039],[21.36028131,62.9848538],[21.36007336,62.98477395],[21.35979052,62.98471305]]],[[[21.32514523,62.9980736],[21.32557144,62.99809034],[21.32657159,62.99814941],[21.32714005,62.9981771],[21.32772415,62.99818922],[21.32830156,62.99817366],[21.32885167,62.99812135],[21.32935891,62.99803818],[21.32980983,62.99793497],[21.33136032,62.99748117],[21.33173939,62.99736489],[21.33206255,62.99724737],[21.33235868,62.99711849],[21.33262126,62.99697953],[21.33284172,62.99683122],[21.33301181,62.99667364],[21.33312618,62.99651072],[21.33317948,62.99634599],[21.33316283,62.99618283],[21.33307752,62.99603595],[21.33292919,62.99589588],[21.33265753,62.99572895],[21.33231568,62.99557494],[21.33192333,62.99543202],[21.33149521,62.9952994],[21.33104226,62.99517738],[21.33057257,62.9950674],[21.33009208,62.99497218],[21.32960518,62.99489593],[21.32911517,62.99484459],[21.32862463,62.99482624],[21.32811739,62.99484959],[21.32761735,62.99491171],[21.32712772,62.99500655],[21.32664808,62.99512591],[21.32617606,62.99526279],[21.32570984,62.99541203],[21.32524801,62.99556986],[21.32433403,62.99590152],[21.32343093,62.99624573],[21.32298424,62.99642132],[21.32210672,62.99678089],[21.32168046,62.99696664],[21.32129724,62.99714302],[21.32092374,62.99732351],[21.32080566,62.99738317],[21.32055958,62.9975075],[21.32020542,62.99769467],[21.31986311,62.99788496],[21.31953592,62.99807856],[21.31922877,62.99827585],[21.31894869,62.99847746],[21.3187053,62.99868425],[21.31850201,62.99890411],[21.31834851,62.99912679],[21.31824593,62.99934828],[21.31820021,62.99956413],[21.31822267,62.99976902],[21.31829554,62.99991579],[21.31841785,63.00004834],[21.31859033,63.00016208],[21.31882195,63.00025521],[21.31909817,63.00032226],[21.31940851,63.00036196],[21.31980984,63.00037223],[21.32023456,63.00034787],[21.32067199,63.00029446],[21.32111234,63.00021534],[21.32156694,63.00009849],[21.32203268,62.99993423],[21.32250179,62.99973036],[21.32295767,62.99949821],[21.32338434,62.99924894],[21.32376682,62.99899371],[21.32413038,62.99871416],[21.3244175,62.99846228],[21.32462365,62.9982589],[21.32474308,62.99812533],[21.32476622,62.99808603],[21.32476699,62.99808471],[21.32486397,62.9980714],[21.32514523,62.9980736]]],[[[21.38114146,62.98496877],[21.38141542,62.9848027],[21.38164489,62.98463417],[21.38181532,62.98446479],[21.38191206,62.98429469],[21.38192381,62.98413285],[21.38188536,62.98404094],[21.38181237,62.98395729],[21.38161084,62.98383357],[21.38134869,62.98372958],[21.38111197,62.98365307],[21.38086648,62.9835899],[21.38085737,62.98358838],[21.38061776,62.98354834],[21.38037074,62.98353786],[21.38009751,62.98357264],[21.37984481,62.98364869],[21.37962556,62.98375492],[21.37945401,62.98388232],[21.37932443,62.98403888],[21.37920712,62.98420407],[21.3790578,62.98435801],[21.37884609,62.98450007],[21.37856739,62.98461603],[21.37822832,62.98470548],[21.37784293,62.98476461],[21.37745669,62.98478888],[21.3770509,62.98478589],[21.37663476,62.98475752],[21.37621657,62.98470419],[21.37575474,62.98461586],[21.37529936,62.98450417],[21.37484963,62.98437655],[21.37440493,62.98423925],[21.37352925,62.98395764],[21.37309834,62.98382415],[21.37267274,62.98370355],[21.37225356,62.98360315],[21.37184255,62.98353197],[21.37144216,62.98350131],[21.3711912,62.98350875],[21.37095036,62.98353859],[21.37063834,62.98361541],[21.37034661,62.98372541],[21.37006821,62.98386011],[21.36979696,62.98401261],[21.36906978,62.98446294],[21.36858963,62.98476028],[21.36685183,62.98581191],[21.36651264,62.98602558],[21.36618489,62.98624167],[21.3658743,62.98646133],[21.3655883,62.98668609],[21.36533654,62.98691792],[21.36513665,62.98714579],[21.36496796,62.98738005],[21.36482195,62.98761886],[21.36457296,62.98810392],[21.36405021,62.98927554],[21.36397311,62.98948168],[21.36393218,62.98967611],[21.36394235,62.98984572],[21.36400302,62.98999562],[21.36411652,62.99011801],[21.36428866,62.990203],[21.36454925,62.99024377],[21.3648697,62.99023742],[21.36523192,62.99019342],[21.36562072,62.99011846],[21.36602289,62.99001671],[21.36643994,62.98988714],[21.36685691,62.98973806],[21.3672877,62.98956776],[21.36777442,62.98935986],[21.36830017,62.9891245],[21.36938252,62.98862007],[21.37127235,62.98770865],[21.37133565,62.9876829],[21.37142411,62.98765888],[21.37208873,62.98751632],[21.37319323,62.98729204],[21.37449084,62.98704307],[21.3746494,62.98701508],[21.37572335,62.98682546],[21.37623736,62.98672338],[21.37666787,62.98660664],[21.37706897,62.9864719],[21.37824561,62.9860359],[21.37864976,62.9859056],[21.37940896,62.98569356],[21.37978558,62.98557114],[21.3800343,62.98547802],[21.38015089,62.98543437],[21.38050189,62.98528665],[21.38083415,62.98513071],[21.38114146,62.98496877]]],[[[21.28911339,63.04177228],[21.28901188,63.04163777],[21.28884433,63.04149643],[21.28878109,63.04144308],[21.28848727,63.04127949],[21.2881381,63.04113827],[21.28775086,63.04101882],[21.28733918,63.04092246],[21.28692988,63.04085511],[21.28691415,63.04085252],[21.28648521,63.04081446],[21.28606665,63.04081355],[21.28566798,63.04084773],[21.2853052,63.04091567],[21.28502619,63.0410014],[21.28477442,63.04110221],[21.28430268,63.04130644],[21.28405906,63.04138887],[21.28377057,63.0414493],[21.28347387,63.0414725],[21.28319782,63.04145933],[21.28229633,63.04133876],[21.28194318,63.04128606],[21.2815421,63.04120315],[21.28026734,63.040878],[21.27982348,63.0407797],[21.27945479,63.0407137],[21.27883385,63.04061537],[21.2787333,63.04059944],[21.2779739,63.04046959],[21.27762812,63.04043305],[21.27730433,63.04043941],[21.27699305,63.04050633],[21.27670027,63.04062467],[21.27653735,63.04071583],[21.27642099,63.04078094],[21.27615162,63.04096474],[21.27588979,63.04116816],[21.27563425,63.04138517],[21.2753848,63.04161122],[21.27490889,63.042077],[21.27468801,63.04231154],[21.27448492,63.04254417],[21.27430706,63.04277259],[21.27416463,63.04299422],[21.27407137,63.04320593],[21.27404543,63.04340376],[21.27408396,63.04354577],[21.27417243,63.04367243],[21.2743053,63.04378268],[21.27462271,63.04397923],[21.27476426,63.04408312],[21.27489505,63.04423236],[21.27508807,63.04456496],[21.27521296,63.04472868],[21.27540349,63.04487666],[21.2756779,63.04499623],[21.27602875,63.04509562],[21.27643702,63.04517936],[21.27688769,63.04525084],[21.27736901,63.04531238],[21.27787167,63.04536534],[21.2783882,63.04541015],[21.2789124,63.04544623],[21.2794479,63.04547079],[21.28004755,63.04547251],[21.28069416,63.04544531],[21.28135625,63.04538522],[21.2819985,63.04529519],[21.28424757,63.04491175],[21.28454103,63.04486439],[21.28464665,63.04485461],[21.28469916,63.044826],[21.28490437,63.04474843],[21.28666843,63.04410826],[21.28770425,63.04371934],[21.28815626,63.04353001],[21.2884694,63.04337349],[21.28854625,63.04333507],[21.2888489,63.04314325],[21.28905677,63.04295937],[21.28920267,63.04276953],[21.28929446,63.04254124],[21.28931457,63.04230855],[21.28927298,63.04207678],[21.28917299,63.04185125],[21.28911339,63.04177228]]],[[[21.29682458,63.00683634],[21.2972585,63.00677912],[21.29753467,63.00673022],[21.29762282,63.00670247],[21.29763791,63.00666531],[21.29777535,63.00661653],[21.29801998,63.00656199],[21.29843037,63.00649938],[21.29952653,63.00637227],[21.30014028,63.00629228],[21.30074671,63.00618766],[21.30124537,63.00606637],[21.30130169,63.00605267],[21.3017899,63.00589295],[21.30219113,63.00572025],[21.30250405,63.0055424],[21.3027733,63.00535342],[21.30299432,63.00515456],[21.30315476,63.00494693],[21.30324434,63.00473095],[21.30327162,63.00451135],[21.30324649,63.00429259],[21.30317378,63.00407912],[21.30305375,63.0038757],[21.30288233,63.00368774],[21.30265115,63.0035217],[21.30237332,63.00338961],[21.30205333,63.00327562],[21.30171013,63.00317275],[21.30115871,63.00301955],[21.30106122,63.00299246],[21.30075943,63.00291681],[21.30044546,63.00285551],[21.30011152,63.00281514],[21.29976199,63.00279761],[21.29930149,63.0028075],[21.29883104,63.00284284],[21.2978781,63.00294227],[21.29740304,63.00298447],[21.29693353,63.00300684],[21.29647318,63.00299703],[21.29601296,63.00294409],[21.29556149,63.00285738],[21.29511414,63.0027499],[21.29421417,63.00251877],[21.29375242,63.00241778],[21.29327603,63.00234296],[21.2932427,63.00234031],[21.29281286,63.00230624],[21.29233993,63.00229976],[21.29186533,63.00232001],[21.2913973,63.00236549],[21.29099994,63.00242805],[21.29094476,63.00243674],[21.29051783,63.00253632],[21.29014814,63.00265766],[21.28980596,63.00280147],[21.28948746,63.00296263],[21.28919039,63.00313725],[21.288914,63.00332242],[21.288659,63.00351604],[21.28839429,63.00374461],[21.28767239,63.00443471],[21.28742489,63.00464993],[21.28715955,63.00484844],[21.28686736,63.0050231],[21.28662096,63.00513821],[21.28612387,63.00534414],[21.28590492,63.00545103],[21.28568755,63.00560007],[21.28553855,63.00576029],[21.2854646,63.00592223],[21.28547874,63.00607608],[21.28556498,63.00618813],[21.28571338,63.00628261],[21.28591771,63.0063535],[21.28617951,63.00639744],[21.28648547,63.00642026],[21.28719844,63.00644303],[21.28768413,63.0064656],[21.28819663,63.00649856],[21.28872785,63.00653968],[21.2898243,63.00663889],[21.29208147,63.00686122],[21.29273212,63.00690837],[21.29344575,63.00694251],[21.29419119,63.0069584],[21.29492749,63.00695286],[21.2956327,63.00692821],[21.29627539,63.00688795],[21.29682458,63.00683634]]],[[[21.37145255,62.96176563],[21.37152961,62.96143863],[21.37156851,62.9610989],[21.37156638,62.96076144],[21.37152487,62.96044137],[21.37144614,62.96015399],[21.37133281,62.95990877],[21.37127209,62.95981251],[21.37118767,62.95967866],[21.37100447,62.95946073],[21.37077279,62.95925918],[21.37053224,62.95910555],[21.37025166,62.95896866],[21.369933,62.95885071],[21.3695372,62.95874333],[21.3691095,62.95865443],[21.36866271,62.95857672],[21.36775475,62.95843012],[21.36731325,62.95834986],[21.36689336,62.95825724],[21.36650619,62.95814586],[21.36616163,62.95801243],[21.36584441,62.95786201],[21.36523058,62.95754025],[21.36456353,62.95721162],[21.36423923,62.95704418],[21.36394153,62.95686911],[21.36368632,62.95668742],[21.36345952,62.95650104],[21.36304395,62.95614274],[21.36283355,62.95598682],[21.36260713,62.95585923],[21.36235329,62.9557721],[21.36204658,62.95573551],[21.36172015,62.95575317],[21.36139851,62.95582101],[21.36112605,62.9559248],[21.36087819,62.95606045],[21.36065592,62.95622015],[21.3604683,62.95638788],[21.35993407,62.95692989],[21.3597754,62.95706477],[21.35972578,62.95710696],[21.35948287,62.95727643],[21.35921095,62.95743591],[21.3589167,62.95758487],[21.35838215,62.95782512],[21.35812287,62.95795012],[21.35780241,62.95813512],[21.35750948,62.95833769],[21.35723797,62.95855337],[21.35698363,62.95877861],[21.35674392,62.95901053],[21.35651799,62.95924677],[21.35630678,62.95948523],[21.35611319,62.95972389],[21.35594237,62.95996062],[21.35580223,62.96019296],[21.35570398,62.96041786],[21.35566303,62.96063139],[21.35568356,62.96079402],[21.35575383,62.96094111],[21.35587433,62.96106725],[21.35604843,62.96116583],[21.35633165,62.96123864],[21.35667142,62.96125985],[21.35705822,62.96124447],[21.35841704,62.96111682],[21.35895177,62.9610841],[21.35950652,62.96106463],[21.36007476,62.96105563],[21.36065157,62.96105492],[21.36123316,62.96106093],[21.36239854,62.96108952],[21.36297678,62.96111175],[21.36354793,62.96114007],[21.36410801,62.96117607],[21.36465174,62.96122231],[21.36517198,62.96128263],[21.36565898,62.96136256],[21.36609952,62.96146976],[21.36646711,62.96160341],[21.3667975,62.96176083],[21.36715407,62.96194087],[21.36756598,62.96213146],[21.36803506,62.96231398],[21.36852179,62.96246358],[21.3690312,62.96258651],[21.36953611,62.96267913],[21.37000961,62.96273856],[21.37042522,62.96276347],[21.37075469,62.96275723],[21.37097581,62.96273169],[21.37106445,62.96269678],[21.37124602,62.96232324],[21.37135227,62.96206537],[21.37145255,62.96176563]]],[[[21.41598119,62.967522],[21.41554017,62.96749156],[21.41511006,62.96747992],[21.41469673,62.96749449],[21.41430124,62.96753443],[21.41393172,62.96759829],[21.41359809,62.96768607],[21.41334881,62.96778044],[21.41313647,62.96788998],[21.41296435,62.96801194],[21.41283863,62.96813715],[21.4121853,62.96900392],[21.41205516,62.96920756],[21.41196233,62.96941097],[21.41192707,62.96961288],[21.41195327,62.96978281],[21.41216976,62.97036356],[21.4123279,62.97085099],[21.4124265,62.97109535],[21.41255822,62.97133395],[21.4127427,62.97156141],[21.41294715,62.97173619],[21.41319627,62.97189857],[21.41348503,62.97204731],[21.41381081,62.97218025],[21.41422926,62.97231127],[21.41468447,62.97242013],[21.41516742,62.97250811],[21.41567155,62.97257473],[21.41615558,62.97261724],[21.41664832,62.97264601],[21.41813029,62.97270886],[21.41860943,62.9727417],[21.41909126,62.97279511],[21.41968417,62.97289483],[21.4209871,62.97315683],[21.42161621,62.97327385],[21.42223004,62.97337899],[21.42279877,62.97346996],[21.42368254,62.97359997],[21.42403209,62.97364354],[21.42405261,62.97360069],[21.42417238,62.97350459],[21.42437141,62.97336585],[21.42463377,62.97319635],[21.42494476,62.97300846],[21.42529033,62.97281485],[21.42594344,62.97246463],[21.42627088,62.97224682],[21.4265284,62.9720204],[21.42669594,62.97179805],[21.42676253,62.97158713],[21.42675102,62.9713667],[21.42667786,62.97114106],[21.42655851,62.97091277],[21.42640322,62.970684],[21.42621799,62.97045679],[21.42600527,62.97023325],[21.42576435,62.97001573],[21.42549159,62.96980705],[21.42518038,62.96961066],[21.42482753,62.96943024],[21.42451278,62.9692935],[21.42444019,62.96926197],[21.42402844,62.96910263],[21.42359994,62.96894985],[21.42316049,62.96880197],[21.42226547,62.96851728],[21.42133408,62.96823886],[21.42083876,62.96811189],[21.42032186,62.96800743],[21.42025582,62.96799681],[21.41978375,62.96792086],[21.41923119,62.96784692],[21.4186698,62.96778167],[21.41754,62.96766651],[21.41643367,62.9675623],[21.41598119,62.967522]]],[[[21.43898565,62.98816235],[21.43896702,62.98802338],[21.4389483,62.98788382],[21.43887409,62.98757407],[21.43875001,62.98725588],[21.43856203,62.98695252],[21.43835069,62.98673055],[21.43808962,62.98654704],[21.43778356,62.98641409],[21.43736123,62.98633136],[21.43689848,62.98630224],[21.43640721,62.98630469],[21.43590225,62.98633311],[21.43539582,62.98638502],[21.43489873,62.98646058],[21.43442147,62.98656231],[21.43397493,62.98669019],[21.43267955,62.98713518],[21.43225412,62.98726222],[21.43181298,62.98737653],[21.43135917,62.98747664],[21.43089473,62.98756009],[21.43042091,62.98762331],[21.42993815,62.98766139],[21.42942399,62.98767075],[21.42890152,62.98765695],[21.42729134,62.98756886],[21.42674019,62.98754985],[21.42618359,62.98754035],[21.42562357,62.98753896],[21.42506199,62.98754491],[21.42450081,62.98755808],[21.42394222,62.98757907],[21.42338893,62.9876093],[21.42284438,62.98765109],[21.4223131,62.98770789],[21.42180105,62.98778445],[21.42130066,62.98788826],[21.42082902,62.98801468],[21.4203891,62.98816059],[21.4199872,62.98832463],[21.41963342,62.9885071],[21.41934735,62.9887007],[21.41911137,62.98890754],[21.41892173,62.98912304],[21.41877896,62.98934343],[21.41868798,62.98956544],[21.41865839,62.98978611],[21.41870492,62.99000257],[21.41883383,62.99020678],[21.41902702,62.9904066],[21.4192622,62.99060423],[21.41978452,62.99100157],[21.42003896,62.99120574],[21.420268,62.99141687],[21.42044931,62.99162255],[21.42060567,62.99183408],[21.42103321,62.99247825],[21.4211983,62.99268727],[21.42138731,62.99288393],[21.42160468,62.99307107],[21.42185041,62.99324612],[21.42212625,62.99340561],[21.42243576,62.99354494],[21.4228086,62.99366678],[21.42321628,62.99375817],[21.42365071,62.99381655],[21.42412857,62.9938396],[21.42461895,62.9938286],[21.42511274,62.99378864],[21.42524913,62.99377011],[21.42560123,62.99372228],[21.42607546,62.99362968],[21.42652516,62.99351138],[21.4269535,62.99337201],[21.42712035,62.99330848],[21.42736146,62.99321668],[21.42774843,62.99304902],[21.42811214,62.99287139],[21.42827646,62.99278036],[21.42844843,62.99268509],[21.42875105,62.99249048],[21.42901132,62.99228712],[21.42922528,62.99207509],[21.42961636,62.99164266],[21.42984525,62.99143495],[21.43010796,62.99123403],[21.43040219,62.99104148],[21.43072788,62.99085958],[21.43108737,62.99069146],[21.43146068,62.9905477],[21.43186101,62.99041703],[21.43228239,62.99029724],[21.43272022,62.99018681],[21.43317106,62.99008491],[21.43363243,62.98999134],[21.43410262,62.98990653],[21.43514272,62.98973101],[21.43520959,62.98971864],[21.4357198,62.98962428],[21.43630178,62.98950285],[21.4368646,62.98936586],[21.43745433,62.98919433],[21.43781367,62.989073],[21.43797372,62.98901896],[21.43840604,62.98885516],[21.43873393,62.98871792],[21.4389394,62.98862174],[21.43900288,62.98857999],[21.43898565,62.98816235]]],[[[21.42079937,62.96575633],[21.42110471,62.96575231],[21.421212,62.96575665],[21.42123603,62.96571173],[21.42139682,62.96562582],[21.42167659,62.96550979],[21.42206301,62.96537671],[21.42248183,62.96525548],[21.42252638,62.96524434],[21.42295941,62.96513599],[21.42347841,62.96502159],[21.42402028,62.964915],[21.42463047,62.96480688],[21.42574057,62.96462011],[21.42617844,62.96453584],[21.42654917,62.96444134],[21.42686096,62.96432447],[21.42686213,62.96432403],[21.42711457,62.96417216],[21.42729824,62.96399688],[21.42742108,62.96380598],[21.42748551,62.9636057],[21.4274888,62.96340116],[21.42742325,62.96319677],[21.42730605,62.9630218],[21.42714727,62.9628478],[21.4269182,62.9626304],[21.42655644,62.96228705],[21.42571386,62.96142533],[21.42549369,62.96120941],[21.4252624,62.96099623],[21.42501507,62.9607874],[21.4247404,62.96057814],[21.4238715,62.95996744],[21.42359625,62.95976303],[21.4233436,62.95955496],[21.42312435,62.95934108],[21.42296628,62.95914867],[21.42285802,62.95898803],[21.4225649,62.95855305],[21.42237696,62.95830737],[21.42216583,62.95806414],[21.42193446,62.95782451],[21.42168411,62.9575902],[21.42141424,62.9573637],[21.4211224,62.95714855],[21.420804,62.95694961],[21.420452,62.95677353],[21.42005651,62.95662918],[21.41963554,62.9565291],[21.41917876,62.9564606],[21.41869868,62.95641896],[21.41820626,62.95640186],[21.4177116,62.95640921],[21.41722468,62.95644318],[21.41675608,62.95650829],[21.41629579,62.9566137],[21.41617163,62.95665319],[21.41586567,62.9567505],[21.4154655,62.95691109],[21.41509789,62.95709015],[21.41476862,62.95728425],[21.41448713,62.95749155],[21.41428068,62.95769074],[21.4141209,62.95789622],[21.41400687,62.95810432],[21.41394099,62.95831167],[21.41392914,62.95851506],[21.41398076,62.95871119],[21.41411291,62.9589123],[21.41429454,62.95910546],[21.41448884,62.95929492],[21.41465999,62.95948483],[21.41477091,62.95967939],[21.41479313,62.95987773],[21.41474179,62.96008198],[21.41463578,62.96028963],[21.41449051,62.96049841],[21.41400313,62.9610681],[21.41387634,62.96125396],[21.41377988,62.96148463],[21.41373058,62.96172328],[21.41370998,62.96196692],[21.41368815,62.96245862],[21.41365384,62.96270148],[21.41357977,62.96293853],[21.41344443,62.96316635],[21.4132333,62.96338066],[21.41296165,62.96358517],[21.41265085,62.96378249],[21.41166955,62.96434768],[21.41138894,62.96452983],[21.41116887,62.96470885],[21.41103897,62.96488386],[21.41101924,62.96502392],[21.41107221,62.96515511],[21.41118731,62.96527168],[21.41135761,62.96536688],[21.41157948,62.96543259],[21.41191809,62.96546524],[21.41231233,62.96545801],[21.41320466,62.96539032],[21.41368006,62.96536072],[21.41416384,62.96535542],[21.41460857,62.96538328],[21.41505451,62.96543717],[21.41550189,62.96550833],[21.41596167,62.96558879],[21.41615602,62.96561883],[21.41649213,62.96567077],[21.41708547,62.96574216],[21.4177214,62.96579074],[21.41842384,62.96580975],[21.41911687,62.96580406],[21.42079937,62.96575633]]],[[[21.39122354,62.97978368],[21.39187509,62.97976856],[21.39244426,62.97979808],[21.39246339,62.97979907],[21.39301975,62.97986492],[21.39352732,62.97995293],[21.39442281,62.98013982],[21.39488122,62.98021587],[21.39534461,62.98026923],[21.39581911,62.98030211],[21.39629976,62.98031541],[21.39678217,62.9803086],[21.39726224,62.98027974],[21.39778522,62.98022077],[21.39830209,62.9801395],[21.39881404,62.98004248],[21.39932175,62.9799346],[21.39982539,62.97981952],[21.40081846,62.97957815],[21.40266888,62.97910818],[21.40308808,62.97901419],[21.40425794,62.97881162],[21.40464317,62.97872476],[21.40501106,62.97862143],[21.40535512,62.97850328],[21.40566691,62.9783711],[21.40593555,62.97822482],[21.40610049,62.97809916],[21.4061472,62.97806356],[21.40628729,62.97789104],[21.40636668,62.97770709],[21.406392,62.97751563],[21.4063664,62.97732015],[21.40628966,62.9771239],[21.40613509,62.97689755],[21.40592205,62.97667601],[21.40566128,62.97646119],[21.40535875,62.9762556],[21.40501618,62.97606252],[21.40496442,62.97603882],[21.40463128,62.97588628],[21.40420321,62.9757309],[21.40374047,62.97559251],[21.40325352,62.97546714],[21.40275044,62.97535204],[21.40223753,62.97524555],[21.40171988,62.97514701],[21.40120182,62.97505677],[21.40068733,62.97497621],[21.40018043,62.97490789],[21.39968553,62.97485569],[21.39920781,62.97482514],[21.39875356,62.97482367],[21.39833057,62.97486109],[21.39795205,62.97494173],[21.39759017,62.97505411],[21.39681733,62.97532334],[21.39638949,62.97546332],[21.39594588,62.97559993],[21.3958245,62.9756346],[21.39549122,62.97572981],[21.39502943,62.97584912],[21.39456384,62.97595315],[21.3940974,62.97603594],[21.39378025,62.97607274],[21.39363284,62.97608984],[21.39317289,62.97610505],[21.39273644,62.97607666],[21.39230176,62.97601765],[21.39141675,62.97586589],[21.3909548,62.97580044],[21.39056207,62.97576376],[21.39015895,62.9757435],[21.3897494,62.97573959],[21.38933708,62.97575269],[21.38883242,62.975792],[21.3883288,62.97585091],[21.38782618,62.97592278],[21.38539374,62.9763146],[21.38495132,62.97640141],[21.38453757,62.97650757],[21.38415379,62.97664229],[21.38379766,62.97679911],[21.38345703,62.97697112],[21.38312297,62.97715283],[21.38279356,62.97734157],[21.38215329,62.97773394],[21.38184766,62.97793571],[21.38155761,62.97814059],[21.38128995,62.97834851],[21.381054,62.97855962],[21.38084767,62.97878961],[21.38069702,62.97902012],[21.38061257,62.97924742],[21.38061198,62.97946716],[21.38069056,62.97964102],[21.38084261,62.97980174],[21.38108856,62.97995718],[21.38140337,62.98009279],[21.38177208,62.98020889],[21.38218374,62.9803042],[21.38263086,62.9803756],[21.38315844,62.98041989],[21.38378972,62.98043537],[21.38449207,62.98042764],[21.38523181,62.98040245],[21.38597589,62.9803653],[21.38669182,62.9803214],[21.38734738,62.98027569],[21.38828147,62.98020337],[21.38862612,62.98017668],[21.3887077,62.98017495],[21.38880599,62.98014431],[21.38907368,62.98008237],[21.38948026,62.98000152],[21.38999482,62.97991528],[21.39058633,62.97983775],[21.39122354,62.97978368]]],[[[21.36621411,62.96604228],[21.36548145,62.96600781],[21.36482502,62.96600856],[21.36422748,62.9660387],[21.36370304,62.96609165],[21.36319485,62.96615798],[21.36269365,62.96623512],[21.36220225,62.96632261],[21.36172439,62.96642116],[21.36126508,62.96653254],[21.36083088,62.96665959],[21.36044941,62.9667963],[21.36009492,62.96694693],[21.35976656,62.96710888],[21.35946563,62.96728049],[21.35919564,62.96746094],[21.35896244,62.9676501],[21.35877449,62.96784856],[21.35862708,62.9680787],[21.35853028,62.96831816],[21.35847022,62.9685643],[21.35843657,62.96881506],[21.35842184,62.9690689],[21.35843038,62.96958098],[21.35847584,62.97009211],[21.35851304,62.97034458],[21.35856333,62.97059311],[21.35863149,62.97083578],[21.35872452,62.97107008],[21.35885204,62.97129271],[21.35902696,62.97149933],[21.35926621,62.97168431],[21.35960054,62.97185022],[21.36000456,62.97199277],[21.36045904,62.97211838],[21.3609495,62.97223192],[21.36146513,62.97233706],[21.36199801,62.97243646],[21.36254242,62.9725321],[21.36365085,62.97271714],[21.36645769,62.97316677],[21.3675858,62.97333849],[21.36815222,62.97341923],[21.36872129,62.97349419],[21.36929406,62.97356075],[21.3698531,62.97361486],[21.37041537,62.97365919],[21.37097953,62.97369414],[21.37154424,62.97371911],[21.37210802,62.97373246],[21.37266913,62.97373133],[21.37322538,62.97371151],[21.37370867,62.97367491],[21.37374403,62.97367224],[21.37425576,62.97361566],[21.37475971,62.97354499],[21.37525407,62.97346226],[21.37573587,62.97336838],[21.37620073,62.97326318],[21.37664251,62.97314546],[21.37705288,62.97301288],[21.37742076,62.97286187],[21.37773467,62.97269057],[21.37800121,62.972502],[21.37800816,62.97249577],[21.37822556,62.97230074],[21.37840929,62.97209045],[21.37855034,62.97187404],[21.37864282,62.9716539],[21.3786767,62.97143208],[21.37864391,62.97121424],[21.37855325,62.97099844],[21.37841337,62.97078671],[21.37822902,62.97058136],[21.37800123,62.97038517],[21.37772745,62.97020156],[21.37742212,62.97004142],[21.37708064,62.96989404],[21.37671161,62.96975764],[21.37632175,62.96963111],[21.3759162,62.96951396],[21.37549891,62.96940626],[21.37432213,62.96913424],[21.37394787,62.96903486],[21.37354988,62.96890809],[21.3731697,62.96876889],[21.37198788,62.96829801],[21.37152165,62.9680968],[21.37105697,62.96787695],[21.37062493,62.96764423],[21.37025525,62.96740477],[21.36997364,62.96716567],[21.36980817,62.96696231],[21.3697108,62.96677975],[21.369667,62.96663123],[21.3696635,62.96652969],[21.36969072,62.96648726],[21.36887408,62.96635564],[21.36831316,62.96627178],[21.3676617,62.96618484],[21.36695146,62.96610488],[21.36621411,62.96604228]]],[[[21.46345242,62.98716951],[21.46303604,62.98713603],[21.46259757,62.98714561],[21.46215276,62.98719229],[21.46170333,62.98726638],[21.46153358,62.98730161],[21.46125069,62.98736032],[21.4607961,62.98746826],[21.46034075,62.98758564],[21.45943313,62.98783539],[21.45812387,62.98821015],[21.45772373,62.98833123],[21.45761492,62.98836754],[21.45735197,62.98845527],[21.45702102,62.98858538],[21.45674619,62.98872519],[21.45654632,62.98887897],[21.45643382,62.98905314],[21.45639235,62.98924147],[21.45639535,62.98943915],[21.45644047,62.98984575],[21.45643729,62.99004672],[21.4563852,62.99024057],[21.45625961,62.99042754],[21.45606408,62.99059754],[21.45580424,62.99074487],[21.45548126,62.99086225],[21.45506665,62.9909486],[21.45459653,62.99100237],[21.45408694,62.99103349],[21.45355015,62.99105006],[21.45186255,62.99107764],[21.45129549,62.99109961],[21.45073517,62.99113902],[21.45021443,62.99119795],[21.44970513,62.99127638],[21.4492084,62.99137207],[21.44872627,62.99148411],[21.44826132,62.99161157],[21.44780961,62.99175134],[21.44736787,62.99190015],[21.44693364,62.99205553],[21.44608159,62.99237937],[21.44524733,62.9927144],[21.44483763,62.9928852],[21.44404054,62.99323443],[21.44365872,62.99341429],[21.44329365,62.99359923],[21.44295134,62.993791],[21.44263965,62.99399191],[21.44238251,62.99418874],[21.44215045,62.99439323],[21.44193491,62.99460301],[21.44131713,62.99524475],[21.44110013,62.995457],[21.44084271,62.99568925],[21.44057339,62.99591744],[21.43977053,62.99657836],[21.43953536,62.99678905],[21.4393371,62.99699279],[21.43919341,62.99718729],[21.43912729,62.99736939],[21.43916861,62.99753482],[21.43932681,62.99767155],[21.43957971,62.99779386],[21.43989988,62.99790599],[21.44026443,62.99801149],[21.44143397,62.99831834],[21.44178925,62.99842709],[21.44209442,62.99854453],[21.44232508,62.99867481],[21.44246335,62.99882021],[21.44253684,62.99897764],[21.44263417,62.99930799],[21.44273355,62.99947077],[21.44295153,62.99964158],[21.44332148,62.99981829],[21.44380803,62.99999445],[21.44437256,63.00016319],[21.4449766,63.00031765],[21.44558229,63.00045112],[21.44572832,63.00047833],[21.44615228,63.00055734],[21.44664897,63.00063119],[21.44698932,63.00066754],[21.44721568,63.00068144],[21.44729809,63.00067561],[21.44736871,63.00064438],[21.44757243,63.0005765],[21.44789091,63.00048229],[21.44824652,63.00038861],[21.44830596,63.00037295],[21.44879949,63.00026007],[21.44935353,63.00015562],[21.44995028,63.00007201],[21.4505823,63.00001836],[21.45121576,62.9999935],[21.4518256,62.99998959],[21.45290303,63.00000673],[21.45347384,63.00000174],[21.45404918,62.99998355],[21.45462757,62.99995563],[21.45520779,62.99992041],[21.45578878,62.99987948],[21.45694848,62.99978321],[21.45752424,62.99972764],[21.45809453,62.99966591],[21.45862567,62.99960005],[21.45865632,62.99959625],[21.45916006,62.99952406],[21.4596516,62.99944451],[21.46012802,62.99935835],[21.46058488,62.99926565],[21.46078295,62.99921981],[21.46101591,62.99916589],[21.46141255,62.99905782],[21.46176347,62.99893945],[21.46205389,62.99880796],[21.46226493,62.99865951],[21.4623891,62.99847726],[21.46243463,62.99827697],[21.46242901,62.99784537],[21.46244115,62.99762326],[21.46250572,62.99740221],[21.4626198,62.99722031],[21.46278366,62.99704167],[21.46298812,62.99686628],[21.46322607,62.99669429],[21.46349228,62.99652597],[21.46383568,62.99633299],[21.46420413,62.99614433],[21.46459067,62.99595889],[21.46539836,62.9955944],[21.46706736,62.9948749],[21.46789294,62.99451174],[21.46829435,62.99432698],[21.46868272,62.99413871],[21.46905225,62.99394548],[21.46939524,62.99374541],[21.46970148,62.99353604],[21.46995067,62.99332583],[21.47016097,62.99310693],[21.47033598,62.99288137],[21.47047636,62.99265072],[21.47057978,62.99241617],[21.47064222,62.9921859],[21.47066974,62.991973],[21.47067214,62.9919544],[21.47067425,62.99172316],[21.47065083,62.99149372],[21.47060176,62.99126777],[21.47052459,62.99104725],[21.47041438,62.99083451],[21.47026349,62.9906324],[21.47006128,62.99044443],[21.46978373,62.99026312],[21.46945979,62.99009307],[21.46876416,62.98975241],[21.46841662,62.98955913],[21.46808402,62.98935438],[21.46776139,62.9891417],[21.46680301,62.98848746],[21.46646796,62.98827469],[21.46611356,62.98807096],[21.46577263,62.98789866],[21.46570115,62.98786659],[21.46541373,62.98773762],[21.46504071,62.98758864],[21.46465643,62.98745354],[21.46426291,62.9873354],[21.46386137,62.98723868],[21.46345242,62.98716951]]],[[[21.40207619,62.96821452],[21.40228501,62.96805042],[21.40245165,62.96790799],[21.40247661,62.96786297],[21.40294902,62.96728078],[21.40316836,62.96698919],[21.40338578,62.96667433],[21.40358108,62.96635158],[21.40373309,62.96603644],[21.40381978,62.96574453],[21.40381884,62.96549146],[21.40371436,62.96528174],[21.4035293,62.96510132],[21.40328209,62.96492753],[21.40299793,62.96475473],[21.40235119,62.96438349],[21.40166536,62.96400886],[21.40131142,62.96382493],[21.40095011,62.96364594],[21.40058059,62.96347425],[21.40020155,62.96331255],[21.39955211,62.96305716],[21.39924631,62.96292309],[21.3989111,62.96274257],[21.3986118,62.96254493],[21.39834298,62.96233448],[21.398102,62.96211454],[21.39788898,62.96188764],[21.3977069,62.96165575],[21.39756698,62.96142887],[21.39756177,62.96142041],[21.39746305,62.96118285],[21.39742006,62.9609433],[21.39743111,62.96070593],[21.39743415,62.96069481],[21.39749426,62.96047426],[21.39761184,62.96025227],[21.39779036,62.96004461],[21.39803221,62.9598544],[21.39858731,62.95950383],[21.39883139,62.95933014],[21.39900418,62.95914902],[21.39907229,62.95897612],[21.39906436,62.95879618],[21.39899142,62.95861326],[21.39886028,62.95843139],[21.39867371,62.95825472],[21.39843057,62.95808777],[21.39811713,62.95792826],[21.39775436,62.95778066],[21.39735569,62.95764165],[21.39693155,62.95750853],[21.39685347,62.95748563],[21.39649007,62.95737906],[21.39565423,62.95714339],[21.39462654,62.95685361],[21.39450242,62.95681717],[21.39315826,62.95642257],[21.39217858,62.95614357],[21.39179834,62.95604313],[21.39168457,62.95601308],[21.39118519,62.95589304],[21.39067784,62.95578815],[21.39015932,62.95570452],[21.38965876,62.95565029],[21.38914947,62.95561797],[21.3886357,62.95560527],[21.38812146,62.95561147],[21.38761082,62.95563748],[21.3871081,62.95568582],[21.38659649,62.95576212],[21.38609576,62.9558597],[21.38560383,62.9559728],[21.38536327,62.95603453],[21.38511948,62.95609709],[21.38464242,62.95622944],[21.38417331,62.95636764],[21.38371395,62.9565103],[21.38334325,62.9566318],[21.38326743,62.95665665],[21.38283843,62.95680651],[21.38243437,62.95695999],[21.38243366,62.95696026],[21.38206231,62.95711883],[21.38173676,62.95728374],[21.38147328,62.95745721],[21.381293,62.95764224],[21.38121065,62.95784583],[21.38120612,62.95806141],[21.38124767,62.95828572],[21.38135796,62.9587514],[21.38137359,62.95898956],[21.38133846,62.95920938],[21.38126002,62.95942984],[21.38114605,62.95964996],[21.38100215,62.95986874],[21.380832,62.96008514],[21.38063741,62.96029795],[21.38041852,62.96050577],[21.38017378,62.96070688],[21.37990004,62.96089921],[21.37958955,62.96108521],[21.37892741,62.96144214],[21.37860668,62.96162266],[21.37831437,62.96181106],[21.37805049,62.96202325],[21.37782976,62.96224648],[21.37764641,62.96247764],[21.37749799,62.96271417],[21.37738542,62.96295391],[21.37731316,62.96319498],[21.37728955,62.96343558],[21.3773273,62.96367393],[21.37743261,62.96390153],[21.37759364,62.96412606],[21.37779609,62.96434816],[21.37802914,62.96456826],[21.37828487,62.9647866],[21.37855774,62.96500322],[21.37884416,62.96521792],[21.37914225,62.96543028],[21.37945161,62.96563955],[21.37977326,62.96584466],[21.38010963,62.96604408],[21.38046463,62.96623575],[21.3808591,62.96642583],[21.3812732,62.96660648],[21.38170189,62.9667788],[21.38214167,62.96694298],[21.38259024,62.9670983],[21.38304635,62.96724303],[21.38350967,62.96737429],[21.3839807,62.96748784],[21.38446074,62.96757785],[21.38495193,62.96763655],[21.3854395,62.96765802],[21.38593472,62.96765307],[21.38643244,62.96763237],[21.38741488,62.96758191],[21.38788817,62.96757091],[21.38834033,62.96758304],[21.38876264,62.96763037],[21.38916059,62.96772622],[21.38952667,62.96786163],[21.38987014,62.96802591],[21.39019853,62.96821061],[21.39051816,62.96840894],[21.39148002,62.96903286],[21.39182098,62.96923462],[21.39218402,62.9694247],[21.39257879,62.96959663],[21.39299785,62.96974014],[21.39344758,62.96986346],[21.3939197,62.96996928],[21.39440752,62.97005872],[21.39490556,62.97013125],[21.39540916,62.97018458],[21.39591413,62.97021438],[21.3964164,62.97021389],[21.39692099,62.97017625],[21.39741913,62.97010723],[21.39791112,62.97001432],[21.39839671,62.96990304],[21.39889326,62.96976754],[21.39943105,62.96959022],[21.39998407,62.9693791],[21.40052415,62.96914327],[21.40102413,62.968892],[21.40143987,62.96865052],[21.40179244,62.96841962],[21.40207619,62.96821452]]],[[[21.40956592,63.01196445],[21.41067943,63.01177026],[21.41177782,63.01156408],[21.41227968,63.011461],[21.41277216,63.01135324],[21.41325268,63.01124085],[21.41358643,63.01115644],[21.41404816,63.01110409],[21.41421629,63.01098192],[21.41457241,63.01086873],[21.41494389,63.01072769],[21.4152596,63.01057357],[21.41550046,63.01040216],[21.41565473,63.01020345],[21.41573016,63.00998656],[21.41573866,63.00987566],[21.41574783,63.00975619],[21.41572386,63.00951591],[21.41567045,63.00926843],[21.41559664,63.00901576],[21.41541255,63.00850063],[21.41520482,63.0079793],[21.4148774,63.00720228],[21.41464793,63.00670473],[21.41452553,63.00647001],[21.41439413,63.00625058],[21.41424931,63.0060529],[21.41408513,63.00588561],[21.41389367,63.00576014],[21.41366457,63.0056914],[21.41340816,63.00568937],[21.41311666,63.00573716],[21.4127972,63.00582143],[21.41245475,63.00593146],[21.4113118,63.0063365],[21.41085819,63.00648794],[21.40990363,63.00678458],[21.40891266,63.00707376],[21.4079038,63.00735755],[21.40637585,63.00777694],[21.40433444,63.00832135],[21.40332703,63.00857378],[21.40283342,63.00868812],[21.40235156,63.00878951],[21.40188714,63.00887238],[21.40144797,63.00892924],[21.40104465,63.00895011],[21.40069133,63.00892188],[21.40039887,63.00883289],[21.400169,63.00869426],[21.39999997,63.0085198],[21.39989576,63.00832013],[21.39986635,63.00810344],[21.39992146,63.00787285],[21.4000449,63.007635],[21.40016043,63.00747273],[21.40021748,63.00739259],[21.40042495,63.00714756],[21.40065701,63.0069014],[21.40090647,63.0066553],[21.401441,63.0061677],[21.40172272,63.00592878],[21.40189554,63.00579062],[21.40201469,63.00569537],[21.40231952,63.00546992],[21.4026416,63.00525572],[21.4029874,63.00505721],[21.40336585,63.00488035],[21.40372166,63.00475082],[21.40410241,63.00464162],[21.4045021,63.00455276],[21.40491604,63.00448553],[21.40534061,63.00444247],[21.40580277,63.00442408],[21.40674662,63.00442514],[21.40722634,63.00441741],[21.40775809,63.00438537],[21.40829389,63.00433145],[21.40883244,63.00426107],[21.40937284,63.00417847],[21.40991447,63.00408693],[21.4104569,63.0039889],[21.41099979,63.00388619],[21.41208572,63.00367139],[21.41370771,63.00333262],[21.41477217,63.00309258],[21.41529295,63.00296502],[21.4158011,63.00282969],[21.41629113,63.00268359],[21.41673427,63.00253261],[21.41715713,63.0023711],[21.41756044,63.00220095],[21.41794286,63.00202326],[21.4183008,63.00183842],[21.41862812,63.00164613],[21.4189157,63.00144537],[21.41915086,63.00123437],[21.41931619,63.00102201],[21.41943071,63.00080128],[21.4195031,63.00057489],[21.41953863,63.00034514],[21.41953945,63.00011402],[21.41950474,62.99988339],[21.41943069,62.99965506],[21.41931044,62.99943093],[21.41912753,62.99919994],[21.41890082,62.99897401],[21.41864626,62.99875147],[21.41810768,62.99831088],[21.41784877,62.99809027],[21.41772691,62.99797467],[21.41761423,62.9978678],[21.41741918,62.99764216],[21.4172816,62.99742149],[21.41719291,62.99719934],[21.41715228,62.99697849],[21.41716233,62.99676185],[21.41722939,62.9965527],[21.41736368,62.99635477],[21.41738267,62.99633781],[21.41755952,62.99617996],[21.41780418,62.99601484],[21.41835304,62.99569854],[21.41861604,62.99554044],[21.41884309,62.99537786],[21.41901052,62.99520719],[21.41909896,62.9950241],[21.41911136,62.99483309],[21.41905552,62.99463811],[21.41891861,62.99441859],[21.41871699,62.99420117],[21.418462,62.99398834],[21.41815994,62.99378295],[21.41781257,62.99358844],[21.41741744,62.99340574],[21.41699059,62.99323368],[21.41565217,62.99274414],[21.41522642,62.99257894],[21.41483213,62.99240714],[21.41448508,62.99222481],[21.41420458,62.99202721],[21.41402397,62.99183622],[21.41389404,62.99163328],[21.4137971,62.99142235],[21.41363975,62.99099052],[21.41354955,62.99077632],[21.41343102,62.99056798],[21.41326672,62.99036953],[21.41303527,62.99017915],[21.41274933,62.99000235],[21.41242077,62.98983826],[21.41205842,62.9896871],[21.41166848,62.98955026],[21.41125487,62.98943042],[21.41081945,62.98933171],[21.41036223,62.98925995],[21.40994487,62.9892256],[21.40986174,62.98921876],[21.4093428,62.98920589],[21.40881104,62.98921412],[21.40827089,62.98923807],[21.40820838,62.98924218],[21.40772594,62.98927394],[21.40717924,62.98931929],[21.40663359,62.98937277],[21.40609181,62.98943412],[21.40555699,62.98950406],[21.40503281,62.98958434],[21.40452377,62.98967782],[21.40403553,62.98978862],[21.40355049,62.98992706],[21.40308859,62.99008397],[21.40264407,62.99025433],[21.40221279,62.9904344],[21.40179191,62.99062155],[21.40137977,62.99081395],[21.40097572,62.99101049],[21.40058004,62.99121059],[21.40019397,62.99141411],[21.39981969,62.99162135],[21.39946045,62.99183295],[21.39912048,62.99204783],[21.39814551,62.99269273],[21.39781405,62.99289666],[21.39746785,62.99308824],[21.39709847,62.99326199],[21.39669564,62.99341103],[21.39630828,62.99351739],[21.39589651,62.99360749],[21.39503774,62.99377239],[21.3946078,62.99386318],[21.39415097,62.99397793],[21.39370331,62.9941072],[21.39326183,62.99424688],[21.39150106,62.9948436],[21.39104657,62.99498698],[21.39057851,62.99512128],[21.39007723,62.99524745],[21.38956076,62.99536302],[21.38903295,62.9954708],[21.38849681,62.99557285],[21.38795463,62.99567057],[21.38685917,62.99585586],[21.38575842,62.99602656],[21.38520975,62.99610367],[21.38466475,62.9961722],[21.38412606,62.9962285],[21.38359726,62.99626745],[21.38308322,62.99628216],[21.38259053,62.99626345],[21.38214768,62.99620672],[21.38173801,62.99611513],[21.38137005,62.99599257],[21.38105568,62.99584044],[21.38080947,62.99566371],[21.38061541,62.99546534],[21.38046274,62.99525121],[21.38034396,62.99502584],[21.38025441,62.99479275],[21.38019193,62.99455466],[21.38015668,62.99431374],[21.38015103,62.99407179],[21.3801795,62.99383042],[21.38024397,62.99359235],[21.38051303,62.9928954],[21.38057437,62.9926716],[21.38059213,62.99245442],[21.38054481,62.99224608],[21.38054276,62.99224301],[21.38040815,62.9920417],[21.38019264,62.99185082],[21.37991173,62.99167536],[21.37969862,62.99157652],[21.37957389,62.99151867],[21.37920455,62.99138992],[21.37880047,62.99128056],[21.3783724,62.99118994],[21.37792901,62.99111898],[21.37747746,62.99107023],[21.37702391,62.99104806],[21.37657392,62.99105877],[21.37608343,62.99111466],[21.37560113,62.99120685],[21.37512434,62.99132353],[21.37465043,62.99145507],[21.37369995,62.99173088],[21.37321682,62.99186066],[21.37272304,62.99197508],[21.3722134,62.99206561],[21.37169002,62.99212551],[21.37115092,62.99216311],[21.36948408,62.9922322],[21.36896257,62.99226331],[21.36844107,62.99230128],[21.36688087,62.99242642],[21.3663641,62.99246273],[21.36539479,62.9925219],[21.36492116,62.99255926],[21.36445953,62.99261192],[21.36404036,62.99268104],[21.36363481,62.99276785],[21.36324278,62.99286987],[21.36286501,62.99298551],[21.36250305,62.99311394],[21.36209368,62.99328261],[21.36170309,62.99346431],[21.36132563,62.99365509],[21.36095675,62.99385188],[21.35949842,62.99465576],[21.35912257,62.99485198],[21.35873515,62.9950426],[21.35833151,62.99522527],[21.35792703,62.9953909],[21.35750828,62.99554953],[21.35578257,62.9961596],[21.35535912,62.99631609],[21.35494769,62.99647837],[21.35455373,62.99664899],[21.35416817,62.99683632],[21.3537996,62.99703177],[21.35272171,62.99763107],[21.35234812,62.99782288],[21.35195452,62.99800339],[21.35156559,62.99815674],[21.35115626,62.99829576],[21.35073026,62.99841968],[21.35029041,62.99852647],[21.34983881,62.99861268],[21.34937197,62.99867531],[21.34890337,62.99871324],[21.34844192,62.9987261],[21.34799729,62.99871151],[21.34758058,62.99866488],[21.34733253,62.99861513],[21.34710495,62.9985496],[21.34678323,62.99841032],[21.34652178,62.9982394],[21.34631961,62.99804519],[21.34617999,62.99783406],[21.3461101,62.99764058],[21.34599308,62.99703471],[21.34591251,62.9968225],[21.34579473,62.99661556],[21.34563895,62.99641783],[21.34544222,62.99623393],[21.34519915,62.99606944],[21.34493505,62.99594081],[21.34463996,62.99582962],[21.34432625,62.99573265],[21.34392436,62.99563101],[21.34351325,62.99555966],[21.34309385,62.99553325],[21.34267674,62.99556233],[21.34225389,62.99563635],[21.34182697,62.99574341],[21.34139726,62.99587438],[21.34096582,62.99602241],[21.34053359,62.9961824],[21.34010161,62.99635065],[21.33967116,62.99652448],[21.33882244,62.99688202],[21.33801121,62.99724648],[21.3376328,62.99743027],[21.33728368,62.997615],[21.33697596,62.99780079],[21.33672582,62.99798782],[21.33656036,62.99816228],[21.33646717,62.99833266],[21.33645539,62.99849335],[21.33653979,62.99863816],[21.33674682,62.99877024],[21.33704631,62.99888577],[21.3381817,62.99921646],[21.33854814,62.99934913],[21.33884607,62.999493],[21.33909988,62.99965478],[21.33930616,62.99983053],[21.33945871,63.00001718],[21.33954809,63.00021248],[21.33956842,63.00040731],[21.33953992,63.00060778],[21.33926225,63.00151969],[21.33913775,63.00202905],[21.33908614,63.00228588],[21.33901074,63.00279913],[21.33899186,63.00305374],[21.33899068,63.0033056],[21.33901289,63.0035534],[21.3390661,63.00379546],[21.33916031,63.00402965],[21.3393084,63.00425325],[21.33949593,63.00444449],[21.33971905,63.00462836],[21.34019277,63.0049884],[21.34040414,63.00517136],[21.34057053,63.00536082],[21.34067946,63.00557395],[21.34072235,63.00579509],[21.34070786,63.00602087],[21.3406402,63.00624806],[21.34051928,63.00647341],[21.34035071,63.00668672],[21.34013895,63.00689441],[21.3398913,63.00709539],[21.33961196,63.00728789],[21.33930234,63.00746937],[21.33896115,63.00763635],[21.33858442,63.00778412],[21.33826476,63.00788251],[21.33792398,63.00796668],[21.33756544,63.00803702],[21.33707207,63.00810927],[21.33656032,63.00816275],[21.33603657,63.00820143],[21.3355061,63.00822789],[21.3349735,63.00824347],[21.33444306,63.00824832],[21.33391914,63.00824144],[21.33340655,63.00822058],[21.33291089,63.00818217],[21.33243899,63.00812109],[21.33199387,63.00803099],[21.33158868,63.00791195],[21.3312355,63.00776887],[21.33091261,63.00760705],[21.33029823,63.00725971],[21.32997894,63.00708874],[21.32963283,63.00692898],[21.32922294,63.00677663],[21.32878052,63.00663876],[21.32739439,63.0062526],[21.32695861,63.00611364],[21.32656267,63.0059588],[21.32622239,63.00578247],[21.32594088,63.00558782],[21.32572147,63.0053791],[21.325573,63.0051595],[21.32550704,63.00495056],[21.3255011,63.0047382],[21.32554722,63.00452597],[21.32564156,63.00431742],[21.32578424,63.00411638],[21.32597932,63.00392715],[21.32623487,63.00375473],[21.32658104,63.00359342],[21.32698746,63.00345082],[21.32743609,63.00332092],[21.3279124,63.0031986],[21.32890099,63.00295891],[21.32939249,63.00283303],[21.32986827,63.00269717],[21.33033466,63.00254183],[21.3307693,63.00237308],[21.3311669,63.0021929],[21.33151844,63.00200248],[21.33181026,63.00180236],[21.33199613,63.00162882],[21.33212467,63.00145208],[21.33218975,63.00127562],[21.33218136,63.00110307],[21.33208209,63.0009262],[21.33190507,63.00076018],[21.3316684,63.00060768],[21.33138575,63.0004725],[21.33106711,63.00035985],[21.33071942,63.00027662],[21.33034703,63.00023179],[21.32992599,63.00023402],[21.32948688,63.00027885],[21.32903546,63.00035521],[21.32857598,63.00045465],[21.32811167,63.00057079],[21.32764501,63.00069895],[21.32717803,63.00083579],[21.32671256,63.00097904],[21.32579374,63.00128001],[21.32534501,63.00143712],[21.32490749,63.00159931],[21.32448539,63.00176785],[21.3240842,63.00194468],[21.3237174,63.0021266],[21.32337077,63.00231577],[21.32303944,63.00250959],[21.32271997,63.00270595],[21.32210945,63.00309923],[21.32180154,63.00330723],[21.32152342,63.00351763],[21.3212971,63.00373583],[21.32114829,63.00395154],[21.32105248,63.0041763],[21.32099775,63.0044076],[21.3209754,63.00464337],[21.32097956,63.0048819],[21.32100681,63.00512169],[21.32105601,63.00536139],[21.32112811,63.00559965],[21.32122617,63.00583505],[21.32135538,63.00606602],[21.32153182,63.00630606],[21.32173835,63.00653955],[21.32196331,63.0067666],[21.32258765,63.0073491],[21.32272578,63.00750038],[21.32286437,63.00772503],[21.32294769,63.00796245],[21.32296752,63.00807788],[21.32309395,63.00808913],[21.32299102,63.00822698],[21.32300312,63.00846329],[21.32299592,63.00872192],[21.3229089,63.0097684],[21.32290751,63.01002366],[21.32293167,63.01027143],[21.32299395,63.01050798],[21.32311068,63.01072846],[21.32330307,63.01092646],[21.32352058,63.01106202],[21.32379083,63.01117947],[21.32410554,63.01127883],[21.3245418,63.01137673],[21.32501925,63.01145567],[21.32552469,63.0115238],[21.32657967,63.01165587],[21.32708222,63.01172692],[21.32758449,63.01180537],[21.3280849,63.01189038],[21.32858202,63.01198137],[21.32907438,63.01207798],[21.32956034,63.01218009],[21.33003794,63.01228773],[21.33154236,63.01265606],[21.33202936,63.01276582],[21.3325112,63.01285723],[21.33298814,63.01292073],[21.33345984,63.01294431],[21.33389778,63.01292074],[21.33432714,63.01285866],[21.33474409,63.01276564],[21.33514371,63.01264684],[21.33551972,63.01250529],[21.33586414,63.0123421],[21.33616592,63.01216156],[21.33643951,63.01196596],[21.33654365,63.01188231],[21.33669516,63.0117606],[21.33705831,63.01144958],[21.3371888,63.01133781],[21.33744401,63.011128],[21.33771687,63.01092422],[21.33801768,63.01073049],[21.33836729,63.01054377],[21.33874968,63.01036944],[21.33915696,63.010205],[21.33958319,63.01004875],[21.340024,63.0098997],[21.34047639,63.0097576],[21.34093852,63.00962291],[21.34140959,63.00949689],[21.34188974,63.00938165],[21.34238002,63.00928033],[21.34288244,63.00919729],[21.3433875,63.0091374],[21.34390247,63.0090964],[21.34422,63.00908126],[21.34442348,63.00907155],[21.34494723,63.00906132],[21.34542338,63.00906495],[21.34547069,63.00906531],[21.34599095,63.00908414],[21.34653659,63.00911969],[21.34761826,63.00920036],[21.34815952,63.00922292],[21.34870149,63.00922089],[21.34924605,63.00919755],[21.34979216,63.00915794],[21.35033879,63.00910581],[21.3508849,63.00904382],[21.3514293,63.00897365],[21.35197058,63.0088961],[21.35250696,63.00881116],[21.35303615,63.00871799],[21.3535552,63.00861488],[21.35406028,63.00849919],[21.35455874,63.00836572],[21.35504264,63.0082198],[21.35551595,63.0080649],[21.35644203,63.00773802],[21.35735299,63.00739887],[21.3597901,63.00647222],[21.3605187,63.00619518],[21.3614319,63.0058585],[21.36235803,63.00553234],[21.36282899,63.00537574],[21.36330757,63.00522548],[21.36379617,63.0050836],[21.36425022,63.00496294],[21.36516785,63.00473136],[21.3656202,63.004612],[21.36606019,63.00448436],[21.3664861,63.00434375],[21.36689637,63.0041926],[21.36729388,63.00403316],[21.36768061,63.00386715],[21.36805762,63.00369578],[21.36842517,63.00351987],[21.36850075,63.00348182],[21.36878269,63.00333988],[21.36912879,63.00315596],[21.36946117,63.00296797],[21.36977656,63.00277552],[21.37007064,63.00257798],[21.37034589,63.00237197],[21.37087453,63.00196048],[21.37115811,63.001765],[21.37147605,63.00158396],[21.371871,63.00141048],[21.37231193,63.00125586],[21.37278683,63.00111583],[21.37328632,63.00098762],[21.37380302,63.00086985],[21.37433104,63.0007625],[21.37486536,63.00066698],[21.37540141,63.00058625],[21.37593454,63.00052511],[21.37645953,63.00049055],[21.37696998,63.00049226],[21.37737095,63.00052718],[21.37775231,63.00058998],[21.37810813,63.0006774],[21.3784308,63.00078765],[21.3787106,63.00092036],[21.37897463,63.00110411],[21.379179,63.00131098],[21.37933511,63.00153364],[21.37944983,63.0017663],[21.37952584,63.00200418],[21.37956172,63.00224323],[21.37955184,63.00247971],[21.37948606,63.00270991],[21.37934919,63.00292988],[21.37911858,63.00314462],[21.37881586,63.00334757],[21.37846229,63.00354212],[21.37807434,63.00373108],[21.37640457,63.00447712],[21.37600103,63.0046725],[21.37564473,63.00486063],[21.37530336,63.00505463],[21.37497377,63.00525311],[21.37465352,63.005455],[21.37403428,63.00586615],[21.37343747,63.00628445],[21.37314709,63.00649596],[21.37258587,63.00692452],[21.37230118,63.0071554],[21.37175146,63.00762303],[21.3712154,63.00809565],[21.3701545,63.00904969],[21.36962864,63.00953016],[21.36911681,63.01001256],[21.36887283,63.01025418],[21.36864284,63.01049571],[21.36843364,63.01073662],[21.36825454,63.01097611],[21.36811811,63.01121298],[21.36804107,63.01144546],[21.3680355,63.01164806],[21.36808591,63.01184107],[21.36818677,63.01201952],[21.36833629,63.01217724],[21.36853641,63.01230647],[21.36879284,63.01239748],[21.36914783,63.01244495],[21.36956228,63.01244636],[21.3700197,63.01241395],[21.37050771,63.01235704],[21.37101716,63.01228264],[21.37154134,63.01219596],[21.37207547,63.01210078],[21.37316105,63.01189517],[21.37645596,63.0112487],[21.37754589,63.01104751],[21.37808357,63.01095604],[21.37861261,63.01087451],[21.37912857,63.01080718],[21.37962525,63.01075984],[21.38009406,63.01074024],[21.38052331,63.01075861],[21.38080336,63.01080215],[21.38104696,63.01087076],[21.38124536,63.01096319],[21.38143029,63.01112134],[21.38153875,63.01131003],[21.38158821,63.01152001],[21.38159082,63.01174385],[21.38155416,63.01197539],[21.38148155,63.01220929],[21.38137241,63.01244056],[21.38122214,63.01266416],[21.38102202,63.01287457],[21.38075875,63.01306542],[21.38041288,63.01323507],[21.38000387,63.01338241],[21.37954875,63.013512],[21.37906038,63.01362701],[21.37854844,63.01372936],[21.37802016,63.0138199],[21.377481,63.0138985],[21.37693529,63.01396412],[21.37591339,63.01406095],[21.37541462,63.01411437],[21.37493366,63.01418458],[21.37449238,63.0142762],[21.3740751,63.01438921],[21.37368275,63.01452005],[21.37331837,63.01466631],[21.37298734,63.01482657],[21.3726978,63.01500035],[21.37245408,63.01519077],[21.3722624,63.01539114],[21.37212407,63.01559764],[21.37204479,63.01580683],[21.3720349,63.01601545],[21.37209361,63.0161995],[21.37221076,63.01637831],[21.37237994,63.01654943],[21.37259792,63.01671001],[21.3728646,63.01685659],[21.37323927,63.01700757],[21.37366611,63.01713945],[21.37413058,63.01725681],[21.37462174,63.01736302],[21.37513151,63.01746037],[21.37565394,63.01755021],[21.3761848,63.017633],[21.3767211,63.01770835],[21.37726078,63.01777498],[21.3778025,63.01783061],[21.3783454,63.01787181],[21.37888898,63.01789379],[21.37941261,63.01789292],[21.37993519,63.01787361],[21.38045526,63.01783982],[21.38097117,63.01779431],[21.38148091,63.01773878],[21.38198196,63.01767399],[21.38247109,63.01759975],[21.38294409,63.01751495],[21.3833955,63.0174175],[21.38381829,63.01730418],[21.38415262,63.01719361],[21.38479964,63.01695489],[21.3852304,63.01680878],[21.38568361,63.01666903],[21.38615419,63.01653442],[21.38663806,63.01640391],[21.38770327,63.01613595],[21.3890186,63.01582502],[21.39036795,63.01551533],[21.39228649,63.01508448],[21.39374061,63.0149463],[21.39441469,63.01487643],[21.39514273,63.01479524],[21.39538162,63.01476604],[21.39588949,63.01470397],[21.3966196,63.01460374],[21.3972469,63.01450518],[21.39780554,63.01440514],[21.39829436,63.01430604],[21.39877132,63.01420171],[21.39924003,63.01409163],[21.39956596,63.01400907],[21.39969902,63.01397536],[21.4001462,63.01385204],[21.40034619,63.01379168],[21.40097715,63.01360127],[21.40139778,63.01347956],[21.40189661,63.01335112],[21.40241157,63.01323276],[21.40293841,63.0131218],[21.40401584,63.01291452],[21.40511227,63.01271861],[21.40956592,63.01196445]]],[[[21.60580469,62.97620491],[21.63392474,62.97084723],[21.61022361,62.94724565],[21.60883995,62.94595593],[21.60743229,62.94471653],[21.60390332,62.9426774],[21.60044346,62.93951173],[21.59800683,62.93667911],[21.59774837,62.93524512],[21.59652025,62.93321538],[21.5946201,62.93069534],[21.59211579,62.92851736],[21.59323936,62.92816358],[21.59351949,62.92673561],[21.59261951,62.92311743],[21.59008341,62.921089],[21.58680614,62.91577529],[21.58669155,62.91569994],[21.58463227,62.91000991],[21.57967438,62.90887509],[21.56718949,62.90706896],[21.54301866,62.89857931],[21.52848388,62.89383124],[21.50435831,62.88234139],[21.50312644,62.88230833],[21.50137996,62.88218233],[21.46777848,62.8891342],[21.45996292,62.89325332],[21.4497243,62.8965074],[21.44755245,62.89677681],[21.44627402,62.8982781],[21.43163969,62.90531015],[21.43016517,62.90499252],[21.42272616,62.90729648],[21.41376558,62.90788814],[21.41309968,62.90834854],[21.41308796,62.90846556],[21.413052,62.90899741],[21.41304335,62.90926168],[21.41304495,62.90952402],[21.41306155,62.90978354],[21.41309968,62.91003902],[21.41316827,62.91028882],[21.41327922,62.91053078],[21.41344823,62.91076201],[21.41368758,62.91097988],[21.4139849,62.91118706],[21.41432459,62.91138642],[21.41469469,62.91158014],[21.41508608,62.91176987],[21.41590605,62.91214196],[21.41631546,62.91232237],[21.41715618,62.91269284],[21.41756029,62.91287669],[21.41794883,62.9130615],[21.41831398,62.91324791],[21.41864546,62.91343674],[21.41892966,62.91362906],[21.4191487,62.91382631],[21.41927926,62.91403035],[21.41930662,62.91420068],[21.41927825,62.91437653],[21.41921224,62.91455776],[21.41912465,62.91474449],[21.41864032,62.91572009],[21.41852837,62.91597304],[21.41842873,62.91622763],[21.41834697,62.91648326],[21.41829015,62.9167394],[21.41826505,62.91698818],[21.41826839,62.91723611],[21.41829881,62.91748219],[21.41835735,62.91772524],[21.41844761,62.91796383],[21.41857593,62.91819617],[21.41875183,62.91841997],[21.418997,62.9186448],[21.41929167,62.91886027],[21.41962193,62.91906898],[21.4199772,62.91927294],[21.42034936,62.91947374],[21.4222827,62.9204691],[21.42265664,62.92067341],[21.4230171,62.92088226],[21.42335278,62.92109165],[21.42367499,62.92130551],[21.42398713,62.92152269],[21.42459125,62.92196361],[21.42547086,62.92263353],[21.42952813,62.92577655],[21.43009594,62.92622689],[21.43063824,62.92668055],[21.43089171,62.92690968],[21.43112666,62.92714124],[21.43133594,62.92737616],[21.43151018,62.92761568],[21.4316447,62.92786712],[21.43174263,62.92812336],[21.43181399,62.92838309],[21.43186638,62.92864531],[21.43190545,62.92890928],[21.43195927,62.92944045],[21.43211209,62.93184362],[21.43226389,62.93397876],[21.43228965,62.93451149],[21.43229074,62.93504274],[21.4322744,62.93530737],[21.43224055,62.93557099],[21.43218257,62.93583322],[21.43209546,62.93609283],[21.43198433,62.93635105],[21.4318557,62.93660827],[21.43171452,62.93686477],[21.43140828,62.93737639],[21.43075362,62.93839726],[21.43034061,62.93902606],[21.42891064,62.94120292],[21.42858391,62.94171326],[21.4282751,62.94222391],[21.42813361,62.94247945],[21.42800604,62.94273524],[21.42789815,62.94299136],[21.42781766,62.94324795],[21.42779609,62.94337718],[21.42777472,62.9435052],[21.42777622,62.94374825],[21.42781139,62.9439919],[21.42787127,62.94423601],[21.42794883,62.94448049],[21.4280385,62.94472527],[21.42853437,62.94595311],[21.42862097,62.94619971],[21.42869549,62.94644686],[21.42875352,62.94669469],[21.42879141,62.94694102],[21.42881343,62.94718793],[21.42882429,62.94743517],[21.42883537,62.94842178],[21.42884986,62.94866602],[21.42887871,62.9489082],[21.42892859,62.94914749],[21.42900791,62.94938283],[21.42912729,62.94961285],[21.42930605,62.94984894],[21.42952925,62.95007916],[21.42978508,62.95030507],[21.43006455,62.95052787],[21.43036088,62.95074844],[21.43066903,62.95096747],[21.43130704,62.95140267],[21.43359672,62.95291903],[21.43423509,62.95335507],[21.434845,62.95379585],[21.43513132,62.95401934],[21.43539866,62.95424597],[21.43564007,62.95447689],[21.43584647,62.95471357],[21.43600252,62.95494326],[21.43612789,62.955178],[21.43623146,62.95541629],[21.43632067,62.9556569],[21.43656403,62.95638183],[21.43665677,62.95662091],[21.43676625,62.95685659],[21.4369007,62.95708724],[21.43707013,62.95731082],[21.43727269,62.9575164],[21.43750973,62.95771431],[21.43777455,62.95790519],[21.43806239,62.95808916],[21.43837016,62.95826582],[21.43869627,62.95843425],[21.43904055,62.95859299],[21.43940412,62.95873997],[21.44056979,62.95914027],[21.44097569,62.95930004],[21.4413655,62.95947249],[21.4417429,62.95965455],[21.44211093,62.95984382],[21.44247204,62.96003832],[21.44459731,62.96124178],[21.44496179,62.96143785],[21.44533594,62.96162893],[21.44572381,62.9618129],[21.44613059,62.96198706],[21.4465683,62.96215201],[21.44702563,62.96230677],[21.44749728,62.9624541],[21.44846843,62.9627343],[21.44946039,62.96300365],[21.45046202,62.96326774],[21.45197321,62.96365744],[21.45298709,62.9639104],[21.45401174,62.96415119],[21.45453119,62.96426362],[21.45505791,62.96436797],[21.45558125,62.96446042],[21.45611162,62.96454507],[21.45664717,62.96462399],[21.45718646,62.96469873],[21.45827229,62.96484013],[21.46209667,62.96530782],[21.46373064,62.96551361],[21.4648107,62.96566096],[21.46534544,62.96574044],[21.46587488,62.96582576],[21.46639715,62.96591896],[21.4669038,62.96602025],[21.46740346,62.96612924],[21.46838862,62.96636284],[21.46936274,62.96660873],[21.47227024,62.96736489],[21.47251012,62.96742501],[21.47324733,62.96760979],[21.47374039,62.96772781],[21.47423801,62.96784128],[21.47474177,62.96794856],[21.47526168,62.96804992],[21.47578796,62.96814479],[21.47631901,62.96823472],[21.47739086,62.96840382],[21.478471,62.9685613],[21.47955656,62.96870518],[21.48010113,62.96876955],[21.48013949,62.96877355],[21.48064697,62.96882648],[21.48119426,62.96887331],[21.48174327,62.96890651],[21.48229436,62.96892145],[21.48281976,62.96891542],[21.48334704,62.96889358],[21.48387583,62.96886098],[21.48546684,62.96874038],[21.48599639,62.9687057],[21.48652363,62.96868091],[21.48704668,62.96867127],[21.4875165,62.96867983],[21.48797723,62.96870523],[21.48842451,62.96874756],[21.48885279,62.96880796],[21.48925503,62.96888869],[21.48964716,62.96899892],[21.49000058,62.96912982],[21.49031318,62.96927648],[21.49057945,62.96943514],[21.49079011,62.96960305],[21.49092082,62.96976007],[21.49098263,62.96992198],[21.49095166,62.97012556],[21.49082558,62.97033355],[21.4906301,62.97054447],[21.49038477,62.97075724],[21.49010426,62.97097112],[21.48979941,62.97118557],[21.48914616,62.97161492],[21.48846491,62.97204373],[21.4860583,62.97353694],[21.48538228,62.97396294],[21.48471832,62.97439066],[21.48407628,62.97482276],[21.48376891,62.97504183],[21.48347515,62.97526403],[21.48319975,62.97549051],[21.4829423,62.97572633],[21.48270371,62.97596659],[21.48226411,62.97645596],[21.48165445,62.97720182],[21.48009683,62.97920785],[21.47949364,62.9799545],[21.47906019,62.98044236],[21.47882487,62.98068027],[21.47857037,62.98091192],[21.47828947,62.98113489],[21.47797274,62.98134602],[21.4776165,62.98154086],[21.47722564,62.98172417],[21.47681009,62.98189916],[21.4763779,62.98206838],[21.47504669,62.98256024],[21.47461205,62.98272413],[21.47419384,62.98289055],[21.4738015,62.98306134],[21.47344708,62.98323873],[21.47314618,62.98342554],[21.47291898,62.98362538],[21.47278333,62.98383757],[21.47271975,62.98406251],[21.47270936,62.98429685],[21.47273775,62.984538],[21.47279414,62.98478399],[21.47287062,62.98503334],[21.47296159,62.98528491],[21.47306327,62.98553785],[21.47329076,62.9860453],[21.4735485,62.98655154],[21.47369176,62.98680306],[21.47384822,62.98705283],[21.4740142,62.98729217],[21.47437635,62.98776624],[21.47494133,62.98847125],[21.47529199,62.98894034],[21.47544626,62.98917531],[21.47557809,62.98941091],[21.47567902,62.98964746],[21.47573824,62.98988532],[21.4757466,62.99013379],[21.47571026,62.99038372],[21.47564082,62.99063477],[21.4755472,62.99088667],[21.47531315,62.99139212],[21.47477289,62.9924043],[21.47451805,62.99290645],[21.47440821,62.99315467],[21.47431835,62.99339973],[21.47425723,62.99364023],[21.47423649,62.99387432],[21.47427153,62.99409954],[21.47438241,62.99431266],[21.47459166,62.99451605],[21.47488007,62.99470682],[21.4752261,62.99488843],[21.47545151,62.99499034],[21.47561341,62.99506352],[21.47602975,62.99523405],[21.4764661,62.99540147],[21.47691587,62.99556684],[21.47783818,62.99589424],[21.48085946,62.99693999],[21.48111987,62.99703012],[21.48206252,62.99734756],[21.48253777,62.99750217],[21.48301769,62.99765228],[21.48350448,62.99779599],[21.48400103,62.99793078],[21.48451109,62.99805334],[21.48503562,62.9981606],[21.48557373,62.99825571],[21.4861218,62.99834196],[21.48667701,62.99842194],[21.48834262,62.99863883],[21.48910304,62.99873785],[21.48948922,62.99878813],[21.49004501,62.9988648],[21.49059217,62.99894664],[21.49112617,62.99903624],[21.49164093,62.99913701],[21.4921283,62.99925345],[21.49257749,62.99939141],[21.49295748,62.99954565],[21.49330067,62.9997196],[21.49361377,62.99990848],[21.49390082,63.00010874],[21.4941633,63.00031775],[21.49440017,63.00053375],[21.49460778,63.00075564],[21.49477966,63.00098292],[21.49490616,63.0012156],[21.49497823,63.00144909],[21.49500706,63.00168662],[21.49500245,63.00192687],[21.49497135,63.00216874],[21.49491823,63.00241125],[21.49484529,63.00265348],[21.49475262,63.00289448],[21.49463829,63.00313316],[21.49449818,63.00336824],[21.49432528,63.00360228],[21.49412539,63.00383089],[21.4939023,63.00405353],[21.49365753,63.00426904],[21.49339038,63.00447562],[21.49309788,63.00467061],[21.49277465,63.00485035],[21.49241266,63.00500998],[21.49238591,63.00501885],[21.49395006,63.00514176],[21.50663231,63.00062091],[21.50648774,63.00043451],[21.52871482,62.98623919],[21.54839963,62.98190028],[21.56448269,62.9790674],[21.58515536,62.97912644],[21.60580469,62.97620491]]]]}},{"type":"Feature","id":"65100","properties":{"code":"65100","name_fi":"Vaasa Keskus","name_sv":"Vasa centrum","statistics_year":2024,"population":20467,"employed":9546,"unemployed":885,"students":3053,"average_income":18607,"employed_share":46.64093418673963,"unemployed_share":4.324033810524259,"student_share":14.916695167831143},"geometry":{"type":"MultiPolygon","coordinates":[[[[21.62562182,63.1085327],[21.64317813,63.10165294],[21.65417361,63.09713028],[21.65846415,63.09579908],[21.65705695,63.0924221],[21.6544685,63.09031391],[21.65206455,63.0864758],[21.65194039,63.08637255],[21.64471418,63.08382961],[21.64008733,63.08430226],[21.6361501,63.08296272],[21.62787638,63.08475902],[21.62734418,63.08406504],[21.6279851,63.08236392],[21.62552642,63.08172409],[21.62541163,63.08169422],[21.62537495,63.08173347],[21.62396121,63.08324621],[21.62033319,63.08404485],[21.61903882,63.08604153],[21.61620856,63.0857612],[21.61547886,63.0861771],[21.61181778,63.08568099],[21.61349613,63.08299134],[21.61310952,63.08307876],[21.61271389,63.08320144],[21.61234857,63.0833638],[21.61203139,63.08355273],[21.61174928,63.08376104],[21.61149231,63.08398326],[21.61125307,63.0842153],[21.61080728,63.08469754],[21.61038383,63.08519221],[21.6085166,63.08743954],[21.60725757,63.08893],[21.60639987,63.08991852],[21.60595232,63.0904087],[21.60571896,63.09065176],[21.60547601,63.09089278],[21.60523206,63.0911216],[21.60471956,63.09157409],[21.6039163,63.09224568],[21.60255312,63.09336035],[21.60176057,63.09403417],[21.60151036,63.09426137],[21.60127225,63.09449077],[21.60105085,63.09472314],[21.60086082,63.09494607],[21.60068816,63.09517189],[21.60053128,63.09540014],[21.60038984,63.0956305],[21.60026477,63.09586285],[21.60015831,63.0960972],[21.60006335,63.09636162],[21.5999886,63.09662804],[21.5999284,63.09689595],[21.59983674,63.09743474],[21.5997709,63.09797582],[21.59974693,63.09824671],[21.59972472,63.09878797],[21.59973336,63.09905762],[21.59976243,63.09932586],[21.59981997,63.09959184],[21.59990412,63.09983349],[21.60001404,63.10007203],[21.60014453,63.1003069],[21.60029219,63.10053706],[21.6004553,63.10076096],[21.60063377,63.10097632],[21.60082914,63.10118001],[21.60104468,63.10136783],[21.60128559,63.10153423],[21.6015593,63.101672],[21.60187579,63.1017719],[21.6022711,63.10183005],[21.60271423,63.10185227],[21.60369675,63.10186087],[21.60417118,63.10187547],[21.60465282,63.10190183],[21.60513425,63.10193915],[21.60560794,63.10198729],[21.60606569,63.10204686],[21.60649805,63.10211932],[21.60689368,63.10220712],[21.60723865,63.10231385],[21.60751572,63.10244446],[21.60772148,63.10261327],[21.60785551,63.10280736],[21.60794172,63.10301968],[21.60810717,63.10371581],[21.60818939,63.10395541],[21.60830681,63.10418891],[21.60845657,63.10442136],[21.6086314,63.1046527],[21.60882566,63.10488291],[21.60903512,63.10511196],[21.60948857,63.10556637],[21.60997932,63.10601492],[21.61023861,63.10623632],[21.61081692,63.106697],[21.61142166,63.10715143],[21.61235281,63.10782775],[21.61511919,63.10979458],[21.61802534,63.10960541],[21.61882602,63.10953004],[21.62090948,63.10927141],[21.62271219,63.10890226],[21.62562182,63.1085327]]]]}},{"type":"Feature","id":"65130","properties":{"code":"65130","name_fi":"Hietalahti","name_sv":"Sandviken","statistics_year":2024,"population":0,"employed":0,"unemployed":0,"students":0,"average_income":0,"employed_share":null,"unemployed_share":null,"student_share":null},"geometry":{"type":"MultiPolygon","coordinates":[[[[21.62537495,63.08173347],[21.62486192,63.08175412],[21.62331641,63.08179896],[21.62280514,63.08182565],[21.62228665,63.08186692],[21.62177137,63.08192024],[21.62125825,63.08198242],[21.62023509,63.08212321],[21.61869736,63.08234606],[21.61766272,63.08248271],[21.61713203,63.08254391],[21.61502104,63.08276619],[21.61451154,63.08282782],[21.61401829,63.08289762],[21.61354805,63.0829796],[21.61349613,63.08299134],[21.61181778,63.08568099],[21.61547886,63.0861771],[21.61620856,63.0857612],[21.61903882,63.08604153],[21.62033319,63.08404485],[21.62396121,63.08324621],[21.62537495,63.08173347]]]]}},{"type":"Feature","id":"65230","properties":{"code":"65230","name_fi":"Vetokannas","name_sv":"Dragnäsbäck","statistics_year":2024,"population":5606,"employed":2571,"unemployed":238,"students":538,"average_income":4353,"employed_share":45.861576881912235,"unemployed_share":4.24545130217624,"student_share":9.596860506600072},"geometry":{"type":"MultiPolygon","coordinates":[[[[21.61013631,63.13239837],[21.61080747,63.13231299],[21.61137918,63.13238923],[21.61157426,63.13234121],[21.61179258,63.13233809],[21.61238438,63.13251715],[21.61441196,63.1320798],[21.61599469,63.13218028],[21.61620015,63.13215306],[21.61662813,63.13218614],[21.61704009,63.1321506],[21.61781755,63.13218718],[21.61795189,63.13213083],[21.61875975,63.1319507],[21.61876035,63.13195048],[21.61941022,63.1319123],[21.61953084,63.13191642],[21.61988146,63.13187513],[21.62035466,63.13186631],[21.62073452,63.13183776],[21.62091912,63.13182641],[21.62184796,63.13152773],[21.62433298,63.13093507],[21.62513538,63.13071505],[21.62518762,63.13067488],[21.62674559,63.12998895],[21.62848671,63.12945576],[21.63000059,63.12905163],[21.63295493,63.12846149],[21.63513804,63.12782119],[21.63546998,63.12773033],[21.63564057,63.12735399],[21.63599454,63.12664958],[21.63868894,63.12537846],[21.63881289,63.12534076],[21.63754346,63.12300342],[21.63974294,63.11922296],[21.64285695,63.11568797],[21.64276406,63.11516303],[21.64087782,63.11446258],[21.64153725,63.11402757],[21.64346456,63.11426283],[21.64370794,63.11391507],[21.64375572,63.11370085],[21.64311199,63.11341582],[21.64311866,63.11336168],[21.64251762,63.11314837],[21.64147483,63.11269817],[21.64070807,63.1125863],[21.63994134,63.11231084],[21.63896011,63.11212256],[21.63812068,63.1121501],[21.6377786,63.11182322],[21.63667697,63.11215785],[21.63497563,63.11164948],[21.63464212,63.11151772],[21.63434588,63.11151904],[21.63290169,63.11134433],[21.6307054,63.11080464],[21.62800679,63.10991476],[21.62271219,63.10890226],[21.62090948,63.10927141],[21.61882602,63.10953004],[21.61802534,63.10960541],[21.61511919,63.10979458],[21.61584129,63.11030791],[21.61644462,63.11076155],[21.61672521,63.11098818],[21.61698215,63.11121425],[21.61720481,63.1114392],[21.6173788,63.11166222],[21.61748488,63.11188218],[21.61749768,63.11209746],[21.61740557,63.1122939],[21.61722853,63.11248436],[21.61698686,63.11266824],[21.61669577,63.1128442],[21.61636619,63.11300998],[21.61600551,63.11316222],[21.61561811,63.11329623],[21.61520573,63.11340567],[21.6149367,63.11345265],[21.61375931,63.11438338],[21.60912004,63.11644346],[21.60763332,63.11753564],[21.6044704,63.11891639],[21.60219565,63.11989961],[21.60136575,63.11971182],[21.60136545,63.11971241],[21.60119642,63.11992596],[21.60096188,63.12012666],[21.60064472,63.12031575],[21.60026667,63.12048995],[21.59984539,63.12065338],[21.59939433,63.12080933],[21.59892372,63.12096045],[21.5974656,63.12140584],[21.59698186,63.12155793],[21.59650697,63.12171517],[21.59604581,63.12188],[21.59562215,63.12204609],[21.59521197,63.12221948],[21.59441944,63.12258127],[21.59288313,63.12332892],[21.59211102,63.12369468],[21.59171735,63.12386933],[21.59131521,63.12403466],[21.5909013,63.12418665],[21.59047146,63.12432001],[21.59002054,63.12442783],[21.58956517,63.12450165],[21.58909316,63.12455],[21.58863134,63.1245761],[21.58861238,63.12457717],[21.58813032,63.12458572],[21.58765465,63.12457659],[21.58726256,63.12455321],[21.5877919,63.12502335],[21.58807186,63.12521734],[21.58839196,63.12543913],[21.58897787,63.12563486],[21.58982686,63.12632371],[21.5899754,63.12639134],[21.59000091,63.12640022],[21.59080152,63.12682602],[21.59094812,63.12692804],[21.59201542,63.12711722],[21.59203722,63.12712753],[21.59236279,63.12740571],[21.59322757,63.12758168],[21.59366866,63.12781439],[21.59418929,63.12806883],[21.59601473,63.12828063],[21.59684986,63.12764368],[21.59780201,63.12736191],[21.59926201,63.12782485],[21.5997854,63.12827662],[21.5998499,63.12828705],[21.60013951,63.12836774],[21.6002702,63.12844451],[21.60050629,63.1287002],[21.60234162,63.12925304],[21.60455685,63.12945954],[21.60503129,63.12961084],[21.6050784,63.12963254],[21.60561079,63.12976487],[21.60618535,63.12998664],[21.60645938,63.13019312],[21.60661327,63.13057125],[21.60680303,63.13073162],[21.60684438,63.13079332],[21.60693346,63.13087208],[21.60712976,63.13121603],[21.60742319,63.13137659],[21.60760078,63.13143307],[21.60814193,63.13187518],[21.60824436,63.1322281],[21.60918273,63.13252966],[21.61013631,63.13239837]]]]}},{"type":"Feature","id":"65170","properties":{"code":"65170","name_fi":"Vaskiluoto","name_sv":"Vasklot","statistics_year":2024,"population":230,"employed":126,"unemployed":2,"students":21,"average_income":180,"employed_share":54.78260869565217,"unemployed_share":0.8695652173913043,"student_share":9.130434782608695},"geometry":{"type":"MultiPolygon","coordinates":[[[[21.57426774,63.0809968],[21.57386999,63.08099916],[21.57343477,63.08103595],[21.5729723,63.08109772],[21.57249032,63.08117729],[21.57199462,63.08126931],[21.57097805,63.08147605],[21.56942577,63.08181139],[21.56735403,63.08227143],[21.56633059,63.08250733],[21.5661466,63.08255257],[21.5653261,63.08275432],[21.56483524,63.08288532],[21.56435244,63.0830237],[21.56387787,63.08316774],[21.56340935,63.08331588],[21.56248422,63.08362008],[21.56199505,63.08378622],[21.56111189,63.08408618],[21.55974716,63.08455669],[21.55793967,63.08519051],[21.55704982,63.08551485],[21.55661217,63.0856809],[21.55618184,63.08585081],[21.5557608,63.08602517],[21.55493664,63.08638355],[21.55481135,63.08643908],[21.55330093,63.08710846],[21.55246059,63.08745847],[21.55202788,63.08762574],[21.55158348,63.08778533],[21.55115769,63.08792594],[21.54987164,63.08832617],[21.54965602,63.08839829],[21.549465,63.08846217],[21.54908479,63.08860465],[21.54874327,63.08875725],[21.54845565,63.08892428],[21.54823201,63.0891116],[21.54806815,63.08931358],[21.54795335,63.08952563],[21.54788093,63.08974381],[21.54784797,63.08996456],[21.54785518,63.09018453],[21.54790703,63.09040028],[21.54801189,63.09060813],[21.54818245,63.0908039],[21.54843749,63.09098956],[21.54875823,63.09116159],[21.54912706,63.09132351],[21.54953044,63.0914781],[21.549958,63.09162757],[21.55040187,63.09177367],[21.55223754,63.09235111],[21.55269353,63.09249954],[21.55314235,63.0926521],[21.55358088,63.09281035],[21.55385538,63.09291691],[21.55402438,63.09298252],[21.55445661,63.09316071],[21.55488076,63.09334307],[21.55522968,63.09349759],[21.55654759,63.09408118],[21.55696883,63.09425847],[21.55739736,63.09442763],[21.55783685,63.09458469],[21.55829183,63.0947244],[21.55876799,63.0948399],[21.55923604,63.09492057],[21.55972102,63.09497785],[21.56021607,63.09501552],[21.56071486,63.09503571],[21.56121117,63.09503901],[21.5616985,63.09502446],[21.56216965,63.09498951],[21.56261624,63.09492986],[21.56302823,63.09483935],[21.56340803,63.09470896],[21.56375126,63.09454807],[21.56406849,63.09436557],[21.56436844,63.09416871],[21.5652349,63.09355076],[21.5655338,63.09335389],[21.56584885,63.09317162],[21.56618798,63.09301154],[21.56656062,63.09288301],[21.56693583,63.09280049],[21.56733653,63.09274904],[21.56775207,63.09272567],[21.56817248,63.09272931],[21.56858796,63.09276082],[21.56898842,63.09282293],[21.56939886,63.09292798],[21.56978433,63.09306452],[21.57014897,63.0932244],[21.57049516,63.09340151],[21.5708236,63.09359142],[21.57113315,63.09379106],[21.57142076,63.09399846],[21.5716812,63.09421259],[21.57190668,63.09443326],[21.57208645,63.094661],[21.57220562,63.09488258],[21.57228253,63.09510946],[21.57232527,63.09534001],[21.5723394,63.09557295],[21.5723282,63.09580724],[21.57229289,63.09604203],[21.57223274,63.09627659],[21.57213674,63.09653481],[21.57201631,63.09679213],[21.57187831,63.09704873],[21.57172781,63.0973048],[21.57140317,63.097816],[21.57019322,63.09960235],[21.56986827,63.10010634],[21.56972125,63.10035377],[21.56968819,63.10041554],[21.56959168,63.10059587],[21.56948755,63.10083004],[21.56941976,63.10105274],[21.56940302,63.10125914],[21.56945691,63.1014428],[21.56960712,63.10159524],[21.5698601,63.10170516],[21.57020202,63.1017859],[21.57060993,63.10184466],[21.571066,63.10188678],[21.57136098,63.10190441],[21.57155645,63.10191609],[21.57207067,63.10193509],[21.5726004,63.10194513],[21.57313914,63.10194646],[21.57368154,63.10193832],[21.57422293,63.10191883],[21.57475891,63.10188494],[21.57528489,63.10183222],[21.57579001,63.10175814],[21.57628275,63.1016656],[21.57676455,63.10155889],[21.57723603,63.10144109],[21.57769691,63.10131422],[21.57814588,63.10117939],[21.57858042,63.10103683],[21.57899658,63.1008859],[21.5793886,63.10072507],[21.57974847,63.10055178],[21.5800663,63.10036563],[21.58035068,63.10016734],[21.58060791,63.09995972],[21.58084216,63.09974485],[21.58105566,63.09952418],[21.58124868,63.09929862],[21.5814201,63.09906725],[21.58158998,63.09878115],[21.5817474,63.09845815],[21.58189186,63.09811428],[21.58213883,63.09742748],[21.58242675,63.09649943],[21.58245033,63.09645355],[21.58463772,63.09507146],[21.58799152,63.09297268],[21.58868048,63.09253555],[21.58934845,63.09209473],[21.58966676,63.09187182],[21.58996789,63.09164628],[21.59024446,63.09141713],[21.59048653,63.09118301],[21.59068097,63.0909422],[21.59081401,63.09070033],[21.59090149,63.09045233],[21.59095518,63.09020005],[21.59098347,63.08994508],[21.59099198,63.08968877],[21.59098385,63.08943245],[21.59095999,63.08917752],[21.59091911,63.08892556],[21.59085763,63.08867854],[21.5907694,63.08843892],[21.59064527,63.08820991],[21.59047253,63.08799565],[21.59023412,63.0878015],[21.58994259,63.08764361],[21.58959451,63.08750289],[21.58920475,63.08737452],[21.58878511,63.08725454],[21.58834499,63.08713966],[21.58697093,63.08679818],[21.58647442,63.08666748],[21.58549146,63.08639312],[21.58306159,63.08568589],[21.58208321,63.08541963],[21.58158851,63.08529684],[21.58108841,63.08518448],[21.58058142,63.08508606],[21.58011924,63.08501131],[21.57875965,63.08481595],[21.57834147,63.08474103],[21.57795706,63.08465064],[21.57761917,63.08453724],[21.5773029,63.08437308],[21.57704644,63.084178],[21.5768337,63.08396016],[21.57665237,63.08372587],[21.57649308,63.08348],[21.57634863,63.08322642],[21.57581969,63.08219452],[21.57567872,63.08194708],[21.57552484,63.08171169],[21.57535146,63.08149425],[21.57515003,63.08130259],[21.57490933,63.08114707],[21.57461469,63.08104127],[21.57426774,63.0809968]]]]}},{"type":"Feature","id":"65200","properties":{"code":"65200","name_fi":"Palosaari","name_sv":"Brändö","statistics_year":2024,"population":6350,"employed":2769,"unemployed":306,"students":1236,"average_income":5769,"employed_share":43.60629921259843,"unemployed_share":4.818897637795275,"student_share":19.46456692913386},"geometry":{"type":"MultiPolygon","coordinates":[[[[21.61375931,63.11438338],[21.6149367,63.11345265],[21.61476774,63.11348216],[21.61433594,63.11351739],[21.6138874,63.11352225],[21.61342893,63.1135024],[21.61296655,63.11346172],[21.61250593,63.11340253],[21.61205278,63.11332569],[21.61161312,63.11323063],[21.61121531,63.11312338],[21.61083538,63.11300122],[21.61047409,63.11286622],[21.61013321,63.11271956],[21.60981569,63.11256157],[21.60948208,63.11236626],[21.60917644,63.1121596],[21.60889233,63.11194475],[21.60862512,63.11172402],[21.60837174,63.11149905],[21.6081305,63.11127091],[21.60790097,63.11104024],[21.60768392,63.11080733],[21.60748133,63.1105721],[21.60729647,63.11033422],[21.60712505,63.11008244],[21.60697149,63.10982813],[21.60669864,63.10931497],[21.60607259,63.10802677],[21.60579087,63.10751725],[21.6056297,63.10726588],[21.60544763,63.107018],[21.60524322,63.10677811],[21.60501795,63.10654177],[21.60477679,63.10630822],[21.60452328,63.106077],[21.60398698,63.10562133],[21.60370519,63.10539754],[21.60341306,63.10517754],[21.6031081,63.10496272],[21.60278641,63.10475509],[21.60244239,63.1045574],[21.60206845,63.10437332],[21.60164611,63.10420135],[21.60119236,63.10404417],[21.60071542,63.1038984],[21.60022131,63.10376186],[21.59971428,63.10363347],[21.59919712,63.10351317],[21.59867141,63.10340196],[21.59813766,63.10330199],[21.59759545,63.10321667],[21.59704347,63.10315096],[21.5964944,63.10310982],[21.59593769,63.10308782],[21.59537653,63.10308072],[21.5948138,63.10308572],[21.5942523,63.1031014],[21.59369502,63.10312754],[21.59314538,63.10316519],[21.59260755,63.10321671],[21.59208671,63.10328591],[21.5915895,63.10337824],[21.59113239,63.10349496],[21.59069824,63.10363333],[21.59028123,63.10378765],[21.58987697,63.1039536],[21.58948225,63.10412794],[21.58871335,63.10449322],[21.58796636,63.10487267],[21.58724463,63.10526348],[21.58689752,63.10546399],[21.58654323,63.10568064],[21.58619982,63.10590098],[21.58553589,63.10634884],[21.5848965,63.10680283],[21.58458761,63.10703174],[21.58428911,63.10726215],[21.58400526,63.10749451],[21.58374218,63.10772953],[21.58350843,63.1079682],[21.5833156,63.10821187],[21.5831854,63.10843842],[21.58309617,63.10866901],[21.58304555,63.10890237],[21.58303412,63.10913742],[21.58306353,63.10937826],[21.58312618,63.10961959],[21.58321352,63.10986114],[21.58331925,63.1101027],[21.58343895,63.11034402],[21.58371033,63.11082491],[21.58402099,63.11130086],[21.58419447,63.11153553],[21.58438452,63.11176684],[21.58459636,63.11199358],[21.58484466,63.11222363],[21.58511681,63.11244834],[21.58540754,63.11266857],[21.5857134,63.11288473],[21.58603255,63.11309678],[21.58636468,63.11330427],[21.58671092,63.11350625],[21.58707392,63.11370122],[21.58745796,63.11388706],[21.58787951,63.11406729],[21.58832211,63.11423816],[21.58877985,63.11440226],[21.5892483,63.11456153],[21.59020528,63.114871],[21.5926445,63.11562424],[21.59757831,63.11712374],[21.59855679,63.11742832],[21.599036,63.11758301],[21.59950293,63.11774032],[21.59995114,63.11790138],[21.60037169,63.11806773],[21.60075237,63.11824143],[21.60107666,63.11842519],[21.60132263,63.11862254],[21.6014675,63.11882794],[21.60153329,63.11904444],[21.6015338,63.11926705],[21.60147701,63.11949121],[21.60136575,63.11971182],[21.60219565,63.11989961],[21.6044704,63.11891639],[21.60763332,63.11753564],[21.60912004,63.11644346],[21.61375931,63.11438338]]]]}},{"type":"Feature","id":"65300","properties":{"code":"65300","name_fi":"Asevelikylä","name_sv":"Vapenbrödrabyn","statistics_year":2024,"population":5695,"employed":2946,"unemployed":129,"students":465,"average_income":4078,"employed_share":51.729587357331,"unemployed_share":2.2651448639157157,"student_share":8.165057067603161},"geometry":{"type":"MultiPolygon","coordinates":[[[[21.66396416,63.11539159],[21.66324311,63.11118255],[21.66496614,63.11035568],[21.66848729,63.10866568],[21.66963967,63.10808044],[21.67394788,63.10589222],[21.67934978,63.1041571],[21.68155533,63.10394877],[21.68633425,63.10305358],[21.68800288,63.10210683],[21.68126732,63.10115004],[21.6749033,63.09869967],[21.67217339,63.09728897],[21.66235329,63.09683592],[21.65918624,63.09666787],[21.65846415,63.09579908],[21.65417361,63.09713028],[21.64317813,63.10165294],[21.62562182,63.1085327],[21.62271219,63.10890226],[21.62800679,63.10991476],[21.6307054,63.11080464],[21.63290169,63.11134433],[21.63434588,63.11151904],[21.63464212,63.11151772],[21.63497563,63.11164948],[21.63667697,63.11215785],[21.6377786,63.11182322],[21.63812068,63.1121501],[21.63896011,63.11212256],[21.63994134,63.11231084],[21.64070807,63.1125863],[21.64147483,63.11269817],[21.64251762,63.11314837],[21.64311866,63.11336168],[21.64311199,63.11341582],[21.64375572,63.11370085],[21.64370794,63.11391507],[21.64346456,63.11426283],[21.64153725,63.11402757],[21.64087782,63.11446258],[21.64276406,63.11516303],[21.64285695,63.11568797],[21.63974294,63.11922296],[21.63754346,63.12300342],[21.63881289,63.12534076],[21.64758349,63.12915242],[21.64801645,63.13102886],[21.65062703,63.13181568],[21.65256175,63.13163076],[21.65345057,63.13119127],[21.65455767,63.13046972],[21.66001272,63.12912211],[21.66142969,63.12844113],[21.66476222,63.12724781],[21.66477586,63.12627405],[21.66634926,63.12481878],[21.6669148,63.12331213],[21.66243686,63.11967547],[21.66396416,63.11539159]]]]}},{"type":"Feature","id":"65320","properties":{"code":"65320","name_fi":"Huutoniemi","name_sv":"Roparnäs","statistics_year":2024,"population":6042,"employed":2689,"unemployed":300,"students":479,"average_income":4908,"employed_share":44.50513075140682,"unemployed_share":4.965243296921549,"student_share":7.92783846408474},"geometry":{"type":"MultiPolygon","coordinates":[[[[21.69952761,63.07832351],[21.6885064,63.07615819],[21.67668775,63.07681209],[21.66542751,63.08070102],[21.66176492,63.08199236],[21.65834495,63.08403226],[21.65582127,63.08557367],[21.65363826,63.08606497],[21.65206455,63.0864758],[21.6544685,63.09031391],[21.65705695,63.0924221],[21.65846415,63.09579908],[21.65918624,63.09666787],[21.66235329,63.09683592],[21.67217339,63.09728897],[21.6749033,63.09869967],[21.68126732,63.10115004],[21.68800288,63.10210683],[21.70272319,63.10042174],[21.70260643,63.0969149],[21.70216142,63.08810482],[21.70787322,63.08365648],[21.71004476,63.08347727],[21.7085214,63.07949717],[21.70333931,63.07889498],[21.69952761,63.07832351]]]]}},{"type":"Feature","id":"65350","properties":{"code":"65350","name_fi":"Suvilahti","name_sv":"Sunnanvik","statistics_year":2024,"population":3866,"employed":1674,"unemployed":202,"students":360,"average_income":3164,"employed_share":43.30056906363166,"unemployed_share":5.225038799793068,"student_share":9.311950336264873},"geometry":{"type":"MultiPolygon","coordinates":[[[[21.65582127,63.08557367],[21.65834495,63.08403226],[21.66176492,63.08199236],[21.66542751,63.08070102],[21.67668775,63.07681209],[21.6885064,63.07615819],[21.68652274,63.06969244],[21.68509055,63.06718964],[21.67761067,63.0586892],[21.67753239,63.05878016],[21.67733585,63.05902927],[21.67697031,63.05953539],[21.67662916,63.06004692],[21.67631248,63.06056035],[21.67616801,63.06081715],[21.67603788,63.06107377],[21.675928,63.06133002],[21.67584647,63.06158569],[21.67580412,63.0618405],[21.67581518,63.06209409],[21.67588847,63.06234044],[21.67601148,63.06258563],[21.67616895,63.06283],[21.67634815,63.06307372],[21.6769076,63.06380069],[21.67706508,63.06404049],[21.67718658,63.06427778],[21.67725503,63.06451125],[21.67724903,63.06473903],[21.67715062,63.06495985],[21.67697451,63.06517184],[21.67673924,63.06537345],[21.67645819,63.06556185],[21.67614041,63.06573272],[21.67579115,63.06587981],[21.67541239,63.06599457],[21.67500303,63.06606554],[21.67455122,63.06608315],[21.67407465,63.06605455],[21.67358239,63.0659912],[21.67308177,63.06590133],[21.67257894,63.06579049],[21.6720794,63.06566201],[21.67160286,63.06552292],[21.67113291,63.06537304],[21.67066824,63.06521565],[21.66975055,63.06488749],[21.66748927,63.06405382],[21.66703778,63.06389463],[21.66658503,63.06374211],[21.66613012,63.06359924],[21.66567193,63.06347007],[21.665209,63.06336003],[21.6647395,63.06327631],[21.66426103,63.06322834],[21.66376186,63.063224],[21.66325329,63.06325656],[21.66273771,63.06331604],[21.66221702,63.06339488],[21.66169271,63.06348745],[21.66116608,63.0635897],[21.66063834,63.06369876],[21.65958488,63.0639306],[21.65854651,63.06417704],[21.65804012,63.06430678],[21.65754822,63.06444277],[21.65707727,63.06458736],[21.65663599,63.06474388],[21.65623592,63.06491672],[21.65589939,63.06510177],[21.65560437,63.06530179],[21.65534362,63.0655124],[21.65511307,63.06573009],[21.65491156,63.06595196],[21.6547409,63.0661755],[21.65460591,63.06639843],[21.65451475,63.06661849],[21.65447927,63.06683329],[21.65451555,63.06704013],[21.65462556,63.0672257],[21.65478825,63.06740343],[21.6551666,63.06774137],[21.655332,63.06790373],[21.65544666,63.06806265],[21.65548123,63.06821862],[21.65541125,63.06837585],[21.65525643,63.06853281],[21.65504617,63.06869209],[21.65456093,63.06902907],[21.6543329,63.06921371],[21.65413036,63.06942512],[21.65396346,63.06965043],[21.65382396,63.06988608],[21.65370528,63.07012931],[21.65360228,63.07037806],[21.65342817,63.07088623],[21.65299675,63.07243947],[21.65283216,63.07295235],[21.65273293,63.07320456],[21.65261526,63.07345211],[21.65247153,63.07369301],[21.65229166,63.07392461],[21.65206245,63.07414339],[21.65177557,63.07434488],[21.6514394,63.07453305],[21.65106617,63.07471055],[21.65066495,63.07487903],[21.65024218,63.07503918],[21.64980205,63.07519071],[21.64934689,63.07533238],[21.64887733,63.07546183],[21.64839243,63.0755755],[21.64788975,63.07566836],[21.64734542,63.07573849],[21.64678465,63.07578593],[21.64621321,63.07581585],[21.64563585,63.07583169],[21.64505677,63.0758354],[21.64447996,63.07582759],[21.64390963,63.07580765],[21.64335056,63.07577368],[21.64280852,63.07572255],[21.64229074,63.07564973],[21.64185869,63.07556529],[21.64104448,63.07537289],[21.64065106,63.0752849],[21.64026063,63.07521644],[21.63986932,63.07517945],[21.63942328,63.07518675],[21.63897848,63.07523814],[21.63854268,63.07532321],[21.63812525,63.07543448],[21.63773786,63.07556701],[21.6373954,63.07571803],[21.63711699,63.07588672],[21.63692723,63.07607412],[21.63684731,63.07626854],[21.63684414,63.07647672],[21.63689329,63.07669447],[21.63697397,63.07691846],[21.63715691,63.07737474],[21.63722391,63.07760262],[21.63724936,63.07782754],[21.63721112,63.07804731],[21.63709683,63.07825291],[21.63691689,63.07845231],[21.63668537,63.07864603],[21.63641274,63.07883422],[21.63610632,63.07901657],[21.63577071,63.07919235],[21.63540805,63.07936031],[21.63498658,63.07953231],[21.63454231,63.07969597],[21.63408199,63.07985355],[21.63313154,63.08015655],[21.63166896,63.08059198],[21.63067996,63.08086978],[21.63018046,63.08100274],[21.62967599,63.08112968],[21.62916461,63.08124827],[21.62864361,63.08135537],[21.62811659,63.08144725],[21.62757994,63.08152646],[21.62703609,63.08159454],[21.62648685,63.08165209],[21.62593346,63.08169878],[21.62552642,63.08172409],[21.6279851,63.08236392],[21.62734418,63.08406504],[21.62787638,63.08475902],[21.6361501,63.08296272],[21.64008733,63.08430226],[21.64471418,63.08382961],[21.65194039,63.08637255],[21.65206455,63.0864758],[21.65363826,63.08606497],[21.65582127,63.08557367]]]]}},{"type":"Feature","id":"65370","properties":{"code":"65370","name_fi":"Ristinummi","name_sv":"Korsnäståget","statistics_year":2024,"population":4440,"employed":1657,"unemployed":335,"students":382,"average_income":3664,"employed_share":37.31981981981982,"unemployed_share":7.545045045045046,"student_share":8.603603603603602},"geometry":{"type":"MultiPolygon","coordinates":[[[[21.74424273,63.07888037],[21.74375739,63.07912079],[21.7401597,63.08150543],[21.73909521,63.08163851],[21.73817055,63.08145935],[21.73665453,63.08154883],[21.7334804,63.08193764],[21.73203912,63.08253931],[21.73185101,63.08279505],[21.731707,63.08285441],[21.73128554,63.08307616],[21.73101289,63.08359559],[21.73094012,63.08363781],[21.7305093,63.08489808],[21.72738433,63.08502472],[21.72735814,63.08500468],[21.72373326,63.0845177],[21.71452125,63.08293787],[21.71004476,63.08347727],[21.70787322,63.08365648],[21.70216142,63.08810482],[21.70260643,63.0969149],[21.70272319,63.10042174],[21.70285547,63.10056149],[21.70301032,63.10080081],[21.70303758,63.10084295],[21.70326735,63.10123522],[21.70337589,63.10145785],[21.70347083,63.10168271],[21.70442299,63.10461974],[21.7045045,63.10490306],[21.70567205,63.105638],[21.7075957,63.10598517],[21.70768234,63.10601118],[21.70884902,63.10619689],[21.71151281,63.10715535],[21.71187358,63.10749808],[21.71338687,63.10893559],[21.71901063,63.10934898],[21.7159704,63.11110405],[21.71578352,63.11121193],[21.7168703,63.11224402],[21.71867668,63.11395933],[21.7241256,63.1156182],[21.72532319,63.11598274],[21.73505823,63.11626606],[21.75091573,63.11819543],[21.75231386,63.11803279],[21.77205408,63.11573474],[21.80180753,63.11012867],[21.80225183,63.10975704],[21.76224337,63.08697273],[21.74424273,63.07888037]]]]}},{"type":"Feature","id":"65380","properties":{"code":"65380","name_fi":"Vanha Vaasa","name_sv":"Gamla Vasa","statistics_year":2024,"population":3378,"employed":1456,"unemployed":185,"students":278,"average_income":2665,"employed_share":43.10242747187685,"unemployed_share":5.476613380698638,"student_share":8.22972172883363},"geometry":{"type":"MultiPolygon","coordinates":[[[[21.76615677,63.03711756],[21.73688947,63.04257383],[21.72706812,63.04023344],[21.72075971,63.04064068],[21.719294,63.0406824],[21.69464152,63.04176625],[21.68981578,63.04162219],[21.68046619,63.04454533],[21.67967577,63.04717989],[21.67686774,63.0490058],[21.67733737,63.04944212],[21.67786308,63.04990436],[21.67813934,63.05012884],[21.67842996,63.0503462],[21.67874062,63.05055366],[21.6790788,63.05074758],[21.67945414,63.05092327],[21.67984282,63.05106684],[21.68026251,63.05119538],[21.68070341,63.05131382],[21.68207171,63.0516502],[21.68251769,63.05176898],[21.68290551,63.05188517],[21.68327102,63.05201337],[21.68365703,63.0521791],[21.68401157,63.05236117],[21.68434136,63.05255549],[21.68465088,63.05275887],[21.68494255,63.05296884],[21.68521673,63.05318346],[21.68547163,63.05340123],[21.68570314,63.05362092],[21.68590445,63.05384149],[21.68606556,63.05406199],[21.68617258,63.05428146],[21.68620693,63.0544988],[21.68615314,63.05471117],[21.68602148,63.05491803],[21.68582375,63.05511679],[21.68556635,63.0553042],[21.68525071,63.05547621],[21.6848604,63.0556361],[21.68442298,63.05578049],[21.68395415,63.05591507],[21.68247543,63.05630786],[21.68197951,63.05645181],[21.6814934,63.05660322],[21.6810175,63.05676094],[21.68055295,63.05692439],[21.68010188,63.05709351],[21.67966772,63.05726885],[21.67925559,63.05745162],[21.67887266,63.05764374],[21.67852873,63.05784802],[21.67823211,63.05806646],[21.67797371,63.05829664],[21.67774309,63.05853535],[21.67761067,63.0586892],[21.68509055,63.06718964],[21.68652274,63.06969244],[21.6885064,63.07615819],[21.69952761,63.07832351],[21.70333931,63.07889498],[21.7085214,63.07949717],[21.71004476,63.08347727],[21.71452125,63.08293787],[21.72373326,63.0845177],[21.72735814,63.08500468],[21.72738433,63.08502472],[21.7305093,63.08489808],[21.73094012,63.08363781],[21.73101289,63.08359559],[21.73128554,63.08307616],[21.731707,63.08285441],[21.73185101,63.08279505],[21.73203912,63.08253931],[21.7334804,63.08193764],[21.73665453,63.08154883],[21.73817055,63.08145935],[21.73909521,63.08163851],[21.7401597,63.08150543],[21.74375739,63.07912079],[21.74424273,63.07888037],[21.76224337,63.08697273],[21.80225183,63.10975704],[21.80358805,63.10936534],[21.80588602,63.10832055],[21.81838315,63.10263665],[21.82112508,63.10112874],[21.83582364,63.09032821],[21.82916308,63.07747521],[21.83323816,63.07305398],[21.83564016,63.07084632],[21.83624743,63.07036408],[21.84201367,63.06600227],[21.83977012,63.06251962],[21.83276431,63.05989499],[21.81061034,63.05310865],[21.79941066,63.04456317],[21.79446364,63.04219237],[21.76615677,63.03711756]]]]}},{"type":"Feature","id":"65410","properties":{"code":"65410","name_fi":"Sundom","name_sv":"Sundom","statistics_year":2024,"population":2637,"employed":1283,"unemployed":37,"students":208,"average_income":1941,"employed_share":48.653773227152065,"unemployed_share":1.4031095942358742,"student_share":7.887751232461131},"geometry":{"type":"MultiPolygon","coordinates":[[[[21.42825744,63.08694708],[21.42907587,63.08678884],[21.4295973,63.08680939],[21.43025929,63.08664498],[21.42978774,63.08636444],[21.42847965,63.08633669],[21.42776098,63.08652267],[21.42780176,63.08685767],[21.42825744,63.08694708]]],[[[21.46568038,63.03081646],[21.46463461,63.03052541],[21.4643021,63.03061953],[21.46363035,63.03084321],[21.46419421,63.0311868],[21.46481203,63.03124675],[21.46600331,63.03118632],[21.46568038,63.03081646]]],[[[21.46197354,63.03045672],[21.46163043,63.03019323],[21.46097215,63.03034598],[21.46056157,63.03043702],[21.4603312,63.03082089],[21.46049793,63.03118463],[21.46086129,63.03134177],[21.46176054,63.03116275],[21.46221835,63.03082352],[21.46197354,63.03045672]]],[[[21.44962297,63.04943859],[21.44852933,63.04939559],[21.4474935,63.04946201],[21.44674983,63.04964708],[21.4462983,63.0499508],[21.44666858,63.05007252],[21.44791848,63.05012168],[21.44883193,63.04987184],[21.44962297,63.04943859]]],[[[21.38188857,63.07189403],[21.38111145,63.07183931],[21.38057844,63.07215151],[21.3804285,63.07238369],[21.38049798,63.07283893],[21.38116357,63.07319881],[21.38187306,63.07306033],[21.38225887,63.07269464],[21.38225062,63.07219421],[21.38188857,63.07189403]]],[[[21.41339206,63.0869317],[21.4127891,63.08678879],[21.41299523,63.08708271],[21.41278422,63.08736013],[21.41234189,63.08774748],[21.41261592,63.08823459],[21.41322801,63.08833023],[21.41399684,63.08788435],[21.41453434,63.08754839],[21.41447553,63.08730793],[21.41339206,63.0869317]]],[[[21.41292646,63.07679241],[21.41242795,63.07665362],[21.41244581,63.07710679],[21.41202183,63.0773996],[21.41139389,63.07766053],[21.41133477,63.07796777],[21.41184238,63.0780593],[21.4126967,63.07825978],[21.41373711,63.07803897],[21.41346769,63.07752823],[21.41333193,63.07714184],[21.41292646,63.07679241]]],[[[21.34250822,63.04964845],[21.34285986,63.04956728],[21.34314776,63.04959787],[21.34337195,63.04974023],[21.3441634,63.04977194],[21.34429084,63.04954841],[21.34387556,63.04909357],[21.34336963,63.0486732],[21.34316384,63.04843632],[21.34300707,63.0481633],[21.34259789,63.0481088],[21.34228912,63.04840126],[21.34191911,63.04857696],[21.34185538,63.04868872],[21.34162623,63.04900342],[21.34140075,63.04929923],[21.34137618,63.04964119],[21.34152808,63.04972348],[21.34211125,63.04974686],[21.34250822,63.04964845]]],[[[21.49767448,63.06767303],[21.4969579,63.06764512],[21.49588763,63.06775224],[21.49548355,63.0681532],[21.49603627,63.06835333],[21.49717531,63.0685763],[21.49809295,63.06858228],[21.4992284,63.06847767],[21.49973672,63.06787241],[21.49910206,63.0677584],[21.49767448,63.06767303]]],[[[21.45612938,63.0520517],[21.45550062,63.0516341],[21.45463825,63.05202886],[21.45454358,63.05252521],[21.45523696,63.05301679],[21.45643968,63.05331405],[21.45701362,63.05319371],[21.45721043,63.05298712],[21.45798791,63.05262473],[21.4575597,63.05239361],[21.45612938,63.0520517]]],[[[21.30552427,63.10375372],[21.30567271,63.10299757],[21.30482886,63.10301121],[21.30393156,63.10383245],[21.30313855,63.10465788],[21.3035581,63.10519875],[21.30481005,63.1052492],[21.30516717,63.10450146],[21.30552427,63.10375372]]],[[[21.49241301,63.06974202],[21.4929106,63.06933281],[21.49298676,63.06893097],[21.49202625,63.06901259],[21.49100914,63.06911579],[21.49029577,63.06927847],[21.48967036,63.06925407],[21.48938456,63.06910005],[21.48906289,63.06913513],[21.48873226,63.06921748],[21.48862354,63.06923705],[21.48848792,63.06939844],[21.48857254,63.06978273],[21.48906682,63.06994489],[21.48993042,63.07009764],[21.49106807,63.07018963],[21.49182462,63.07007626],[21.49241301,63.06974202]]],[[[21.45228667,63.03836312],[21.45139018,63.03811357],[21.45108831,63.03845889],[21.45114306,63.03899684],[21.45199224,63.03949457],[21.45299764,63.03999844],[21.45379208,63.03995822],[21.45482756,63.03989174],[21.45520074,63.03958493],[21.45496271,63.03918267],[21.4538657,63.03874665],[21.45228667,63.03836312]]],[[[21.35298436,63.06098485],[21.35198423,63.06094485],[21.35142905,63.06120843],[21.3509658,63.06164715],[21.35051357,63.06202916],[21.35092545,63.06250289],[21.35165354,63.06264633],[21.35282284,63.06246447],[21.35390016,63.06210745],[21.35460239,63.06173543],[21.35506558,63.06129669],[21.35508761,63.06118326],[21.35423452,63.06103484],[21.35298436,63.06098485]]],[[[21.32963457,63.10305581],[21.32923304,63.10242049],[21.32773554,63.10255094],[21.32660252,63.10350573],[21.32671091,63.10464793],[21.32811736,63.10490021],[21.32980246,63.1043486],[21.32962804,63.10362713],[21.32963457,63.10305581]]],[[[21.41662514,63.08651176],[21.41735751,63.08625494],[21.41798321,63.08627965],[21.41875169,63.08638145],[21.41961993,63.08651099],[21.42006886,63.08636203],[21.42054504,63.08607125],[21.42129772,63.0859819],[21.42245391,63.08597991],[21.42254237,63.08579289],[21.42166741,63.08542497],[21.41982671,63.08516178],[21.41839169,63.08524799],[21.41710614,63.08564966],[21.41555076,63.08608829],[21.41477078,63.08631941],[21.41460739,63.08662254],[21.41508334,63.08687949],[21.41582242,63.08686107],[21.41662514,63.08651176]]],[[[21.37061541,63.09093529],[21.37128653,63.09094297],[21.37197511,63.09129428],[21.37288921,63.09134973],[21.37277226,63.09086878],[21.37255722,63.09046012],[21.37179989,63.09002987],[21.37141068,63.08965239],[21.37063506,63.08931666],[21.37000202,63.08932955],[21.36919523,63.09002137],[21.36878449,63.0904051],[21.36801433,63.09090786],[21.36762558,63.09117815],[21.36773511,63.09169691],[21.36877803,63.09173848],[21.36931165,63.09158827],[21.37014324,63.09120226],[21.37061541,63.09093529]]],[[[21.34191749,63.04362325],[21.34169098,63.04306165],[21.340885,63.04310555],[21.33974687,63.04399348],[21.33901177,63.04453558],[21.33883029,63.04525229],[21.33862186,63.04589172],[21.34031228,63.04626435],[21.34207879,63.04603033],[21.342444,63.04501614],[21.34236347,63.04429745],[21.34191749,63.04362325]]],[[[21.2926805,63.05186462],[21.29236992,63.05088034],[21.2914618,63.0510151],[21.29015895,63.05187697],[21.2893559,63.05275906],[21.28919994,63.05355299],[21.28971339,63.05414537],[21.29065749,63.05446935],[21.29224628,63.05407632],[21.29240216,63.05328237],[21.2926805,63.05186462]]],[[[21.41680272,63.08946988],[21.41537728,63.08901348],[21.41424001,63.08902569],[21.41452815,63.0894943],[21.41466932,63.09007141],[21.41376049,63.09020695],[21.41344468,63.09053739],[21.41360767,63.09100105],[21.41449979,63.09160785],[21.41571866,63.09182747],[21.41695938,63.09193364],[21.41792279,63.09151448],[21.41815703,63.0909522],[21.417847,63.09059704],[21.41769486,63.09007665],[21.41680272,63.08946988]]],[[[21.45892754,63.07123555],[21.45887262,63.07069761],[21.45791422,63.07076717],[21.45732342,63.07138693],[21.45735803,63.07203124],[21.45727686,63.07245668],[21.45708369,63.07305633],[21.4567206,63.07372075],[21.45670031,63.07382711],[21.45669731,63.07425562],[21.45695593,63.07455152],[21.45717695,63.07463163],[21.45828211,63.07503218],[21.45931883,63.07496568],[21.45999461,63.07431352],[21.46087787,63.07381237],[21.46062215,63.07308796],[21.45972454,63.07283845],[21.45854127,63.07243485],[21.458551,63.07197088],[21.45892754,63.07123555]]],[[[21.34525445,63.03335183],[21.34527344,63.03330491],[21.33698802,63.03619336],[21.33540371,63.03686326],[21.33550752,63.03698659],[21.33567943,63.03716502],[21.33586784,63.03732021],[21.33608161,63.03744123],[21.33633195,63.03751447],[21.33664829,63.03752809],[21.33700697,63.03748708],[21.33739644,63.03740595],[21.33780792,63.03729572],[21.33823483,63.03716471],[21.33867225,63.03701907],[21.33911654,63.03686328],[21.34001527,63.03653312],[21.34136018,63.0360138],[21.34223154,63.03565509],[21.34265048,63.03546974],[21.34306024,63.03526933],[21.34348767,63.03501968],[21.34390594,63.03473579],[21.34429727,63.03443239],[21.34464404,63.03412415],[21.3449295,63.03382579],[21.34513954,63.0335524],[21.34525445,63.03335183]]],[[[21.33456072,63.03765047],[21.33414803,63.03761485],[21.33159421,63.03844587],[21.33071835,63.0388489],[21.33046962,63.03904849],[21.33115539,63.03919035],[21.33214,63.03930611],[21.33251588,63.03953078],[21.33192299,63.03977371],[21.33140343,63.04028632],[21.3313139,63.0405304],[21.33172038,63.04081347],[21.33168722,63.04098361],[21.33167793,63.04119282],[21.33196722,63.04132351],[21.33279087,63.04140422],[21.33357167,63.04143557],[21.33446578,63.04142384],[21.33479969,63.04105619],[21.33511376,63.04052103],[21.33523341,63.03990663],[21.33532085,63.03945764],[21.33576802,63.0390469],[21.33610223,63.03856971],[21.33585861,63.03831225],[21.33545213,63.0380292],[21.33503092,63.03782177],[21.33456072,63.03765047]]],[[[21.32495733,63.09310356],[21.3243778,63.09284212],[21.32350652,63.09299766],[21.32297842,63.09354803],[21.32261266,63.09434308],[21.32135701,63.09538817],[21.32095418,63.09637226],[21.32083394,63.09698664],[21.32169868,63.09740245],[21.32384286,63.09772674],[21.32485557,63.09738635],[21.32496387,63.09629516],[21.3251672,63.09525542],[21.32539165,63.09464522],[21.32486491,63.09357617],[21.32495733,63.09310356]]],[[[21.30181786,63.10877601],[21.301513,63.10871299],[21.30133253,63.10870629],[21.30126006,63.1087036],[21.30098035,63.10871652],[21.29983713,63.10880938],[21.29823037,63.10892524],[21.29768976,63.10896936],[21.29748205,63.10899046],[21.29716484,63.10902267],[21.29666777,63.10909054],[21.29621286,63.10917982],[21.29591093,63.10926349],[21.29564035,63.10935897],[21.29540085,63.10946202],[21.29513994,63.10959328],[21.29495203,63.10968782],[21.2947213,63.10978785],[21.29446998,63.10988136],[21.29420452,63.10996731],[21.29389942,63.1100556],[21.29386483,63.11006561],[21.29380009,63.11008589],[21.30100224,63.11191119],[21.30118203,63.11195675],[21.30118576,63.1119542],[21.30187842,63.11144362],[21.30188966,63.11143439],[21.30208505,63.11127398],[21.30225982,63.11109555],[21.30240705,63.11087348],[21.302502,63.11063992],[21.30254571,63.11044715],[21.30255653,63.11039938],[21.30257868,63.11015588],[21.30257308,63.10991337],[21.30254128,63.10967604],[21.30248178,63.10944869],[21.30246198,63.10940305],[21.30239003,63.10923717],[21.30225808,63.10904881],[21.30207425,63.10889297],[21.30181786,63.10877601]]],[[[21.36238349,63.1100554],[21.36206247,63.11000522],[21.36168524,63.10999054],[21.36133003,63.11001912],[21.36102635,63.11008469],[21.36080881,63.1101842],[21.36071974,63.11028569],[21.36070593,63.1103994],[21.36076582,63.11051701],[21.36090191,63.11063058],[21.36117348,63.1107559],[21.3615353,63.11086757],[21.3619607,63.11096928],[21.36242885,63.11106427],[21.36348936,63.11125665],[21.36393735,63.11133792],[21.36443387,63.11143525],[21.36490778,63.11154149],[21.36534594,63.11166116],[21.36573282,63.11179995],[21.36604747,63.11195475],[21.36621513,63.11205428],[21.36633312,63.11212433],[21.36635774,63.11214017],[21.3667082,63.11236576],[21.36698436,63.11257154],[21.36746936,63.11298175],[21.36776021,63.11322775],[21.36803054,63.11344004],[21.36832282,63.11363788],[21.36864922,63.11381229],[21.369009,63.11395122],[21.36939789,63.11405788],[21.36979951,63.11413022],[21.3701973,63.11416272],[21.37057323,63.11414572],[21.37092048,63.11406446],[21.3712329,63.11389909],[21.37150024,63.11366271],[21.37170905,63.11337731],[21.37184671,63.11306453],[21.37190331,63.11274542],[21.37188206,63.11244956],[21.37181125,63.11218707],[21.37176167,63.11207291],[21.37172042,63.11197795],[21.37163812,63.11184287],[21.37159096,63.11180479],[21.3703991,63.11161351],[21.37006036,63.11155071],[21.37000737,63.11154089],[21.36962182,63.11145745],[21.36884007,63.11127136],[21.3688147,63.11126532],[21.36823402,63.11113527],[21.36765658,63.11101557],[21.36738279,63.11096249],[21.36653233,63.11079762],[21.36633811,63.11075997],[21.36603586,63.11070703],[21.36557172,63.11064177],[21.36530169,63.11061062],[21.36462903,63.11053301],[21.36417193,63.1104726],[21.36373945,63.11039749],[21.36337637,63.11031281],[21.3630652,63.11022845],[21.36270569,63.11013097],[21.36238349,63.1100554]]],[[[21.38607401,63.08990998],[21.38377303,63.08941846],[21.38270601,63.08971898],[21.38310782,63.09024935],[21.38402122,63.09074289],[21.38576237,63.09086923],[21.38657262,63.09124434],[21.38747514,63.09179458],[21.38795383,63.0919279],[21.38845899,63.09257666],[21.38979189,63.0928582],[21.39086354,63.0931865],[21.39175524,63.09379344],[21.3933057,63.09425503],[21.39461682,63.09464996],[21.39530839,63.09433446],[21.39439468,63.09384099],[21.39229513,63.09295754],[21.3919854,63.09260233],[21.39242663,63.09227691],[21.39261291,63.09131267],[21.3918245,63.09082415],[21.38932145,63.0907248],[21.38733,63.09058857],[21.38607401,63.08990998]]],[[[21.45494099,63.0487903],[21.45578299,63.04850189],[21.45561623,63.04813815],[21.45453615,63.04802429],[21.45403668,63.04775464],[21.45406674,63.04718431],[21.45393382,63.0466433],[21.45316927,63.04611319],[21.45244904,63.04576341],[21.45034014,63.04568052],[21.44792559,63.04554986],[21.44703257,63.04569333],[21.44653373,63.04624522],[21.44629627,63.04666452],[21.44636448,63.04713155],[21.44694198,63.04740431],[21.44797463,63.0477664],[21.4497171,63.04812067],[21.45162936,63.04841015],[21.45312031,63.04843302],[21.45370466,63.04867029],[21.45494099,63.0487903]]],[[[21.42781381,63.09423048],[21.42774065,63.09418832],[21.42766787,63.09416956],[21.42754017,63.09409607],[21.42737664,63.09397537],[21.42695998,63.09359494],[21.42669043,63.09337098],[21.42640485,63.09317746],[21.42607331,63.09299009],[21.42570887,63.09281504],[21.42532668,63.09265823],[21.42490009,63.09250981],[21.42415889,63.09227893],[21.42413504,63.0922715],[21.42379416,63.09214397],[21.42346743,63.09198674],[21.42318658,63.0918174],[21.42294828,63.09164484],[21.42275233,63.09147776],[21.42252373,63.09126788],[21.42239278,63.09118132],[21.42219124,63.09109951],[21.42194872,63.09104745],[21.42167705,63.09103168],[21.42135908,63.09106143],[21.42102824,63.09113188],[21.42069329,63.09123341],[21.420505,63.0913049],[21.42036283,63.09135889],[21.42004589,63.09150316],[21.41975255,63.09166274],[21.41949455,63.09183552],[21.41928596,63.0920205],[21.4191402,63.09221046],[21.41903407,63.0924071],[21.41886168,63.09280351],[21.41867104,63.09317716],[21.41859452,63.0933501],[21.41855625,63.09350988],[21.41857887,63.09365255],[21.41868125,63.09377162],[21.418743,63.09380192],[21.41886349,63.09386104],[21.41912988,63.09391616],[21.41945882,63.09394168],[21.41983313,63.09394818],[21.41986461,63.09394794],[21.42066421,63.09394173],[21.42109933,63.09394684],[21.42153512,63.09397014],[21.42189062,63.09400961],[21.42223559,63.09406832],[21.42256466,63.09414636],[21.42298384,63.09428402],[21.42337293,63.09444888],[21.42374129,63.09463184],[21.42480041,63.09521178],[21.42516303,63.09538901],[21.42554416,63.09554171],[21.42587382,63.09563998],[21.42621574,63.0957082],[21.42656996,63.09572709],[21.42691544,63.09568833],[21.4271535,63.09561979],[21.42736576,63.09552077],[21.42764235,63.09530819],[21.4278302,63.09505688],[21.42792933,63.09479537],[21.42794345,63.09455119],[21.42789251,63.09435946],[21.42781381,63.09423048]]],[[[21.31237779,63.07555849],[21.31206679,63.07553861],[21.31202381,63.07553811],[21.31176558,63.07553507],[21.31147581,63.07556003],[21.31116308,63.07563391],[21.31086416,63.07574844],[21.31057636,63.0758931],[21.31044472,63.07597186],[21.31029803,63.07605963],[21.31002852,63.07624161],[21.30976821,63.07643402],[21.30951858,63.07663284],[21.30928241,63.07683484],[21.30906402,63.07703723],[21.30886964,63.07723753],[21.30878767,63.07733494],[21.30875777,63.07737048],[21.30867089,63.07750442],[21.30860119,63.07771451],[21.30859332,63.07793052],[21.30861825,63.07808131],[21.30862948,63.07814919],[21.30869537,63.07836729],[21.30877944,63.07858139],[21.30887234,63.07878753],[21.30893296,63.07890889],[21.30894967,63.07893553],[21.30900642,63.07902598],[21.30913986,63.07917399],[21.30931771,63.07931165],[21.30954131,63.07943463],[21.30987844,63.07956043],[21.31026951,63.07966137],[21.31069712,63.07974071],[21.31114882,63.07979822],[21.31163675,63.07981547],[21.31213388,63.07978364],[21.31260248,63.07969856],[21.31300715,63.07955709],[21.31334531,63.07934625],[21.31358914,63.07910257],[21.31375281,63.07885837],[21.31377498,63.07880905],[21.31384865,63.07864518],[21.31388718,63.07849427],[21.31387486,63.07843741],[21.31404592,63.07842682],[21.31459535,63.07840991],[21.31494186,63.07838587],[21.31508592,63.07836714],[21.31526719,63.07834355],[21.31557207,63.07827752],[21.31582913,63.07818518],[21.31605861,63.07802079],[21.31615104,63.07782084],[21.31612427,63.07762619],[21.31603511,63.07746598],[21.31601347,63.07742711],[21.3158416,63.077233],[21.31502267,63.07640951],[21.31481577,63.07621817],[21.31480274,63.07620612],[21.31456737,63.07602129],[21.31430639,63.07586372],[21.31400785,63.07574411],[21.3137072,63.07567666],[21.31350084,63.0756504],[21.31338048,63.07563509],[21.31237779,63.07555849]]],[[[21.38540323,63.04317247],[21.38490369,63.04315031],[21.38443733,63.04316335],[21.3839774,63.04320911],[21.3835147,63.04328977],[21.3830661,63.04339729],[21.3826302,63.04352477],[21.38220655,63.04366698],[21.38179581,63.04382004],[21.38139996,63.04398115],[21.38102266,63.04414841],[21.38066971,63.04432065],[21.38034972,63.04449735],[21.38026899,63.04455063],[21.38007498,63.04467866],[21.37986889,63.04488234],[21.37977068,63.04506324],[21.37971396,63.04525755],[21.37967812,63.04553385],[21.37968827,63.04568288],[21.37969678,63.04580789],[21.37978268,63.04606265],[21.37994201,63.04628264],[21.38013888,63.04644374],[21.3803369,63.04656442],[21.3805449,63.0466725],[21.3806272,63.04665475],[21.38089892,63.04663333],[21.38132323,63.04660887],[21.38186626,63.04658375],[21.38249507,63.04656095],[21.38317708,63.04654384],[21.38466326,63.04652183],[21.38534537,63.0464956],[21.38559784,63.04647177],[21.38593468,63.04643996],[21.38636743,63.04635472],[21.38675182,63.04624],[21.38710237,63.04610162],[21.38741389,63.045944],[21.38767793,63.04576978],[21.3878824,63.04558012],[21.38802291,63.04536642],[21.38810445,63.04514195],[21.38814508,63.04491193],[21.38815808,63.04468096],[21.38814898,63.04444888],[21.38810562,63.04422513],[21.38800881,63.04401508],[21.38783445,63.04382524],[21.38756487,63.04366206],[21.38741915,63.04360352],[21.38721668,63.04352218],[21.38681158,63.04340292],[21.38636623,63.04330359],[21.38589344,63.04322558],[21.38540323,63.04317247]]],[[[21.32168815,63.06785223],[21.32125924,63.06781913],[21.3208151,63.06780147],[21.31990018,63.06779062],[21.31955836,63.06779143],[21.31884515,63.06779312],[21.31833168,63.067806],[21.31783886,63.06783385],[21.3173775,63.06788385],[21.3169612,63.067965],[21.31661456,63.06807939],[21.31631936,63.06822281],[21.31613289,63.06834708],[21.31607323,63.06838685],[21.31587789,63.06856462],[21.3157394,63.06875034],[21.31566847,63.06893894],[21.31567436,63.06911729],[21.31575084,63.06928811],[21.31589691,63.06944528],[21.31612536,63.06959421],[21.3163075,63.06968749],[21.31684739,63.069964],[21.31707086,63.07008555],[21.31794713,63.07059474],[21.3182628,63.07075167],[21.31861081,63.07088957],[21.31900304,63.07100288],[21.31942903,63.07109665],[21.31987617,63.07117875],[21.32078972,63.07133633],[21.32201372,63.07157432],[21.32241836,63.07163939],[21.3228671,63.07169208],[21.32373261,63.07177083],[21.32412213,63.07181968],[21.32447654,63.07189568],[21.32483806,63.07202543],[21.32556689,63.07235406],[21.3258527,63.07246301],[21.32615289,63.07255563],[21.32646066,63.0726258],[21.32687277,63.0726795],[21.3272384,63.07268893],[21.32746567,63.07267159],[21.32762256,63.07264181],[21.32769545,63.07260607],[21.32762322,63.07226414],[21.32755534,63.07203162],[21.32745743,63.07176265],[21.32732437,63.07147085],[21.32715051,63.07116991],[21.32692969,63.07087364],[21.32665142,63.07058691],[21.32634077,63.07032819],[21.32602373,63.07010553],[21.32539569,63.06970151],[21.32508999,63.06949623],[21.32419446,63.06884389],[21.32389095,63.06863462],[21.32357046,63.06843704],[21.32322279,63.06825717],[21.32287728,63.06811546],[21.32250167,63.06799739],[21.32211598,63.06791202],[21.32209603,63.0679076],[21.32168815,63.06785223]]],[[[21.47288704,63.06496711],[21.47297214,63.06496737],[21.47320073,63.06501122],[21.47460919,63.06535829],[21.4752098,63.06548423],[21.47583413,63.06558001],[21.47596946,63.06559147],[21.47636433,63.06562493],[21.47688556,63.06564416],[21.47741971,63.06564841],[21.47790316,63.06563493],[21.47835809,63.06560538],[21.47880847,63.06555783],[21.47923315,63.06549374],[21.47961883,63.06541443],[21.47994925,63.06531978],[21.48020425,63.06520831],[21.48035861,63.0650772],[21.48039351,63.06492667],[21.48033392,63.06475864],[21.48020614,63.0645774],[21.48003067,63.06438608],[21.47982352,63.06418696],[21.47860801,63.06307882],[21.47810031,63.06263222],[21.47783926,63.06242478],[21.4775689,63.06223527],[21.47728458,63.0620713],[21.47698025,63.06194278],[21.47664825,63.06186256],[21.47631865,63.06184106],[21.4759706,63.0618624],[21.47561521,63.06191882],[21.47526302,63.06200491],[21.47492441,63.06211729],[21.47460803,63.06225208],[21.47430519,63.06240209],[21.47377088,63.06267864],[21.47369928,63.0627157],[21.47337509,63.06286436],[21.47302122,63.06299748],[21.47258949,63.0631187],[21.47211911,63.06321811],[21.47162078,63.06330123],[21.47110346,63.06337257],[21.47057496,63.06343586],[21.46899631,63.06360769],[21.46850034,63.06366825],[21.46803779,63.06373541],[21.46762419,63.06381282],[21.46727968,63.06390489],[21.46704087,63.06400632],[21.46689298,63.06411711],[21.46685067,63.06422974],[21.46694139,63.06435353],[21.46713784,63.06447825],[21.46738996,63.06461244],[21.46765244,63.06476574],[21.46786939,63.06492767],[21.46806675,63.06510664],[21.46862338,63.06567419],[21.46882856,63.06584876],[21.46906328,63.06600101],[21.46929773,63.0661061],[21.46955666,63.06618181],[21.46984377,63.06621756],[21.47019769,63.06619541],[21.47058479,63.06612125],[21.47099143,63.06601074],[21.4714035,63.06587893],[21.47180777,63.06573562],[21.47217298,63.06558415],[21.47247333,63.06542588],[21.47269861,63.0652623],[21.47284009,63.06511737],[21.47290305,63.06501215],[21.47288704,63.06496711]]],[[[21.46590796,63.03366593],[21.46552915,63.03364648],[21.46520163,63.03366595],[21.46489135,63.03371672],[21.46460503,63.03379377],[21.4643506,63.03389356],[21.46420411,63.0339696],[21.46406556,63.03405281],[21.4632706,63.03457686],[21.46298312,63.03475095],[21.46268045,63.03491182],[21.4621095,63.03516668],[21.46186163,63.03528892],[21.46167433,63.03541911],[21.46157355,63.03555837],[21.46155221,63.03570586],[21.46160841,63.03585429],[21.4617611,63.03601374],[21.46198969,63.0361609],[21.46227531,63.0362906],[21.46260408,63.03639647],[21.46296615,63.03647062],[21.46327992,63.03650408],[21.46395434,63.03654247],[21.46441725,63.03658148],[21.46488868,63.03664054],[21.46535253,63.03672106],[21.46579225,63.03682612],[21.4661897,63.03696074],[21.46651631,63.03712074],[21.46679972,63.03730585],[21.46705179,63.0375093],[21.4672823,63.03772567],[21.46814497,63.03864009],[21.46833707,63.03882074],[21.46838248,63.03886344],[21.46859539,63.03904076],[21.4688219,63.03921096],[21.46905892,63.0393731],[21.46930398,63.0395256],[21.46955733,63.03966541],[21.46960246,63.03968544],[21.46983175,63.0397872],[21.47014581,63.039887],[21.47038217,63.03993846],[21.4704896,63.03996185],[21.4708549,63.04001178],[21.47123422,63.04003521],[21.47167771,63.04002722],[21.4721202,63.039985],[21.47256508,63.03989751],[21.4730031,63.03975107],[21.47341657,63.03955349],[21.47378189,63.03931501],[21.47409505,63.03903465],[21.47434067,63.03874247],[21.47452647,63.03845923],[21.4746592,63.03820534],[21.47474489,63.03800121],[21.47479649,63.03782787],[21.47475219,63.0377902],[21.47424842,63.0372628],[21.47368243,63.03670657],[21.47367425,63.03669911],[21.4733552,63.03640815],[21.47300898,63.03611461],[21.4726512,63.03583995],[21.47228914,63.03559829],[21.47192846,63.0354021],[21.47154774,63.03523413],[21.47113774,63.03507803],[21.47070714,63.03493033],[21.47026248,63.03478855],[21.46980878,63.03465098],[21.46888949,63.03438491],[21.46752765,63.03400915],[21.4671085,63.03389951],[21.46669878,63.0338012],[21.46629837,63.03372072],[21.46590796,63.03366593]]],[[[21.5153353,63.07977641],[21.51542385,63.07977069],[21.51566726,63.07978481],[21.51572702,63.07978827],[21.51678496,63.0798745],[21.51745161,63.07993787],[21.51878557,63.08007672],[21.51941457,63.08013545],[21.51941616,63.0801356],[21.51997768,63.08017163],[21.52043581,63.08017231],[21.52075725,63.08012552],[21.52097273,63.08002751],[21.52111167,63.07989138],[21.52117428,63.07972969],[21.52115447,63.07955236],[21.52103258,63.07934856],[21.52082786,63.07913989],[21.5205624,63.07892969],[21.52025095,63.07872078],[21.51990242,63.07851581],[21.51952099,63.07831758],[21.51913661,63.07814059],[21.51873306,63.07797226],[21.5178902,63.07766144],[21.51787116,63.07765471],[21.51742123,63.07750847],[21.51695778,63.07737212],[21.51647894,63.07724803],[21.51596472,63.07713433],[21.51543591,63.07703285],[21.51506755,63.07696955],[21.51489661,63.07694017],[21.51379757,63.07677152],[21.51268269,63.07661507],[21.51099654,63.07639183],[21.50987012,63.07625247],[21.50930861,63.07618854],[21.50875012,63.07613105],[21.50847761,63.07610736],[21.50819693,63.07608297],[21.5076523,63.07604838],[21.50712088,63.07603274],[21.50660918,63.0760433],[21.50618206,63.07607978],[21.50578385,63.07614031],[21.50542369,63.07622289],[21.50511362,63.07632701],[21.50486925,63.07645356],[21.50471869,63.07658611],[21.50462991,63.07673315],[21.50459955,63.07689017],[21.50462729,63.07705322],[21.50474749,63.07726844],[21.50494223,63.07748615],[21.50519059,63.07770521],[21.50524998,63.07775077],[21.50547692,63.07792484],[21.50578974,63.07814452],[21.50612078,63.07836386],[21.50681638,63.0788002],[21.5075389,63.07923045],[21.50828545,63.07964793],[21.50867206,63.0798479],[21.50868024,63.07985179],[21.50907254,63.08003839],[21.50947724,63.08021047],[21.5098978,63.08036861],[21.51033305,63.08051007],[21.51078323,63.08063008],[21.51128839,63.0807124],[21.51177889,63.08073889],[21.51230118,63.08072526],[21.51283221,63.0806742],[21.51334943,63.08058872],[21.51383143,63.08047247],[21.51435105,63.08029783],[21.51477541,63.08011296],[21.51487972,63.08005778],[21.5150911,63.07994593],[21.51528354,63.07982448],[21.5153353,63.07977641]]],[[[21.32823118,63.07977313],[21.32787501,63.07970721],[21.32752974,63.07969976],[21.32716369,63.07973269],[21.32678101,63.07979517],[21.32638459,63.07987838],[21.32597634,63.07997514],[21.32463838,63.08031419],[21.32418101,63.08043997],[21.32373579,63.08057506],[21.32331163,63.08072343],[21.32290757,63.08089194],[21.3225284,63.08107461],[21.32216809,63.0812676],[21.32182204,63.081468],[21.3214869,63.08167362],[21.32084114,63.0820945],[21.32022336,63.08252178],[21.31964035,63.08295074],[21.31936844,63.08316479],[21.31911568,63.08337796],[21.31888878,63.08358969],[21.31869662,63.08379922],[21.31849649,63.08406956],[21.31832217,63.08430503],[21.31817056,63.08445984],[21.31799879,63.08459711],[21.31781374,63.08471218],[21.31744318,63.08488774],[21.31730963,63.08497834],[21.31723464,63.0851063],[21.31721118,63.08526381],[21.31721666,63.08545912],[21.31725431,63.08570434],[21.31732066,63.08598324],[21.31741248,63.08627903],[21.31752694,63.08657505],[21.31766129,63.08685492],[21.31781219,63.08710279],[21.31797447,63.08730349],[21.31813862,63.0874432],[21.31826813,63.0875078],[21.31835256,63.08751342],[21.31841222,63.08748704],[21.31855188,63.0874606],[21.31876043,63.08743749],[21.31912229,63.08741824],[21.31954659,63.08740574],[21.31999313,63.08738524],[21.32041981,63.08733829],[21.32073524,63.08726803],[21.32103616,63.08717255],[21.32139068,63.08704442],[21.32210523,63.08677379],[21.32248646,63.08664328],[21.32289839,63.08652065],[21.32337815,63.08640047],[21.3238798,63.08629014],[21.32406815,63.08625119],[21.32490153,63.08607884],[21.32540063,63.08596849],[21.32587766,63.08584846],[21.32632048,63.08571311],[21.32659677,63.08561044],[21.32712958,63.08539099],[21.32828071,63.08494189],[21.32865984,63.08478406],[21.32901804,63.08461627],[21.32936089,63.08442582],[21.32966868,63.08422289],[21.32994108,63.08401001],[21.33017437,63.08378882],[21.33036115,63.0835602],[21.33048988,63.08332437],[21.33055013,63.08308874],[21.33055798,63.08284782],[21.33052685,63.0826031],[21.33046677,63.08235581],[21.33038492,63.082107],[21.33028618,63.08185768],[21.33017338,63.08160896],[21.33004756,63.08136212],[21.3299081,63.0811188],[21.32975267,63.08088112],[21.32957716,63.08065195],[21.32937545,63.08043509],[21.32913305,63.08022837],[21.32885972,63.08004444],[21.32855883,63.07988966],[21.32823118,63.07977313]]],[[[21.48333777,63.06694601],[21.48284255,63.06690533],[21.48236071,63.06689197],[21.48189899,63.06691509],[21.48146279,63.06698251],[21.48105412,63.06708781],[21.48067415,63.06722313],[21.48032618,63.06738305],[21.48023535,63.06743609],[21.48001579,63.0675643],[21.47975302,63.06775917],[21.47951953,63.06796676],[21.47887602,63.06861846],[21.47864385,63.0688322],[21.47838365,63.06903795],[21.47809439,63.06922823],[21.47777684,63.06941032],[21.47744062,63.06958711],[21.47640317,63.07011189],[21.47607433,63.07029376],[21.47577018,63.07047989],[21.4754813,63.07067161],[21.474649,63.0712591],[21.47436528,63.0714524],[21.47406934,63.071641],[21.47372274,63.07184337],[21.47301529,63.07224019],[21.47268208,63.07244364],[21.47261081,63.07249298],[21.47240925,63.07263252],[21.47215507,63.07282619],[21.47142965,63.07340647],[21.47090911,63.07379028],[21.47068084,63.07397454],[21.47050598,63.07415605],[21.4704348,63.07434267],[21.4705391,63.07454862],[21.47080115,63.07475966],[21.47118381,63.07496408],[21.47164997,63.07515026],[21.47216295,63.07530723],[21.47268551,63.07542571],[21.47315069,63.07549853],[21.47354141,63.07553836],[21.47381001,63.07555178],[21.4739078,63.07554357],[21.47400635,63.07551953],[21.47428069,63.07548556],[21.47555456,63.07536903],[21.47603566,63.07531213],[21.47660902,63.07521511],[21.47716399,63.0750849],[21.47767144,63.07492543],[21.47808368,63.07475403],[21.47842312,63.0745734],[21.47870227,63.07439206],[21.47924713,63.0740186],[21.47952982,63.07383235],[21.4798282,63.07365025],[21.48016939,63.07346257],[21.48052892,63.07328081],[21.48090042,63.07310331],[21.4819381,63.07262417],[21.48240022,63.07241078],[21.48258668,63.07231853],[21.48275188,63.0722368],[21.48308108,63.07206038],[21.48331294,63.07192008],[21.48337876,63.07188025],[21.48363367,63.07169489],[21.48383174,63.07150246],[21.48395872,63.07131275],[21.48421005,63.0707237],[21.48433411,63.07052986],[21.48453819,63.07031975],[21.48480081,63.07011518],[21.4851054,63.06991472],[21.485438,63.06971732],[21.48648344,63.06913711],[21.4868072,63.06894689],[21.48709438,63.06875852],[21.48732555,63.06857257],[21.4874761,63.06839],[21.48751452,63.06821224],[21.48742836,63.06805526],[21.48724237,63.06790459],[21.4869776,63.06776143],[21.4866496,63.06762763],[21.48624866,63.06749851],[21.48586391,63.06739578],[21.48580616,63.06738036],[21.48533502,63.06727187],[21.48484526,63.06717277],[21.48434486,63.06708387],[21.48384042,63.06700717],[21.48333777,63.06694601]]],[[[21.33959687,63.0652958],[21.33926243,63.0652303],[21.33851114,63.06513197],[21.33805185,63.06506664],[21.33758042,63.06499028],[21.33710379,63.06490565],[21.3368326,63.06485271],[21.33615897,63.06472119],[21.33605112,63.06469865],[21.3357026,63.06462581],[21.33446053,63.06435478],[21.33409476,63.06429406],[21.33374986,63.06427797],[21.33343041,63.06431842],[21.33311689,63.06440117],[21.33215115,63.06474118],[21.33179986,63.0648367],[21.33151361,63.0648891],[21.33121859,63.06491964],[21.33092163,63.06492558],[21.33055769,63.0648975],[21.33019979,63.06484279],[21.32949866,63.0647152],[21.32915486,63.06467291],[21.32881612,63.06466687],[21.32847679,63.06471179],[21.32814695,63.06480139],[21.32783068,63.06492572],[21.32753357,63.06507726],[21.32726313,63.0652506],[21.32702924,63.06544211],[21.32684482,63.06564387],[21.32670126,63.06585552],[21.32659546,63.06607249],[21.32652749,63.06629069],[21.32650069,63.06650626],[21.32652184,63.06671523],[21.32660156,63.0669133],[21.32673476,63.06708114],[21.32692203,63.06723269],[21.32715902,63.06736417],[21.32743075,63.06747044],[21.32804216,63.06765743],[21.32835159,63.06775918],[21.32869365,63.06789889],[21.32901725,63.0680584],[21.32932592,63.06823178],[21.32962243,63.06841397],[21.3299087,63.06860045],[21.33066776,63.0691172],[21.33086065,63.06926204],[21.33101735,63.06940727],[21.33112104,63.06955592],[21.33116117,63.06973934],[21.3311372,63.06993025],[21.33102843,63.07032954],[21.33100231,63.07054452],[21.3310212,63.07075847],[21.33109792,63.07096543],[21.33124926,63.0711588],[21.33149286,63.07133675],[21.33180494,63.07149931],[21.33215856,63.07165182],[21.33289695,63.07194326],[21.33323766,63.07208853],[21.33369432,63.07230631],[21.33390812,63.07239463],[21.33394511,63.0724099],[21.33420173,63.07249608],[21.33445598,63.07255895],[21.33469927,63.07259113],[21.33492225,63.07258338],[21.33515487,63.07251145],[21.33535144,63.07238359],[21.33551839,63.07221499],[21.33565972,63.07201747],[21.33576575,63.07182152],[21.33577724,63.0718003],[21.33587062,63.07157083],[21.33593753,63.07133519],[21.33597353,63.07109876],[21.3359814,63.0706286],[21.33601959,63.07041064],[21.3360844,63.0702751],[21.33618701,63.07015094],[21.33633139,63.0700417],[21.33658079,63.06992705],[21.33689062,63.06983333],[21.33770441,63.06962751],[21.33815494,63.0694997],[21.33859211,63.06934892],[21.33902217,63.06915899],[21.33939208,63.06895583],[21.33969209,63.06875656],[21.33991232,63.06857788],[21.34004306,63.06843593],[21.34007579,63.06834617],[21.34003282,63.06832121],[21.34024698,63.06797095],[21.34037516,63.06772662],[21.34049953,63.06744285],[21.3406009,63.06713385],[21.34066496,63.06678793],[21.34067376,63.06644817],[21.34062383,63.06613403],[21.34051223,63.06586528],[21.34033684,63.06565631],[21.34009542,63.06548359],[21.33986534,63.06537836],[21.33959687,63.0652958]]],[[[21.38844448,63.09811015],[21.38899005,63.09812095],[21.38953317,63.09814674],[21.39057264,63.09820708],[21.39105962,63.09822023],[21.39151482,63.09820637],[21.39192726,63.09815141],[21.39226724,63.09805224],[21.3925688,63.09791449],[21.39284087,63.09774805],[21.39308959,63.09756057],[21.39331864,63.09735795],[21.39352945,63.09714478],[21.3937212,63.09692466],[21.39389076,63.09670051],[21.3940325,63.09647483],[21.3941378,63.09624995],[21.39419464,63.09602822],[21.39418679,63.09581224],[21.39411358,63.09562824],[21.39398231,63.09545342],[21.3937987,63.09529062],[21.39356522,63.09514341],[21.39328122,63.09501623],[21.39289974,63.09490079],[21.39246714,63.09481046],[21.39199747,63.09473948],[21.39150151,63.0946836],[21.39098753,63.09463981],[21.39046187,63.09460618],[21.38992944,63.0945817],[21.38939415,63.09456617],[21.38885924,63.09456018],[21.38832761,63.094565],[21.38670255,63.09462082],[21.3861775,63.09462518],[21.38566309,63.09460635],[21.38515512,63.09455629],[21.38465437,63.09448217],[21.38314014,63.09420853],[21.38261176,63.09412604],[21.38207119,63.094052],[21.38096504,63.09392113],[21.37757441,63.09356913],[21.37711864,63.09351502],[21.37645982,63.09343679],[21.37591537,63.09336228],[21.37538485,63.09327989],[21.3748739,63.09318748],[21.37358188,63.0929075],[21.37317981,63.09283354],[21.37278986,63.09278593],[21.3724127,63.09277704],[21.37202467,63.09282115],[21.37165435,63.09291157],[21.37130464,63.09303654],[21.37098107,63.09318705],[21.37069228,63.09335627],[21.37045068,63.09353908],[21.37027337,63.09373172],[21.37018322,63.0939314],[21.3702011,63.09414004],[21.37031455,63.09434891],[21.37050485,63.09455311],[21.37076035,63.09474739],[21.37107575,63.09492571],[21.37145168,63.09508081],[21.37188132,63.09520489],[21.372358,63.09530551],[21.37250606,63.09532963],[21.37286846,63.09538865],[21.37340267,63.09545894],[21.37395315,63.09551994],[21.3745143,63.09557444],[21.37679079,63.09576529],[21.37790516,63.09586611],[21.37844297,63.09592418],[21.37895956,63.09599103],[21.37944581,63.09607061],[21.37988925,63.09616826],[21.38027292,63.09629114],[21.38058365,63.09644575],[21.38083452,63.09662524],[21.38104444,63.09682105],[21.38122661,63.09703102],[21.38135022,63.09723318],[21.3814298,63.09745746],[21.38144508,63.09769833],[21.38137289,63.09797814],[21.38122642,63.09825927],[21.38103299,63.09852962],[21.38081899,63.09877717],[21.38061,63.09898992],[21.38026934,63.0992972],[21.3803621,63.09926488],[21.38061279,63.0991941],[21.38099364,63.0990979],[21.38147631,63.09899026],[21.38214834,63.09885806],[21.38397223,63.0984813],[21.38457393,63.09837198],[21.3851381,63.09829153],[21.3856755,63.09823433],[21.38622344,63.09818878],[21.38677774,63.09815351],[21.38733483,63.09812816],[21.38789151,63.09811326],[21.38844448,63.09811015]]],[[[21.31190988,63.08903912],[21.3113753,63.08900867],[21.31084659,63.08900886],[21.31032506,63.08904857],[21.30980988,63.08912115],[21.30930107,63.08921808],[21.3087995,63.08933308],[21.30830704,63.0894616],[21.30782672,63.08960052],[21.307811,63.08960546],[21.30647999,63.0900239],[21.30603844,63.09014598],[21.3053276,63.09031146],[21.30517118,63.09034788],[21.30478791,63.0904548],[21.3044663,63.09058467],[21.30422411,63.0907324],[21.30407872,63.09089049],[21.30405621,63.09105226],[21.3041618,63.09119854],[21.3043667,63.09134333],[21.30464492,63.09148732],[21.30497596,63.09163127],[21.30514219,63.09169672],[21.30534364,63.09177604],[21.30654964,63.092226],[21.30696812,63.09238966],[21.3077912,63.09273117],[21.3085896,63.09308653],[21.30935455,63.09345299],[21.30972032,63.09364027],[21.31007171,63.09383043],[21.31075455,63.09421978],[21.31100208,63.09436092],[21.31132342,63.09452444],[21.31166647,63.09467322],[21.31206459,63.09481138],[21.31246542,63.09492628],[21.31248768,63.09493266],[21.31292459,63.0950428],[21.31336506,63.0951465],[21.31368329,63.09521912],[21.31382012,63.09524773],[21.31400295,63.09528597],[21.31432898,63.09534221],[21.31473011,63.09538962],[21.31514239,63.09541493],[21.31556086,63.09541742],[21.31600878,63.09539412],[21.31645551,63.0953476],[21.31689807,63.09528148],[21.31733304,63.09519791],[21.31775627,63.09509773],[21.31816264,63.0949804],[21.31860111,63.09482343],[21.31901856,63.09464064],[21.31906593,63.0946199],[21.31955106,63.09437895],[21.32004061,63.09411509],[21.32051866,63.09384258],[21.32137531,63.0933272],[21.32205086,63.09290525],[21.32222884,63.09280338],[21.32214219,63.09269319],[21.32180936,63.09220191],[21.32160597,63.09191839],[21.32137198,63.09161195],[21.3211118,63.09129765],[21.32082937,63.09099078],[21.32072907,63.09089623],[21.32052815,63.09070684],[21.32021131,63.09046152],[21.31987967,63.09026759],[21.31953214,63.09011311],[21.31914918,63.08997474],[21.31873934,63.08985016],[21.31830869,63.08973829],[21.31786128,63.08963917],[21.31739951,63.08955393],[21.31692446,63.08948473],[21.31637091,63.08942706],[21.31600844,63.08939956],[21.31580689,63.08938426],[21.31466838,63.08931109],[21.3141029,63.08926679],[21.31354541,63.08921102],[21.31244969,63.08908909],[21.31232061,63.08907714],[21.31190988,63.08903912]]],[[[21.32291694,63.06187545],[21.32319367,63.0618604],[21.323535,63.0618933],[21.32392546,63.06196385],[21.32478321,63.06215915],[21.32521385,63.06225084],[21.32562108,63.06231606],[21.32601422,63.06234015],[21.32643635,63.06231267],[21.32686704,63.06224193],[21.32730386,63.06214036],[21.32774497,63.06201706],[21.32818888,63.06187854],[21.32863428,63.06172941],[21.32952394,63.0614109],[21.33039922,63.06107547],[21.33082406,63.06090274],[21.33123418,63.06072636],[21.33162279,63.06054556],[21.33198073,63.06035911],[21.33229577,63.0601653],[21.33255177,63.05996189],[21.3327252,63.05976068],[21.33283773,63.05955328],[21.33289456,63.05934421],[21.33289643,63.05913794],[21.33283965,63.05893923],[21.33273828,63.05877627],[21.33259096,63.05862634],[21.33239984,63.05849333],[21.33216455,63.05838196],[21.33184584,63.05828528],[21.33148766,63.05821022],[21.33072263,63.05807709],[21.33034668,63.05799638],[21.32998007,63.05789132],[21.3292819,63.05764734],[21.32892978,63.05753043],[21.32856122,63.05743243],[21.32817632,63.05736551],[21.32777494,63.05733211],[21.32736697,63.05733701],[21.32694562,63.05738612],[21.3265268,63.05747086],[21.32611001,63.05758047],[21.32569478,63.05770591],[21.3248673,63.05797335],[21.32445437,63.05810077],[21.32404173,63.05821378],[21.32362934,63.05830352],[21.32360305,63.05830709],[21.3234596,63.05832657],[21.32321741,63.05835945],[21.32289768,63.058373],[21.32258513,63.05836026],[21.32221732,63.05831287],[21.32185334,63.0582433],[21.32151953,63.05817155],[21.32118597,63.05809069],[21.32086383,63.05799728],[21.32056517,63.057887],[21.32047567,63.05784219],[21.32028274,63.0577456],[21.32004503,63.05758312],[21.31993075,63.05747369],[21.31985673,63.05740281],[21.31972173,63.05720623],[21.3196359,63.056998],[21.31959364,63.05678156],[21.31959033,63.05654662],[21.31960826,63.05637335],[21.31961503,63.0563079],[21.31968679,63.05582668],[21.3197041,63.05558777],[21.31968975,63.0553496],[21.31963585,63.05511865],[21.31953443,63.05489899],[21.31937417,63.05469569],[21.31915774,63.05452253],[21.31904813,63.054462],[21.31894759,63.05440649],[21.31888521,63.05437204],[21.31856414,63.05424786],[21.31819893,63.05415549],[21.31775023,63.05409578],[21.31726619,63.05407339],[21.31676043,63.05408082],[21.3162447,63.05411339],[21.31572992,63.05416895],[21.31551475,63.05420265],[21.31522699,63.05424773],[21.31474774,63.05435231],[21.31433233,63.0544758],[21.31395183,63.05462202],[21.31361106,63.05478864],[21.31359556,63.05479838],[21.31330251,63.05498255],[21.31303726,63.05519225],[21.31281044,63.05541347],[21.31262051,63.05564306],[21.31246922,63.0558788],[21.31236163,63.05611915],[21.31230529,63.05634603],[21.31230121,63.0563949],[21.31228625,63.05657417],[21.31229898,63.0568019],[21.31234014,63.05702759],[21.3124083,63.05724958],[21.3126057,63.05770012],[21.31268733,63.05792079],[21.31272389,63.0581404],[21.31269445,63.05836772],[21.31261124,63.05859508],[21.31249564,63.0588221],[21.31224581,63.05927252],[21.31215113,63.05949391],[21.31210561,63.05967998],[21.31209653,63.05985929],[21.31212614,63.06002794],[21.31219893,63.06018129],[21.31232189,63.06031375],[21.31249585,63.06041887],[21.31270715,63.06050006],[21.31293705,63.06055898],[21.3135075,63.06065507],[21.31379176,63.0607267],[21.31409306,63.06081233],[21.31443395,63.06089369],[21.31478158,63.06095014],[21.31516698,63.06099623],[21.31600704,63.06108714],[21.31649562,63.06115427],[21.3169838,63.06123794],[21.31746169,63.06133992],[21.31792448,63.06146273],[21.31948431,63.06192893],[21.32003157,63.06207584],[21.32058087,63.06219029],[21.3210294,63.06225016],[21.32145476,63.06227958],[21.32183444,63.06228187],[21.32218612,63.06225848],[21.32242098,63.06222151],[21.32251155,63.06218369],[21.3225169,63.06211149],[21.3225843,63.06202339],[21.32271605,63.06193685],[21.32291694,63.06187545]]],[[[21.45957768,63.07544261],[21.4591721,63.07540629],[21.45880764,63.07541379],[21.45845401,63.0754569],[21.45812022,63.07553177],[21.45781647,63.07563649],[21.45750716,63.07579618],[21.45724551,63.07598618],[21.45702447,63.07619803],[21.45684042,63.07642541],[21.45669309,63.07666371],[21.45658544,63.07690961],[21.45652376,63.07716077],[21.45651218,63.07740764],[21.45653574,63.07765617],[21.45667343,63.07839741],[21.45669638,63.07863828],[21.45668309,63.07887316],[21.45661526,63.07909967],[21.45650131,63.07928443],[21.45633706,63.0794597],[21.45612551,63.07962377],[21.45586714,63.07977431],[21.45549486,63.0799357],[21.45507081,63.08007925],[21.45461026,63.08020986],[21.45412548,63.08033139],[21.45213557,63.08078142],[21.45167184,63.08089605],[21.45124449,63.08101609],[21.45086978,63.08114445],[21.45056855,63.08128473],[21.45036752,63.08144148],[21.45028693,63.08162317],[21.45030796,63.08182219],[21.45039872,63.08203386],[21.45053323,63.08225458],[21.45084861,63.0827128],[21.45099177,63.08294662],[21.45110036,63.08318176],[21.4511611,63.08341239],[21.45121612,63.08386407],[21.45125348,63.08407963],[21.45135029,63.08444111],[21.45135917,63.08465959],[21.45132894,63.08488753],[21.45114668,63.08560204],[21.4510996,63.08584335],[21.45108277,63.08608297],[21.45111291,63.08631883],[21.45119405,63.08653615],[21.45142579,63.08696582],[21.45152605,63.08718335],[21.45158719,63.08739328],[21.45168426,63.08802661],[21.45173733,63.08822982],[21.4518278,63.08842347],[21.45197494,63.08860309],[21.45221371,63.08877669],[21.4525205,63.08893031],[21.45287561,63.08906491],[21.45326278,63.08917963],[21.45366821,63.08927162],[21.45407969,63.08933581],[21.4544857,63.08936458],[21.45487462,63.08934731],[21.45521331,63.08928175],[21.45552988,63.08917593],[21.45582672,63.08903921],[21.45610498,63.08887879],[21.45636456,63.0887],[21.45660409,63.08850669],[21.45684896,63.08827473],[21.45707186,63.08803232],[21.45727787,63.08778297],[21.45747037,63.08752919],[21.45782071,63.087015],[21.45797785,63.08675677],[21.45811999,63.08649876],[21.45824274,63.0862415],[21.45833959,63.08598548],[21.45840147,63.08573121],[21.45841615,63.08547932],[21.45838814,63.08528284],[21.45833555,63.08508777],[21.45821205,63.08470005],[21.45816142,63.08447349],[21.45814024,63.08424951],[21.45815642,63.08403083],[21.45822113,63.08382077],[21.45834981,63.0836235],[21.458541,63.08345263],[21.45879198,63.08328876],[21.45944538,63.08291113],[21.45979089,63.08269964],[21.46010955,63.08247683],[21.46037483,63.08224633],[21.46057273,63.08201083],[21.46070567,63.08178643],[21.46078514,63.08158693],[21.46082142,63.08142585],[21.46082334,63.08131636],[21.46079557,63.08127064],[21.46081001,63.08121133],[21.4609222,63.08109086],[21.46112226,63.08092822],[21.46140462,63.08074481],[21.46176533,63.08056305],[21.46220178,63.08040635],[21.46265244,63.08030326],[21.46313892,63.08023371],[21.46315347,63.0802324],[21.4636348,63.08018893],[21.46454181,63.08013245],[21.46492855,63.08009099],[21.46530798,63.08001157],[21.46563585,63.07989649],[21.46589224,63.07975377],[21.46609208,63.07958864],[21.46623967,63.0794093],[21.46633478,63.07922253],[21.46637268,63.07903417],[21.46634405,63.07884959],[21.46623472,63.07867406],[21.46602095,63.07850253],[21.4657299,63.07834108],[21.46556292,63.0782642],[21.46538929,63.07818424],[21.464648,63.07786385],[21.46428513,63.07768982],[21.46392862,63.07749011],[21.46359332,63.07727767],[21.46261469,63.07661564],[21.4622634,63.0764035],[21.4619195,63.07622162],[21.46155535,63.07605104],[21.46117597,63.07589262],[21.46078541,63.07574838],[21.46038697,63.07562168],[21.45998353,63.07551747],[21.45957768,63.07544261]]],[[[21.34582991,63.09511264],[21.34637583,63.09512668],[21.3469114,63.09515759],[21.34742801,63.09520614],[21.34791537,63.09527499],[21.34836072,63.09536884],[21.34874797,63.09549462],[21.34903538,63.09563901],[21.34928012,63.09580671],[21.34949976,63.09598935],[21.34992674,63.09637033],[21.35016468,63.09655504],[21.35044043,63.09672649],[21.35078759,63.0968874],[21.35118155,63.09702827],[21.35160878,63.09715131],[21.35205787,63.09725719],[21.35251872,63.09734493],[21.35298191,63.09741181],[21.35343797,63.0974531],[21.35387669,63.09746177],[21.35428637,63.0974281],[21.35467671,63.09733802],[21.35493893,63.09723589],[21.35502527,63.09720226],[21.35533451,63.09703308],[21.35546731,63.09693735],[21.3556029,63.0968396],[21.35582473,63.09662844],[21.3558946,63.09653339],[21.35598954,63.09640422],[21.35608154,63.09616997],[21.35608886,63.09593707],[21.35603109,63.09569895],[21.35592578,63.09545736],[21.35578635,63.09521354],[21.35562297,63.09496834],[21.35544326,63.09472233],[21.35505603,63.09422925],[21.35425628,63.09324384],[21.35424752,63.09323269],[21.353872,63.09275464],[21.35351119,63.09227299],[21.35304853,63.09163556],[21.35288377,63.09145017],[21.35269002,63.09128105],[21.35245227,63.09113384],[21.35221147,63.09103094],[21.35193813,63.09094173],[21.35167731,63.09087037],[21.3516411,63.09086046],[21.35125233,63.09076528],[21.35084553,63.09067685],[21.35042537,63.09059869],[21.3499953,63.09053532],[21.3495578,63.0904924],[21.34911459,63.09047701],[21.34862027,63.09049784],[21.34845455,63.09051483],[21.34812192,63.09054893],[21.3476206,63.09061844],[21.34661144,63.09077148],[21.34610426,63.09083532],[21.34560016,63.09087804],[21.34510252,63.09089559],[21.34461982,63.09088312],[21.34416161,63.09083363],[21.34373347,63.09074142],[21.34333144,63.09061605],[21.34294738,63.09046907],[21.34229589,63.0901909],[21.34183766,63.08999524],[21.34146241,63.08985724],[21.34107434,63.08974643],[21.34066613,63.08967579],[21.34023687,63.08965529],[21.33978534,63.08967451],[21.33931586,63.08972125],[21.33883132,63.08978544],[21.33782225,63.08993278],[21.33735847,63.08999314],[21.33729748,63.09000107],[21.33677703,63.09005613],[21.33624613,63.09010157],[21.33570809,63.09013982],[21.33353901,63.09026246],[21.33300665,63.09029598],[21.33248554,63.09033567],[21.33198094,63.09038502],[21.33149968,63.09044838],[21.33105055,63.09053134],[21.33064488,63.09064097],[21.33028357,63.09078681],[21.32996759,63.0909607],[21.32968491,63.09115534],[21.32942637,63.09136514],[21.32918515,63.09158583],[21.32895635,63.09181423],[21.32852406,63.09228529],[21.32811877,63.09276588],[21.32775004,63.09324901],[21.32758875,63.09348999],[21.32745168,63.09372982],[21.3273487,63.09396779],[21.32729308,63.09420303],[21.32730236,63.09443439],[21.32739746,63.09467126],[21.32756721,63.09490185],[21.32779643,63.09512517],[21.32807561,63.09533938],[21.32840029,63.09554166],[21.32877077,63.09572794],[21.32911853,63.09586897],[21.32949392,63.0959965],[21.32989068,63.09611139],[21.33030403,63.09621369],[21.33073028,63.09630259],[21.33116667,63.09637644],[21.33167679,63.09644189],[21.33268373,63.09654165],[21.33315562,63.09659451],[21.3335859,63.09666264],[21.3339542,63.0967579],[21.33423576,63.0968852],[21.33445964,63.09704159],[21.33493389,63.09743997],[21.3352222,63.09765212],[21.33555815,63.09784874],[21.33594795,63.09801342],[21.33634807,63.09812758],[21.33675727,63.09820867],[21.3371405,63.09826155],[21.33746391,63.09829061],[21.33769496,63.09829967],[21.33780507,63.09829087],[21.33796575,63.09794993],[21.33809004,63.09772186],[21.33825365,63.09746294],[21.33845898,63.09718893],[21.33870898,63.0969158],[21.33900725,63.09665983],[21.33924343,63.09651006],[21.33928086,63.09646105],[21.33933099,63.09645454],[21.33935785,63.0964375],[21.33980273,63.09624632],[21.34027094,63.09611134],[21.34123964,63.0958866],[21.34172517,63.09576302],[21.34269562,63.09550428],[21.34318729,63.09538264],[21.34368856,63.09527603],[21.34420426,63.0951933],[21.34473682,63.09514168],[21.34528118,63.09511659],[21.34582991,63.09511264]]],[[[21.40401752,63.07945392],[21.40427501,63.07943373],[21.40460024,63.0794507],[21.40510919,63.07949535],[21.40539218,63.07952018],[21.40580253,63.07954026],[21.40622656,63.07954324],[21.40665262,63.07952475],[21.40706966,63.07947924],[21.40748803,63.07939776],[21.40788351,63.07928709],[21.40825386,63.07915337],[21.4085949,63.07900086],[21.40890009,63.07883227],[21.40916015,63.07864891],[21.40937535,63.07844128],[21.40953245,63.0782229],[21.40963244,63.07799823],[21.40967149,63.07777099],[21.40964095,63.07754449],[21.4095428,63.07733402],[21.4093945,63.07712635],[21.40921667,63.07692094],[21.40914513,63.07684258],[21.40884606,63.07651499],[21.40868925,63.07631371],[21.40857713,63.07611315],[21.40853203,63.07591311],[21.4085731,63.07570939],[21.40868888,63.07550673],[21.40886161,63.07530597],[21.40907734,63.07510811],[21.40932518,63.07491439],[21.40959656,63.07472638],[21.40988459,63.07454605],[21.41007489,63.07443771],[21.41018346,63.0743759],[21.41048789,63.07421899],[21.4110193,63.07395937],[21.4112275,63.07382409],[21.41138277,63.07365197],[21.41145357,63.07346418],[21.41144344,63.07326768],[21.41134967,63.07306887],[21.41117868,63.0728807],[21.41094417,63.07269524],[21.41066333,63.0725117],[21.41034971,63.07232934],[21.41001408,63.07214741],[21.40895611,63.07159602],[21.40860882,63.07140701],[21.4082698,63.07121115],[21.40794534,63.07101102],[21.40763723,63.07080693],[21.40734843,63.07059884],[21.4070834,63.07038638],[21.40684844,63.0701688],[21.406652,63.06994496],[21.40649084,63.06969583],[21.40637218,63.06944],[21.40628426,63.06917934],[21.40621793,63.06891532],[21.40616599,63.06864909],[21.40599353,63.0675806],[21.40593354,63.06731735],[21.40588449,63.06715732],[21.40585412,63.06705821],[21.40574609,63.06680514],[21.40559753,63.06656072],[21.4053929,63.06632836],[21.40513535,63.06612184],[21.40482594,63.06592648],[21.4044774,63.06573954],[21.40409933,63.06555902],[21.40369875,63.06538359],[21.40328061,63.0652125],[21.40284817,63.06504556],[21.40240329,63.06488315],[21.40194671,63.06472619],[21.40148008,63.06457604],[21.40100596,63.06443189],[21.4005283,63.0642935],[21.40005105,63.06416135],[21.39957848,63.06403681],[21.39911569,63.06392223],[21.39866909,63.06382117],[21.39824694,63.06373868],[21.39786009,63.06368166],[21.39752281,63.06365929],[21.39725374,63.06368358],[21.39708997,63.06375074],[21.39681235,63.06397498],[21.39643546,63.06422794],[21.39565072,63.06455401],[21.39467384,63.06451524],[21.39362857,63.06483097],[21.39273306,63.06539078],[21.3918261,63.06600966],[21.39118533,63.06660934],[21.38968403,63.06690693],[21.38870613,63.06755274],[21.38924573,63.06849699],[21.39059073,63.06866948],[21.39223378,63.06831798],[21.39409498,63.06785604],[21.39583156,63.06735937],[21.39721073,63.06735455],[21.39885042,63.06736005],[21.40161444,63.0673208],[21.40220063,63.06734403],[21.40307685,63.0673305],[21.40337159,63.067467],[21.40357713,63.06761675],[21.40367024,63.06776817],[21.40368427,63.06786904],[21.40369298,63.06793161],[21.40367092,63.06810392],[21.40358162,63.06846508],[21.40355553,63.06864977],[21.40356305,63.06884611],[21.40361172,63.06923309],[21.40360244,63.06942018],[21.40353435,63.06960032],[21.40340118,63.0697593],[21.40321617,63.06991385],[21.40277865,63.07022309],[21.4025676,63.07038467],[21.40240453,63.07054151],[21.40238953,63.07055594],[21.40224709,63.07076579],[21.4021598,63.07098926],[21.40211469,63.07122274],[21.40210188,63.07146337],[21.40211411,63.07170882],[21.40214633,63.07195718],[21.40219546,63.07220678],[21.40226017,63.07245607],[21.40234074,63.07270346],[21.40243912,63.07294719],[21.40255893,63.07318523],[21.40270568,63.07341505],[21.40288694,63.07363352],[21.40311265,63.07383671],[21.40336772,63.07400991],[21.40392859,63.07433244],[21.40418674,63.07449505],[21.40439649,63.07466736],[21.40454721,63.07487322],[21.40462392,63.07509351],[21.40463955,63.07532328],[21.40460172,63.0755581],[21.40451312,63.07579378],[21.4043715,63.07602603],[21.40416964,63.07625018],[21.40389387,63.07646704],[21.4035607,63.07667158],[21.40318376,63.07686441],[21.40277222,63.07704487],[21.40233158,63.07721087],[21.40186413,63.07735875],[21.4013693,63.07748289],[21.40089672,63.07757046],[21.4004079,63.07763692],[21.3999105,63.07768536],[21.39941155,63.07771734],[21.39891794,63.07773286],[21.39843693,63.07773036],[21.39797666,63.07770664],[21.39754669,63.07765666],[21.39715852,63.07757332],[21.39680918,63.07744554],[21.39650522,63.07728333],[21.39623479,63.07709589],[21.39598845,63.07689032],[21.39575865,63.07667211],[21.39553917,63.07644555],[21.39489096,63.07574702],[21.39466158,63.07551643],[21.39441593,63.07529116],[21.39414659,63.07507411],[21.39384434,63.07486881],[21.39351581,63.07468539],[21.39315539,63.07451401],[21.39277008,63.07435273],[21.39236508,63.07420043],[21.391944,63.07405676],[21.39150911,63.07392224],[21.39106145,63.07379824],[21.39060096,63.07368709],[21.39012653,63.07359226],[21.38962497,63.07351525],[21.38911205,63.07345697],[21.38859251,63.07341557],[21.38807057,63.07339069],[21.38755023,63.0733835],[21.38703556,63.07339671],[21.386531,63.07343473],[21.38605012,63.07349966],[21.38558259,63.07358749],[21.38512805,63.07369284],[21.38468706,63.07381166],[21.38426117,63.07394091],[21.38385297,63.07407832],[21.38276243,63.07448049],[21.38240673,63.07459427],[21.38204474,63.07468497],[21.38167023,63.07474314],[21.38128227,63.07476199],[21.38087967,63.07475058],[21.38046611,63.07471995],[21.3796191,63.07464089],[21.37919191,63.07461172],[21.37876673,63.07460294],[21.37829878,63.07462706],[21.37784797,63.07468354],[21.37742604,63.07476736],[21.37704787,63.07487568],[21.37673247,63.07500776],[21.37650428,63.0751649],[21.37638358,63.0753478],[21.37635312,63.07555101],[21.37639227,63.07576819],[21.37648644,63.07599431],[21.37662617,63.07622524],[21.37680649,63.07645749],[21.37702639,63.07668792],[21.37727559,63.0769061],[21.37755301,63.07712063],[21.37784992,63.07733227],[21.37815939,63.07754171],[21.37910917,63.07816298],[21.37941674,63.07836973],[21.37971109,63.07857743],[21.37998569,63.0787869],[21.38023241,63.07899916],[21.38044103,63.07921543],[21.38059854,63.0794373],[21.38069866,63.07967936],[21.38074346,63.0799277],[21.38074898,63.08018068],[21.38072809,63.08043704],[21.38060584,63.08121798],[21.38057367,63.08148046],[21.38056021,63.08174341],[21.38057074,63.08198451],[21.38060129,63.08222559],[21.38064894,63.08246646],[21.38071203,63.08270685],[21.38079014,63.08294645],[21.38088412,63.08318482],[21.38099615,63.08342138],[21.38113567,63.0836677],[21.38129426,63.08391124],[21.38146877,63.08415174],[21.38165772,63.08438856],[21.38186126,63.08462055],[21.38208125,63.084846],[21.38232138,63.08506246],[21.38258745,63.08526654],[21.38288774,63.08545372],[21.38323347,63.08561805],[21.38364746,63.08575871],[21.38410886,63.08587519],[21.38460484,63.08597387],[21.38512567,63.0860595],[21.38566409,63.08613549],[21.38621478,63.08620414],[21.38677393,63.08626677],[21.38733885,63.0863239],[21.38790775,63.08637523],[21.38847949,63.08641968],[21.38905347,63.08645533],[21.38962946,63.08647929],[21.39017673,63.08648887],[21.39072502,63.08648772],[21.3912736,63.08647825],[21.39182174,63.08646213],[21.39236872,63.08644032],[21.3928476,63.08641642],[21.39291366,63.08641312],[21.3934555,63.08638021],[21.39399288,63.08634059],[21.39452399,63.08629253],[21.39504648,63.08623345],[21.39555725,63.08615975],[21.39605651,63.08606788],[21.39654359,63.08596122],[21.39702131,63.08584351],[21.39749169,63.08571755],[21.39795603,63.08558538],[21.3988684,63.08530745],[21.39975488,63.08501442],[21.40018359,63.08486147],[21.40059769,63.08470268],[21.40099144,63.084536],[21.40135691,63.0843585],[21.40170354,63.08415662],[21.40204787,63.0839128],[21.40239526,63.08362981],[21.40273721,63.08332324],[21.40306506,63.08300862],[21.40336978,63.08270128],[21.40416714,63.08184849],[21.40421586,63.08180655],[21.4042089,63.08176037],[21.40398208,63.08113659],[21.40388497,63.0808348],[21.40379853,63.0805193],[21.40373608,63.08021042],[21.40371179,63.07992906],[21.40372665,63.07980944],[21.40374067,63.07969658],[21.40383804,63.07953431],[21.40401752,63.07945392]]],[[[21.38731401,63.05475233],[21.38774368,63.05476102],[21.388191,63.0548033],[21.3886513,63.05486775],[21.38953073,63.05501379],[21.38959916,63.05502515],[21.39008342,63.05510104],[21.39057366,63.05516372],[21.39106993,63.05520382],[21.39160083,63.05521353],[21.39213417,63.05519385],[21.39266512,63.05515042],[21.39318842,63.05508678],[21.39369795,63.05500458],[21.39418619,63.05490363],[21.39464367,63.05478189],[21.39500345,63.05465474],[21.39507192,63.05465341],[21.39509764,63.05461631],[21.39542799,63.0544564],[21.39575283,63.05425382],[21.39604516,63.05403428],[21.39631431,63.05380276],[21.39656704,63.05356293],[21.39680811,63.05331747],[21.3972658,63.05281681],[21.39769406,63.05231053],[21.39789288,63.05205699],[21.39807582,63.05180384],[21.39812605,63.05172466],[21.39823589,63.05155151],[21.39836325,63.05130053],[21.39844441,63.05105155],[21.39846083,63.05081344],[21.39846138,63.05080544],[21.39840728,63.05058561],[21.39829334,63.05037037],[21.39816007,63.0502021],[21.39813444,63.05015],[21.39807526,63.0501118],[21.39791493,63.0499606],[21.39765555,63.04977081],[21.39735126,63.04959392],[21.39701606,63.04942613],[21.39700527,63.04942111],[21.39631493,63.04909982],[21.39597733,63.04893295],[21.39566708,63.04875807],[21.39537787,63.04856244],[21.39482523,63.04816212],[21.39453388,63.04796634],[21.39423141,63.04777516],[21.39417833,63.04774398],[21.39391918,63.04759175],[21.39359775,63.04742017],[21.39326683,63.04726569],[21.39292527,63.0471352],[21.392571,63.04703763],[21.39220229,63.04698468],[21.39220091,63.04698448],[21.3918055,63.04698548],[21.39139574,63.04703279],[21.39097702,63.04711489],[21.39055397,63.04722307],[21.39013071,63.04735089],[21.38971115,63.04749376],[21.38929922,63.04764854],[21.38889905,63.04781328],[21.38816136,63.04814515],[21.38778716,63.04830696],[21.38739388,63.04845726],[21.38694067,63.04859989],[21.38645961,63.04872592],[21.38595775,63.04883919],[21.38544046,63.04894256],[21.38491177,63.04903803],[21.38437455,63.04912685],[21.38383082,63.04920954],[21.38328184,63.04928597],[21.38272829,63.04935528],[21.38217032,63.04941585],[21.38161306,63.04946574],[21.38105299,63.04950658],[21.38049168,63.04953944],[21.37993056,63.04956454],[21.37937109,63.04958126],[21.37881482,63.04958804],[21.37826356,63.04958232],[21.37771949,63.04956037],[21.37718532,63.04951709],[21.37666422,63.04944861],[21.3761525,63.04935994],[21.37564698,63.04925733],[21.37363432,63.0488025],[21.37312085,63.04869869],[21.37259738,63.04860797],[21.37205766,63.04853392],[21.37150743,63.04847508],[21.37094957,63.04842864],[21.37038647,63.0483929],[21.36982026,63.04836723],[21.36925294,63.04835206],[21.36868658,63.04834893],[21.36812355,63.04836059],[21.3675667,63.04839119],[21.36702482,63.04844349],[21.36649198,63.04851403],[21.36596876,63.04859845],[21.36545702,63.04869364],[21.3649602,63.04879759],[21.36448366,63.04890924],[21.36403515,63.04902838],[21.36362551,63.04915563],[21.36326942,63.04929246],[21.36298639,63.04944117],[21.36280583,63.049593],[21.36271615,63.04975135],[21.36272713,63.04990986],[21.36284686,63.05006576],[21.36304728,63.05021872],[21.36355787,63.05052898],[21.3638078,63.05069346],[21.36401426,63.05086966],[21.36415825,63.0510722],[21.36422726,63.05128651],[21.36422618,63.05150641],[21.36415447,63.05172598],[21.3640059,63.05193923],[21.36378311,63.05213517],[21.36349674,63.0523207],[21.36316209,63.05249663],[21.36279043,63.05266288],[21.36238971,63.05281843],[21.36196514,63.05296118],[21.36151954,63.05308778],[21.36105375,63.05319339],[21.36060538,63.05326817],[21.36014611,63.05332127],[21.35968235,63.05335307],[21.35922009,63.05336243],[21.35876527,63.05334655],[21.35832409,63.0533009],[21.35783829,63.05320715],[21.35737306,63.0530781],[21.35692314,63.05292366],[21.35648455,63.05275145],[21.35605438,63.05256738],[21.35563065,63.0523762],[21.35439093,63.05179923],[21.35399001,63.05161928],[21.35359859,63.05145408],[21.35322057,63.0513109],[21.35286152,63.05119936],[21.35252912,63.05113212],[21.35223375,63.05112579],[21.35199791,63.05118784],[21.35179656,63.05130461],[21.35162219,63.0514619],[21.35146978,63.0516487],[21.3513365,63.05185657],[21.3512217,63.05207903],[21.35112679,63.05231117],[21.35105544,63.05254918],[21.35101377,63.05279009],[21.35101074,63.05303147],[21.3510586,63.05327122],[21.35117374,63.05351888],[21.351343,63.05376327],[21.35155147,63.054005],[21.35178786,63.05424459],[21.35204379,63.05448247],[21.35231311,63.05471898],[21.35287589,63.05518877],[21.35375103,63.05588526],[21.3543524,63.05633999],[21.3546624,63.05656178],[21.35498243,63.05677767],[21.35531679,63.05698521],[21.35567125,63.0571811],[21.35605344,63.05736093],[21.35647013,63.05752069],[21.35691531,63.05766057],[21.35738204,63.05778094],[21.35786518,63.05788059],[21.35836097,63.05795665],[21.35880902,63.05800335],[21.3597028,63.05807327],[21.36013543,63.05811713],[21.36054899,63.0581812],[21.36097726,63.05828524],[21.36138017,63.05841905],[21.36176411,63.05857518],[21.36213407,63.05874787],[21.36249384,63.05893268],[21.36284632,63.05912625],[21.36319364,63.0593261],[21.36387894,63.05973771],[21.36626889,63.06121686],[21.36697601,63.06163413],[21.36734074,63.06183843],[21.36771657,63.06203794],[21.36810727,63.06223062],[21.3685282,63.06241988],[21.36896443,63.06260042],[21.36941143,63.06277272],[21.3698655,63.06293616],[21.37032342,63.06308889],[21.3707822,63.06322766],[21.37123875,63.06334744],[21.37168962,63.06344103],[21.37213061,63.06349851],[21.3725564,63.0635065],[21.37296469,63.06345342],[21.37335167,63.06334988],[21.37371615,63.06320926],[21.37405447,63.06304148],[21.37435995,63.0628537],[21.37462242,63.06265086],[21.37482729,63.06243615],[21.37495461,63.06221129],[21.37498891,63.06197999],[21.37495292,63.06174325],[21.37487354,63.06150444],[21.37468,63.06103359],[21.37461352,63.06080868],[21.37460341,63.06059676],[21.37468377,63.06040391],[21.37487622,63.06023991],[21.37516497,63.06009578],[21.37552695,63.05996738],[21.3759444,63.05985181],[21.37643414,63.05974503],[21.37703945,63.059644],[21.37772739,63.05955359],[21.37846259,63.05947873],[21.37917061,63.05942504],[21.37985675,63.05938633],[21.38048859,63.05935989],[21.38181752,63.05932548],[21.38290069,63.05897571],[21.38339715,63.05880414],[21.38392255,63.05861099],[21.3844459,63.05840213],[21.38493542,63.05818331],[21.38535857,63.05796016],[21.3856825,63.05773834],[21.38588976,63.0575063],[21.38597946,63.05727472],[21.38598317,63.05705247],[21.38593103,63.05682615],[21.38584523,63.05659806],[21.38573078,63.05633923],[21.385645,63.05614526],[21.38556327,63.0559252],[21.38551612,63.05571313],[21.38551855,63.05563909],[21.3855227,63.05551273],[21.38560562,63.05532866],[21.38576476,63.05517813],[21.38599143,63.0550463],[21.38627011,63.0549344],[21.38658894,63.05484508],[21.38693905,63.05478245],[21.38731401,63.05475233]]],[[[21.41901964,63.08376161],[21.41971024,63.0837874],[21.42035482,63.08381983],[21.42090344,63.08385664],[21.42239112,63.08397068],[21.42288436,63.08399928],[21.4233769,63.08401695],[21.42386891,63.08401929],[21.42443595,63.08399901],[21.42500269,63.08395909],[21.42556931,63.08390536],[21.42613595,63.08384225],[21.42670268,63.08377313],[21.42840357,63.08355516],[21.42897055,63.08348643],[21.42953727,63.08342374],[21.43010338,63.08337026],[21.43066839,63.08333002],[21.43123158,63.08330816],[21.43179194,63.08331135],[21.43232502,63.08334275],[21.43285485,63.08339636],[21.43338161,63.08346514],[21.43493731,63.08370537],[21.43544226,63.08377898],[21.4359354,63.08383959],[21.4364118,63.08387981],[21.43686478,63.08389047],[21.4372854,63.08386006],[21.43763801,63.08378709],[21.437958,63.08367753],[21.43824796,63.08353993],[21.43850809,63.08338089],[21.43860727,63.08330457],[21.4387362,63.08320537],[21.43892756,63.08301701],[21.43907469,63.08281835],[21.43916709,63.082611],[21.43919704,63.08239185],[21.43917635,63.082167],[21.43912266,63.08193839],[21.43903775,63.08166866],[21.43897704,63.08147578],[21.43891348,63.08124424],[21.43887548,63.08101406],[21.43887936,63.08078646],[21.43894122,63.08055583],[21.43905607,63.08033059],[21.43921594,63.08011233],[21.43941634,63.07990328],[21.43965604,63.07970646],[21.43993708,63.0795259],[21.44026485,63.07936684],[21.44065762,63.07922998],[21.44109451,63.07911974],[21.44156357,63.07903437],[21.44198948,63.0789786],[21.44256367,63.07891773],[21.44286392,63.07888591],[21.44329925,63.07883109],[21.4436659,63.07877113],[21.44402257,63.07869809],[21.44436626,63.07861168],[21.44479447,63.07847799],[21.44520043,63.07832568],[21.44558883,63.07815931],[21.44596294,63.07798231],[21.4463248,63.07779719],[21.44636902,63.07777302],[21.44667526,63.07760568],[21.44701397,63.07740886],[21.44733935,63.07720721],[21.44764806,63.07700096],[21.44764851,63.07700066],[21.447937,63.07678866],[21.44819862,63.07657009],[21.44843131,63.07634086],[21.44863718,63.07610541],[21.44882342,63.07586548],[21.44897199,63.0756556],[21.44899551,63.07562237],[21.44931248,63.07513024],[21.44960894,63.07463398],[21.44989405,63.07413604],[21.45030005,63.0733878],[21.45054276,63.07288789],[21.45064839,63.0726373],[21.45073819,63.07238604],[21.45080663,63.07213389],[21.4508506,63.07187116],[21.45087299,63.07160765],[21.45088248,63.07055548],[21.45089429,63.07029578],[21.45092258,63.07003903],[21.4509756,63.06978645],[21.45106358,63.06953957],[21.45119934,63.06930041],[21.4513887,63.06907269],[21.45207705,63.06840114],[21.45226698,63.06817435],[21.45242938,63.06794113],[21.45256811,63.06770318],[21.45268517,63.0674619],[21.45278065,63.06721844],[21.45285264,63.0669738],[21.45289702,63.06672888],[21.45290717,63.06648454],[21.45287359,63.06624167],[21.45278474,63.0659925],[21.45265115,63.0657453],[21.45248505,63.06549957],[21.45229574,63.0652549],[21.45187343,63.06476763],[21.45142049,63.0642818],[21.45002248,63.06282484],[21.44840353,63.06112036],[21.44792977,63.06063658],[21.44743145,63.06016095],[21.44716543,63.05992907],[21.44690695,63.05972165],[21.44663403,63.05952041],[21.44634574,63.05932671],[21.44603993,63.05914257],[21.44571304,63.05897082],[21.4455678,63.05890681],[21.44535996,63.05881522],[21.44497375,63.05868066],[21.44452777,63.05856621],[21.44404828,63.05847373],[21.44354593,63.05839667],[21.44302987,63.05832961],[21.44148266,63.0581436],[21.44099706,63.05807236],[21.4409496,63.05806355],[21.44054505,63.05798851],[21.44014166,63.05788601],[21.43980588,63.05775742],[21.43956985,63.05760997],[21.43939703,63.0574395],[21.43927635,63.05725182],[21.43920044,63.0570516],[21.43916533,63.05684264],[21.43917018,63.05662803],[21.43920757,63.05645512],[21.43921725,63.05641034],[21.43932321,63.05616308],[21.43947321,63.05591542],[21.43965458,63.05566777],[21.43985793,63.05542037],[21.44030486,63.05492683],[21.440779,63.0544351],[21.44207068,63.05312644],[21.44246785,63.05272403],[21.44293159,63.05223576],[21.44315378,63.05199112],[21.44336567,63.05174585],[21.443563,63.05149962],[21.44373993,63.051252],[21.44388867,63.05100242],[21.44399893,63.05075013],[21.44406245,63.05049402],[21.44408735,63.05023517],[21.44408397,63.04997429],[21.44406014,63.04971193],[21.44402172,63.04944849],[21.44391721,63.04891943],[21.44353093,63.04732455],[21.44341355,63.04679294],[21.44332892,63.04626404],[21.44330972,63.04600184],[21.44331505,63.04574224],[21.44335479,63.04548646],[21.44344206,63.04523618],[21.44357748,63.04500789],[21.44375824,63.04478609],[21.44397621,63.04457104],[21.44422635,63.04436365],[21.44450643,63.04416554],[21.44481693,63.04397919],[21.445161,63.04380805],[21.44554451,63.04365672],[21.44600602,63.04351989],[21.44650714,63.04340398],[21.44703478,63.04330169],[21.4486736,63.04301813],[21.44920695,63.04291372],[21.44970739,63.04279912],[21.45018081,63.04267318],[21.45062034,63.04253743],[21.45101552,63.04239265],[21.4513514,63.04223882],[21.45160741,63.04207513],[21.45175598,63.04189992],[21.45177535,63.04171462],[21.45169078,63.04151913],[21.45152971,63.04131622],[21.45131299,63.04110804],[21.4510562,63.04089634],[21.4507707,63.04068258],[21.45046454,63.04046812],[21.45014306,63.04025432],[21.44980949,63.04004272],[21.44946523,63.03983518],[21.44911009,63.03963408],[21.44874245,63.03944254],[21.44835919,63.03926469],[21.4479816,63.0391138],[21.44759168,63.03898125],[21.44719401,63.03886989],[21.44679249,63.03878427],[21.4463906,63.03873087],[21.44599158,63.03871839],[21.44556579,63.038758],[21.44514551,63.03883989],[21.4447293,63.0389481],[21.44390459,63.03918858],[21.44349427,63.03929471],[21.44308436,63.0393729],[21.44267434,63.03940681],[21.44225592,63.03938239],[21.44183951,63.03930776],[21.44142803,63.03919518],[21.44102506,63.0390536],[21.44063508,63.03888917],[21.44026386,63.03870569],[21.4399188,63.03850495],[21.43962739,63.03830419],[21.43935868,63.03809277],[21.43910619,63.03787394],[21.43886465,63.0376502],[21.43792535,63.03674019],[21.43767835,63.03651548],[21.43741807,63.03629436],[21.43713594,63.03607412],[21.43683871,63.03585805],[21.43621066,63.03543559],[21.43554861,63.0350237],[21.43485499,63.03462299],[21.43449395,63.03442815],[21.43412064,63.03423834],[21.43373193,63.03405502],[21.43330892,63.03387247],[21.43287124,63.0336964],[21.43125254,63.03308128],[21.43108471,63.0330175],[21.43065904,63.03284587],[21.43025785,63.03267008],[21.4298932,63.03248802],[21.42958093,63.03229708],[21.42934171,63.03209408],[21.42920881,63.0319068],[21.42914002,63.03171141],[21.42912876,63.03149116],[21.42917231,63.03126915],[21.42926051,63.03104916],[21.42938747,63.03083524],[21.42955116,63.03063201],[21.42975325,63.030445],[21.42999913,63.03028095],[21.43029808,63.03014824],[21.43062197,63.03005996],[21.43098548,63.02999381],[21.43178259,63.02988429],[21.43198292,63.02985332],[21.43219606,63.02982037],[21.43267675,63.02972446],[21.4331564,63.02960966],[21.43352284,63.02951193],[21.43461118,63.02922167],[21.43511212,63.02910034],[21.43558359,63.029002],[21.43606261,63.02891682],[21.43654422,63.02884512],[21.43702356,63.02878841],[21.43749552,63.02874952],[21.43795442,63.0287328],[21.43839365,63.02874438],[21.43880531,63.0287925],[21.4392183,63.02889461],[21.43959825,63.02903851],[21.43995441,63.02921245],[21.44029412,63.02940729],[21.44062327,63.02961586],[21.44067381,63.02964989],[21.44159404,63.03026951],[21.44192653,63.03048069],[21.44207091,63.03056403],[21.44227156,63.03067987],[21.44263538,63.03086042],[21.44302584,63.03101403],[21.44345287,63.03113001],[21.44391584,63.03119888],[21.44441387,63.03123075],[21.44493688,63.03123522],[21.44547653,63.03121944],[21.44602553,63.03118856],[21.44657709,63.03114602],[21.44712416,63.03109383],[21.44739656,63.03106268],[21.4476588,63.0310327],[21.4481714,63.0309621],[21.44864975,63.03088027],[21.44907806,63.03078409],[21.44943569,63.03066889],[21.44969583,63.03052825],[21.44983735,63.03035488],[21.44987664,63.03015648],[21.4498636,63.03008332],[21.44983819,63.02994074],[21.44973934,63.02971374],[21.44959141,63.02948041],[21.44940051,63.02924487],[21.44916814,63.0290108],[21.44890834,63.02879157],[21.44861963,63.02857604],[21.44831056,63.02836349],[21.44798768,63.02815326],[21.44631013,63.02711798],[21.44566622,63.02670089],[21.44536327,63.02648879],[21.44515943,63.02633366],[21.4450795,63.02627282],[21.44482145,63.02605149],[21.44459153,63.02582056],[21.44438796,63.02558404],[21.44420406,63.02534333],[21.44387589,63.02485349],[21.44343713,63.02410719],[21.44259964,63.02260659],[21.44229347,63.02211515],[21.44212439,63.02187473],[21.44193835,63.02164],[21.44172861,63.02141333],[21.44148626,63.02119786],[21.44119963,63.02099769],[21.44086859,63.02082071],[21.44049476,63.02065911],[21.44008856,63.02050985],[21.43965782,63.02037093],[21.43920825,63.02024133],[21.4387438,63.0201209],[21.43826695,63.02001041],[21.43777894,63.01991153],[21.43727991,63.01982692],[21.43676904,63.01976036],[21.43621929,63.01971277],[21.43566019,63.01968228],[21.43397614,63.01962507],[21.43342969,63.01959612],[21.43290124,63.01955058],[21.43239939,63.01947975],[21.43198218,63.01938934],[21.43159251,63.01927586],[21.43123018,63.0191432],[21.43106563,63.0190695],[21.43089702,63.01899398],[21.43059699,63.01882963],[21.43033639,63.0186505],[21.43016675,63.01850288],[21.43002022,63.01834792],[21.42984534,63.018121],[21.42969749,63.0178857],[21.42956933,63.01764442],[21.42945549,63.01739892],[21.42932185,63.01706265],[21.4292572,63.01689998],[21.42908799,63.01639513],[21.42901451,63.01614143],[21.42895066,63.01588711],[21.42889947,63.01563223],[21.42886256,63.0153653],[21.42884122,63.01510441],[21.42884071,63.0150982],[21.42883208,63.0148314],[21.42883645,63.01456546],[21.42885531,63.01430118],[21.42889202,63.01403964],[21.42895208,63.01378234],[21.42904353,63.01353136],[21.42912558,63.01338324],[21.42917747,63.01328956],[21.42936096,63.01306272],[21.42958803,63.01284948],[21.42970904,63.01275831],[21.42985003,63.01265208],[21.4301416,63.0124744],[21.43046036,63.01232219],[21.4308068,63.01220352],[21.4310079,63.01216392],[21.43118413,63.01212922],[21.43158837,63.01210731],[21.43201999,63.01212418],[21.43247303,63.0121648],[21.4334295,63.01226556],[21.43393028,63.01230149],[21.43445892,63.01231454],[21.43499935,63.01230642],[21.43554796,63.01228224],[21.43610213,63.01224606],[21.43665996,63.01220105],[21.43722013,63.01214971],[21.43834422,63.01203536],[21.44059914,63.01179555],[21.4414131,63.01171775],[21.44173139,63.01168733],[21.44230013,63.01164066],[21.44288294,63.0115999],[21.44346771,63.01156462],[21.4463984,63.0114101],[21.44661828,63.01139563],[21.44698095,63.01137176],[21.44755989,63.01132587],[21.44813352,63.01126921],[21.44869788,63.01119949],[21.44899838,63.01115612],[21.44925689,63.01111882],[21.44981207,63.0110301],[21.45091414,63.01083646],[21.45200432,63.01062854],[21.45307061,63.01040834],[21.4535861,63.0102922],[21.45408181,63.01017019],[21.45454864,63.01004006],[21.45497417,63.00989871],[21.45534166,63.00974197],[21.45562894,63.00956431],[21.45581475,63.00936596],[21.45592235,63.00914806],[21.45597165,63.00891655],[21.45597721,63.00867634],[21.45594902,63.00843175],[21.45590013,63.00821709],[21.45589322,63.00818679],[21.45581245,63.00794558],[21.45570606,63.00771271],[21.4555701,63.0074936],[21.4553971,63.00729503],[21.45517563,63.00712554],[21.45488966,63.00699609],[21.45456913,63.00692195],[21.45419643,63.00688013],[21.4537841,63.00686211],[21.45373307,63.00686197],[21.45334194,63.00686087],[21.45287743,63.00687061],[21.45133855,63.00692152],[21.45076653,63.00693641],[21.44902589,63.00696687],[21.44750349,63.00697944],[21.4472735,63.00698133],[21.44378944,63.00699293],[21.44266226,63.00700827],[21.44211667,63.00702404],[21.44159033,63.00704876],[21.44109119,63.00708631],[21.44062992,63.00714182],[21.44022061,63.00722212],[21.43988168,63.00733607],[21.43962313,63.0074945],[21.4394366,63.00768749],[21.43930144,63.00790523],[21.43920127,63.00813999],[21.43912281,63.00838556],[21.43898684,63.00888878],[21.43890878,63.00913718],[21.43880936,63.00937698],[21.43867543,63.00960247],[21.4384908,63.00980661],[21.43823509,63.0099806],[21.43789568,63.01011604],[21.43748558,63.01022049],[21.43702376,63.01030105],[21.43652478,63.0103627],[21.43599976,63.01040857],[21.43545718,63.01044013],[21.43490348,63.01045734],[21.43434366,63.01045866],[21.43378175,63.01044101],[21.43322488,63.01040227],[21.43266948,63.01034678],[21.432371,63.01031067],[21.43211561,63.01027977],[21.43082873,63.01010113],[21.42991354,63.00997407],[21.42936598,63.00990544],[21.42893767,63.00986014],[21.42881968,63.00984767],[21.42827491,63.009806],[21.42773215,63.00978704],[21.42722518,63.00979514],[21.42672249,63.00982592],[21.42622631,63.00987626],[21.42621396,63.00987799],[21.42606634,63.00989869],[21.42573947,63.00994454],[21.42526553,63.01003056],[21.42480894,63.01013552],[21.42436091,63.01026431],[21.42393096,63.01040983],[21.42351407,63.01056728],[21.42310621,63.01073289],[21.42273686,63.01088966],[21.422704,63.0109036],[21.42150336,63.01142247],[21.42109608,63.01159041],[21.4206801,63.01175192],[21.42025148,63.01190407],[21.41980533,63.0120433],[21.41934158,63.01216586],[21.4188602,63.01227548],[21.41836557,63.01237541],[21.41786111,63.01246819],[21.41770849,63.01249433],[21.41734941,63.01255582],[21.41631181,63.01272143],[21.41530204,63.01287514],[21.41421145,63.01304115],[21.41316055,63.01320739],[21.41211541,63.01338461],[21.4105551,63.01366656],[21.40952341,63.01386425],[21.40851183,63.0140736],[21.40802134,63.01418516],[21.40754785,63.01430348],[21.4070989,63.01443089],[21.40682772,63.01452222],[21.40668463,63.01457041],[21.40629357,63.01473675],[21.40597254,63.01492173],[21.40576155,63.01509919],[21.40561644,63.01528681],[21.40553775,63.01547973],[21.40553234,63.01563115],[21.40553083,63.0156733],[21.40558998,63.01584187],[21.40570621,63.0160043],[21.40587513,63.01615726],[21.40609534,63.01629691],[21.40640589,63.01643516],[21.40676835,63.01655155],[21.40717039,63.01664578],[21.40760281,63.01671611],[21.40805898,63.01675921],[21.40855998,63.01677261],[21.40907521,63.01676025],[21.40959903,63.01673048],[21.41117767,63.01660499],[21.41169243,63.0165721],[21.41219358,63.01655496],[21.41267491,63.01656181],[21.41312856,63.0166026],[21.41355325,63.01668695],[21.41394274,63.01680846],[21.41429775,63.01695932],[21.41461586,63.01713397],[21.41466519,63.01716884],[21.41489132,63.01732872],[21.41508159,63.01750224],[21.4152414,63.01768486],[21.41537375,63.01787393],[21.4154924,63.01809409],[21.41557601,63.01831673],[21.41558876,63.01838042],[21.41562051,63.0185391],[21.41561858,63.01875841],[21.41555925,63.01897167],[21.41542425,63.01918734],[21.41522649,63.0193911],[21.41518129,63.01942577],[21.41497927,63.01958067],[21.41469156,63.01975246],[21.41436856,63.01990131],[21.41401205,63.02002017],[21.4136206,63.02009963],[21.41318724,63.02013234],[21.41272444,63.0201255],[21.41224055,63.0200896],[21.4117418,63.02003279],[21.41123276,63.01996145],[21.41071667,63.01988061],[21.40946389,63.01967219],[21.40914485,63.01961911],[21.4086159,63.01953647],[21.40808459,63.01946165],[21.40755039,63.01939862],[21.40701239,63.01935223],[21.40649009,63.01932707],[21.40596485,63.01931878],[21.40543821,63.01932441],[21.40491157,63.01934201],[21.40438627,63.01937058],[21.40386368,63.01940998],[21.40334531,63.01946092],[21.40278261,63.01953061],[21.4022249,63.01961112],[21.40001009,63.01996829],[21.39945242,63.02005083],[21.39888955,63.0201241],[21.3983232,63.02018503],[21.3977512,63.02023598],[21.39717496,63.02027951],[21.39601376,63.02035161],[21.394259,63.02043917],[21.39190697,63.02053919],[21.38839683,63.02067333],[21.3872721,63.02072121],[21.38675075,63.0207495],[21.38625317,63.02078874],[21.38578844,63.02084783],[21.38536849,63.02093729],[21.3850098,63.0210628],[21.3846972,63.02121952],[21.38442229,63.02139936],[21.38428653,63.02150939],[21.38417971,63.02159596],[21.38396681,63.02180435],[21.38378343,63.02202061],[21.38363171,63.02224159],[21.38351603,63.0224646],[21.38346296,63.022619],[21.38338434,63.0228477],[21.38331081,63.02303386],[21.38320209,63.02321348],[21.38299578,63.02342165],[21.38271512,63.02361534],[21.38254465,63.0237029],[21.38236992,63.02379264],[21.38197225,63.02395032],[21.38153173,63.02409385],[21.38106033,63.02422711],[21.38056703,63.02435303],[21.3800585,63.02447379],[21.37901384,63.02470582],[21.37741649,63.02504258],[21.3758094,63.02537189],[21.37473517,63.02558364],[21.37419614,63.02568464],[21.37365481,63.02578041],[21.37311004,63.02586878],[21.37256035,63.02594686],[21.37200377,63.0260109],[21.37153375,63.02605113],[21.37105876,63.02608134],[21.37058006,63.02610408],[21.37042601,63.02610966],[21.37009872,63.0261215],[21.36793135,63.02617974],[21.36737383,63.02620114],[21.36682109,63.02623071],[21.36627544,63.02627222],[21.3657208,63.02633124],[21.36517749,63.02640554],[21.36465795,63.02649207],[21.36464716,63.02649387],[21.3641327,63.02659624],[21.36363841,63.02671395],[21.36317026,63.02684963],[21.36278076,63.02698662],[21.36240932,63.02713531],[21.36132927,63.02760478],[21.36095745,63.02775462],[21.36056752,63.02789364],[21.3601033,63.02803207],[21.35961395,63.02815538],[21.3591059,63.02826742],[21.35858422,63.02837125],[21.35751533,63.0285634],[21.35589123,63.0288383],[21.35482638,63.02903082],[21.35430995,63.02913574],[21.35381121,63.02925025],[21.35333743,63.02937828],[21.35289809,63.02952493],[21.35249526,63.02969697],[21.352128,63.02988817],[21.35178679,63.03009335],[21.35146457,63.03030857],[21.3511563,63.03053092],[21.35085863,63.03075827],[21.35028856,63.03122243],[21.3497538,63.03169422],[21.34950501,63.0319323],[21.3492744,63.03217196],[21.3490686,63.03241359],[21.34889652,63.03265778],[21.34876984,63.03290541],[21.34870356,63.03312391],[21.3486671,63.0333447],[21.34862747,63.033789],[21.34859749,63.03401055],[21.34854224,63.03423031],[21.34845155,63.03444486],[21.34832726,63.03465627],[21.34817357,63.03486409],[21.34799286,63.03506759],[21.3477857,63.03526576],[21.34752062,63.03547967],[21.34721623,63.03568248],[21.34688226,63.03586529],[21.34651577,63.036038],[21.34612539,63.03620332],[21.34571785,63.03636341],[21.34529845,63.03652002],[21.34357769,63.0371384],[21.34315219,63.03729703],[21.34273493,63.03745995],[21.34232994,63.0376289],[21.34193604,63.03780739],[21.34155618,63.03799237],[21.34118799,63.03818242],[21.34083032,63.03837648],[21.34048325,63.0385738],[21.34014818,63.0387739],[21.33982808,63.03897651],[21.33952772,63.03918157],[21.33925408,63.03938917],[21.33901691,63.03959956],[21.33882931,63.0398131],[21.33870859,63.04003031],[21.33866914,63.04024719],[21.33869669,63.04046527],[21.33877714,63.04068153],[21.33890072,63.04089255],[21.33906156,63.04109428],[21.33925732,63.04128176],[21.33948908,63.04144874],[21.33976129,63.04158732],[21.34008192,63.04168749],[21.34046397,63.04174185],[21.34089213,63.04175659],[21.34135404,63.04174199],[21.34184026,63.04170611],[21.34234366,63.04165526],[21.34285895,63.04159443],[21.34444224,63.04138974],[21.34497541,63.04132479],[21.3455091,63.04126688],[21.3460425,63.04121984],[21.34657488,63.04118831],[21.34710557,63.04117806],[21.34764421,63.04119417],[21.34818055,63.0412326],[21.3487146,63.0412877],[21.34924608,63.0413552],[21.34977434,63.0414319],[21.35029828,63.04151552],[21.35081618,63.04160453],[21.35132554,63.04169804],[21.35182281,63.04179572],[21.35230312,63.04189778],[21.35275986,63.04200496],[21.35318423,63.04211853],[21.35356466,63.04224042],[21.35388616,63.04237324],[21.35412956,63.04252043],[21.35426545,63.04265942],[21.35435623,63.04280733],[21.35451108,63.04311265],[21.35462852,63.04326173],[21.35484846,63.04343369],[21.35514111,63.0435931],[21.35548863,63.04373854],[21.35587721,63.04386732],[21.35629644,63.04397527],[21.35673857,63.04405644],[21.35719804,63.04410276],[21.3576153,63.04410978],[21.3580386,63.04409334],[21.35888768,63.04403263],[21.35930611,63.04400848],[21.35971539,63.04400223],[21.36011126,63.04402524],[21.36053508,63.04409592],[21.3609432,63.04420552],[21.36134194,63.04434263],[21.36173711,63.04449792],[21.36253974,63.04483216],[21.36295988,63.04499736],[21.36340266,63.04515217],[21.3638449,63.04528311],[21.3643087,63.04540152],[21.36478865,63.04550982],[21.36528046,63.04560967],[21.36578075,63.04570197],[21.36628677,63.04578686],[21.36679625,63.0458637],[21.3673072,63.04593099],[21.36781773,63.04598623],[21.36832589,63.04602576],[21.36882952,63.04604454],[21.36932604,63.04603583],[21.36981468,63.04599397],[21.37029401,63.04592435],[21.37076422,63.04583358],[21.37122457,63.04572657],[21.37167324,63.04560676],[21.3721072,63.04547635],[21.37252193,63.04533643],[21.37291109,63.04518708],[21.37326614,63.04502741],[21.37357582,63.04485557],[21.37382559,63.04466868],[21.37399464,63.04447864],[21.3741146,63.04427642],[21.37420186,63.04406571],[21.37433117,63.04365522],[21.37440757,63.04341268],[21.37450147,63.0431971],[21.37463426,63.04297779],[21.37480134,63.04276652],[21.37499995,63.04256574],[21.37522957,63.04237876],[21.37549195,63.04220995],[21.37579133,63.04206509],[21.37613463,63.04195161],[21.37655098,63.04187205],[21.37701198,63.04182646],[21.37750553,63.04180564],[21.37753798,63.04180543],[21.37802223,63.04180229],[21.37855476,63.04181059],[21.38019457,63.04186041],[21.38074139,63.04187219],[21.38128197,63.04187472],[21.38181209,63.04186303],[21.38232684,63.04183102],[21.3828202,63.04177113],[21.38330347,63.04167351],[21.38376382,63.04154607],[21.38420751,63.04139686],[21.38463944,63.04123217],[21.38506342,63.04105704],[21.38673294,63.04032887],[21.387154,63.04015835],[21.38758039,63.04000156],[21.38801432,63.03986511],[21.38845834,63.03975754],[21.38891548,63.03968999],[21.38934491,63.03967144],[21.38978095,63.03968818],[21.39021638,63.03973279],[21.39064346,63.0397999],[21.39105351,63.03988597],[21.39143627,63.03998908],[21.39177929,63.0401088],[21.39206726,63.04024614],[21.39228116,63.04040348],[21.39241329,63.04059806],[21.39246415,63.04081228],[21.39246096,63.04103943],[21.39234833,63.04174439],[21.39234427,63.04197035],[21.3923933,63.04218239],[21.39252192,63.04237325],[21.39275396,63.0425383],[21.39282918,63.0425713],[21.39306818,63.04267614],[21.39343819,63.04278806],[21.3938419,63.04287279],[21.39426008,63.04292628],[21.39467502,63.04294146],[21.39506921,63.0429077],[21.39517439,63.04288082],[21.39543571,63.04281404],[21.39577118,63.04267195],[21.39608331,63.04249492],[21.39637813,63.04229312],[21.39666026,63.04207405],[21.39693318,63.04184324],[21.39719952,63.04160465],[21.39771967,63.04111448],[21.40125347,63.03763326],[21.40176747,63.03714174],[21.4020316,63.03689963],[21.40230381,63.03666192],[21.40258785,63.03643094],[21.40288884,63.03620991],[21.4032137,63.03600329],[21.40357163,63.03581712],[21.40397477,63.03565947],[21.40436781,63.03555188],[21.40479567,63.03546785],[21.4052497,63.03540332],[21.40572282,63.03535567],[21.4062091,63.03532357],[21.40670339,63.035307],[21.40720098,63.03530714],[21.40776158,63.03532877],[21.40831454,63.03536968],[21.40885283,63.03542652],[21.4093675,63.03549767],[21.40984684,63.03558311],[21.41027536,63.03568446],[21.41063253,63.03580497],[21.41089141,63.03594971],[21.41102951,63.03612337],[21.41106223,63.0363183],[21.41100987,63.03652592],[21.41088496,63.03673878],[21.41069299,63.0369501],[21.41043295,63.03715325],[21.41011138,63.03733918],[21.40973855,63.03751462],[21.40933078,63.03768297],[21.40890096,63.03784729],[21.40801522,63.03817515],[21.4071369,63.0385169],[21.40628062,63.03887049],[21.40545026,63.03923349],[21.40504783,63.03941888],[21.40465692,63.03960766],[21.40428101,63.03980083],[21.40392492,63.03999985],[21.40359507,63.04020666],[21.40329292,63.04042572],[21.40301702,63.04065266],[21.40276013,63.04088534],[21.40251667,63.04112214],[21.40205392,63.04160345],[21.40092706,63.04282036],[21.40045706,63.04330299],[21.39996186,63.04377682],[21.39926645,63.0444001],[21.39905417,63.044604],[21.39886668,63.0448065],[21.39871587,63.04500775],[21.39861646,63.04520777],[21.39858678,63.04540645],[21.39864397,63.04560895],[21.39877572,63.04581006],[21.39896407,63.0460099],[21.39919534,63.04620843],[21.39945937,63.0464055],[21.39974892,63.04660079],[21.40005921,63.04679381],[21.40038753,63.04698389],[21.40074421,63.04717686],[21.4011138,63.0473667],[21.40149235,63.04755417],[21.402266,63.04792378],[21.40344978,63.04846603],[21.404254,63.04881493],[21.40466358,63.04898269],[21.40508079,63.04914373],[21.40550848,63.04929565],[21.40595039,63.04943529],[21.40641128,63.04955862],[21.40689182,63.04966224],[21.40738893,63.04975177],[21.40891012,63.04999596],[21.40940459,63.05008824],[21.40988022,63.05019623],[21.40990545,63.05020344],[21.41032911,63.05032453],[21.41075614,63.05047037],[21.41116569,63.05062944],[21.41156047,63.05079838],[21.41178667,63.05090296],[21.41194154,63.05097456],[21.41230827,63.05115593],[21.41265817,63.05134089],[21.41298661,63.05152817],[21.41328641,63.05171669],[21.41354732,63.0519055],[21.4137552,63.05209365],[21.41389121,63.05228013],[21.41393066,63.05246376],[21.41385877,63.05263605],[21.413768,63.05272977],[21.41369627,63.05280384],[21.41346444,63.05296621],[21.41317949,63.05312175],[21.41285333,63.05326846],[21.41276553,63.05330151],[21.41249432,63.05340359],[21.41210777,63.0535235],[21.41169641,63.05362349],[21.41126071,63.05369751],[21.41074818,63.05374452],[21.41021489,63.05376389],[21.40857749,63.05377045],[21.40804419,63.05379098],[21.40752997,63.05383991],[21.4070686,63.05392083],[21.40662656,63.05403055],[21.40619941,63.05416204],[21.40578382,63.05430988],[21.40537754,63.05446997],[21.40497928,63.05463931],[21.40458869,63.05481576],[21.4042064,63.05499794],[21.40383411,63.05518504],[21.40347472,63.05537683],[21.40313262,63.0555735],[21.40282328,63.05576804],[21.40253483,63.05596582],[21.40226833,63.0561652],[21.40202697,63.05636465],[21.40181637,63.0565627],[21.40164493,63.05675779],[21.4015244,63.05694822],[21.40147048,63.05713201],[21.4015036,63.0573068],[21.40165376,63.05748381],[21.40189501,63.05765201],[21.40219304,63.05781588],[21.40284276,63.05814779],[21.4031403,63.05832489],[21.40338242,63.05851641],[21.40354666,63.05872584],[21.40364547,63.05895079],[21.40369553,63.0591872],[21.40371005,63.05943189],[21.40369964,63.05968238],[21.40367293,63.05993672],[21.40356623,63.06070794],[21.40354485,63.06096336],[21.40354393,63.06121561],[21.40357406,63.0614629],[21.40364864,63.06170302],[21.40378474,63.06193313],[21.40398712,63.06214318],[21.4042476,63.06234377],[21.40455113,63.06253738],[21.40488607,63.06272586],[21.40524348,63.06291056],[21.4056166,63.06309241],[21.40639075,63.06344925],[21.4071811,63.06379597],[21.40757718,63.06396355],[21.40797202,63.06412514],[21.4083646,63.06427825],[21.40875409,63.06441943],[21.40914702,63.06454521],[21.40954432,63.06464414],[21.40995483,63.06470429],[21.41035811,63.06471719],[21.41077846,63.0646968],[21.41121376,63.0646547],[21.41212608,63.06454511],[21.41260408,63.06449584],[21.4131427,63.06445769],[21.41369626,63.06443428],[21.41426078,63.0644225],[21.41483315,63.06442001],[21.41541087,63.06442518],[21.41599178,63.0644371],[21.41657382,63.06445553],[21.41715475,63.06448091],[21.41773194,63.06451445],[21.41830197,63.06455819],[21.41881407,63.06460912],[21.41931325,63.06467042],[21.41979495,63.06474221],[21.4202528,63.06482543],[21.42067814,63.06492196],[21.42105944,63.06503466],[21.42138161,63.06516754],[21.42164802,63.06533724],[21.42183239,63.06552701],[21.42193782,63.06572853],[21.42196028,63.0659344],[21.42188832,63.06613763],[21.4217331,63.06631399],[21.42150585,63.06648266],[21.42122229,63.0666434],[21.42089397,63.06679552],[21.42052888,63.06693774],[21.420132,63.06706816],[21.4197056,63.06718413],[21.41920173,63.06729325],[21.41867199,63.06738601],[21.41812427,63.06746687],[21.41756456,63.06753931],[21.41473268,63.06786056],[21.41418807,63.0679311],[21.41366393,63.06800929],[21.41316957,63.06809852],[21.41271742,63.06820311],[21.41231691,63.06832863],[21.41198723,63.06847151],[21.41174526,63.06862904],[21.41161542,63.06879976],[21.41161548,63.0689758],[21.41171674,63.06916061],[21.41189284,63.06935173],[21.41212356,63.06954733],[21.41239356,63.069746],[21.4126914,63.06994672],[21.41300865,63.07014873],[21.4136788,63.07055449],[21.41472736,63.07116224],[21.41580233,63.07176237],[21.41769246,63.07277679],[21.41840571,63.07318149],[21.41873553,63.07338547],[21.41903689,63.0735914],[21.41929848,63.07380015],[21.41950539,63.07401281],[21.41963816,63.07423081],[21.41968183,63.07445288],[21.41965676,63.07467954],[21.41958645,63.07490875],[21.41937086,63.07541242],[21.41929369,63.07559271],[21.41925273,63.07572614],[21.41922611,63.07581285],[21.41920355,63.07602513],[21.41924728,63.07622653],[21.41933845,63.07637624],[21.41973182,63.07682316],[21.41986503,63.07704079],[21.41995848,63.07727355],[21.42001981,63.07751708],[21.4200539,63.07776771],[21.42006294,63.07802226],[21.42004635,63.07827775],[21.42000058,63.07853118],[21.41991877,63.07877922],[21.41979019,63.07901799],[21.41959948,63.07924268],[21.41933275,63.07944878],[21.41899935,63.07963525],[21.41860993,63.07980095],[21.41816995,63.07994291],[21.41771203,63.08005276],[21.4172222,63.08014412],[21.4167101,63.08022263],[21.41618328,63.08029293],[21.4145706,63.08049247],[21.41403783,63.08056702],[21.41351508,63.08065204],[21.41302617,63.08074671],[21.41255015,63.08085281],[21.41208673,63.08096853],[21.41163662,63.08109277],[21.41120172,63.08122511],[21.41078524,63.08136586],[21.41039197,63.08151604],[21.41002858,63.08167745],[21.40970393,63.08185277],[21.40940659,63.08205843],[21.40915156,63.08227901],[21.40892673,63.08251041],[21.40872254,63.08274951],[21.40853148,63.08299388],[21.40778857,63.08399138],[21.40758519,63.08423942],[21.40736541,63.08448443],[21.4071347,63.08471704],[21.40689093,63.08494622],[21.40615398,63.08561692],[21.40593415,63.08583434],[21.40574515,63.08604736],[21.40560187,63.08625434],[21.40552341,63.08645291],[21.4055343,63.08663972],[21.40565599,63.08681201],[21.40587216,63.08696592],[21.40616192,63.08709781],[21.40651031,63.08720195],[21.40690741,63.08727008],[21.40734393,63.08729519],[21.40781055,63.08728457],[21.40829731,63.08724668],[21.40879625,63.08718767],[21.40930067,63.08711177],[21.40980457,63.08702147],[21.41030207,63.0869177],[21.41078682,63.08679986],[21.41125139,63.08666577],[21.41167552,63.0865185],[21.41207722,63.08635684],[21.41246004,63.0861841],[21.41283315,63.08599545],[21.41321678,63.08576868],[21.41359671,63.08551132],[21.4139556,63.08523373],[21.41427651,63.08494624],[21.41454397,63.08465934],[21.4147625,63.08436372],[21.41491439,63.08410097],[21.41500909,63.08389039],[21.41505532,63.08375146],[21.41506059,63.08370443],[21.4158168,63.0837049],[21.41694058,63.08371622],[21.41830993,63.08374169],[21.41901964,63.08376161]]],[[[21.56119324,63.07957632],[21.56134858,63.07935614],[21.56147931,63.07912327],[21.56159175,63.0788814],[21.5616902,63.07863326],[21.56177734,63.07838079],[21.56192162,63.07786797],[21.56197787,63.0776092],[21.56202121,63.07734945],[21.56204983,63.07709429],[21.56212232,63.07607576],[21.56215703,63.07582425],[21.56221129,63.07557548],[21.56229392,63.07533064],[21.56241591,63.07509132],[21.56258913,63.07485542],[21.56280411,63.07462602],[21.56305092,63.07440247],[21.56332231,63.07418478],[21.56361336,63.07397376],[21.56392115,63.07377109],[21.5642446,63.07357946],[21.56458434,63.07340286],[21.56494274,63.07324684],[21.565324,63.07311892],[21.5657343,63.07302902],[21.56617549,63.07298553],[21.56664258,63.07298079],[21.56712636,63.07300627],[21.56761891,63.07305602],[21.5681131,63.07312629],[21.56860207,63.07321535],[21.56907872,63.07332328],[21.5695353,63.07345188],[21.56998118,63.07360866],[21.57040403,63.07378411],[21.57081053,63.07397239],[21.57120616,63.07416886],[21.57198048,63.07456786],[21.57237231,63.07476976],[21.57276766,63.07496185],[21.57317355,63.07514276],[21.57359525,63.07530679],[21.57403909,63.07544665],[21.5744622,63.07554593],[21.57490147,63.07561931],[21.57510986,63.07564118],[21.57534957,63.07566634],[21.57579955,63.07568465],[21.57624446,63.07566979],[21.57669049,63.07561611],[21.57712408,63.07553013],[21.57754491,63.07541938],[21.57795151,63.07528938],[21.57834104,63.07514396],[21.57870906,63.07498547],[21.57904918,63.07481498],[21.57935264,63.07463238],[21.57960787,63.07443642],[21.57980854,63.07422211],[21.57995916,63.0739959],[21.58007153,63.07376122],[21.58015425,63.07352071],[21.58021321,63.07327641],[21.58025192,63.07302994],[21.58027172,63.07278265],[21.58027188,63.07253572],[21.58024959,63.07229026],[21.58019985,63.07204746],[21.58011525,63.07180863],[21.5799856,63.07157535],[21.57980244,63.07134832],[21.57957625,63.07112701],[21.5793198,63.07091003],[21.57904381,63.07069636],[21.57819049,63.07006938],[21.57792821,63.06986455],[21.57769501,63.06966229],[21.57750505,63.06946339],[21.57737612,63.06926912],[21.57733071,63.06908126],[21.57739571,63.06889056],[21.57756527,63.06871547],[21.57782442,63.0685629],[21.57816597,63.0684417],[21.57856566,63.06836154],[21.57901966,63.0683094],[21.5795112,63.06827616],[21.58108719,63.06821575],[21.58161284,63.06818617],[21.58212285,63.06813991],[21.58260657,63.06806837],[21.58307353,63.06795949],[21.58350311,63.06782132],[21.5838969,63.06766117],[21.58425295,63.06748446],[21.58456549,63.06729506],[21.58482431,63.06709559],[21.58501406,63.06688759],[21.58511331,63.06667166],[21.58510484,63.06644819],[21.58500949,63.06621888],[21.58485277,63.06598546],[21.584655,63.06574921],[21.58397238,63.06503277],[21.5837612,63.06479408],[21.58358264,63.06455699],[21.58345491,63.0643228],[21.58340045,63.06409329],[21.58343027,63.0638931],[21.58352578,63.06370127],[21.5836751,63.06352122],[21.5838702,63.06335736],[21.58410656,63.06321543],[21.58438291,63.06310276],[21.58470114,63.06302866],[21.58507767,63.06299995],[21.58549165,63.06301083],[21.58593295,63.06304924],[21.58639381,63.06310504],[21.587352,63.06323409],[21.58784138,63.0632911],[21.58833372,63.06333188],[21.58882671,63.06334686],[21.5893052,63.06332934],[21.5897811,63.06328431],[21.59025298,63.0632175],[21.5907191,63.06313314],[21.5911772,63.0630341],[21.5916243,63.06292203],[21.59205647,63.06279747],[21.59246856,63.06265985],[21.5928539,63.06250752],[21.5932143,63.06233516],[21.59354506,63.06214901],[21.59385119,63.06195244],[21.59413563,63.06174792],[21.59439934,63.06153714],[21.59464134,63.06132115],[21.59485862,63.06110047],[21.59504601,63.06087507],[21.59519596,63.0606445],[21.59530702,63.0603953],[21.59537883,63.06014117],[21.59542215,63.05988356],[21.59544535,63.05962356],[21.59545498,63.059362],[21.59545398,63.05831314],[21.5954656,63.05805355],[21.59549224,63.0577968],[21.59554117,63.05754429],[21.59562179,63.05729789],[21.59574629,63.05706012],[21.59589799,63.0568639],[21.59608798,63.05667709],[21.59631244,63.05650087],[21.59656977,63.05633708],[21.59686055,63.05618837],[21.59718751,63.05605827],[21.59757026,63.05594439],[21.59798478,63.05584663],[21.59935716,63.05556254],[21.60134678,63.05510789],[21.60185409,63.05499703],[21.6033743,63.05468776],[21.60387206,63.05458006],[21.60435634,63.05446367],[21.60482042,63.05433407],[21.60524639,63.05419219],[21.60565024,63.05403721],[21.60603509,63.05387278],[21.60640265,63.05370212],[21.60675328,63.05352822],[21.60708601,63.05335406],[21.60770283,63.05301273],[21.607997,63.05286106],[21.60829612,63.05274073],[21.60861526,63.05266724],[21.60888332,63.05265158],[21.60916592,63.05266882],[21.60945653,63.05271403],[21.60984959,63.05281153],[21.61023979,63.05294179],[21.61062067,63.05309673],[21.61098463,63.05327093],[21.61132225,63.05346117],[21.61162161,63.05366613],[21.61186745,63.05388622],[21.61204708,63.05412139],[21.61217286,63.05436869],[21.61225931,63.05462447],[21.61231756,63.05488603],[21.61235614,63.05515141],[21.6123816,63.05541919],[21.61242693,63.05622807],[21.61247112,63.05676605],[21.61251057,63.05703311],[21.61256964,63.05729799],[21.61265649,63.05755976],[21.61276858,63.05779896],[21.61290916,63.05803433],[21.61307592,63.05826546],[21.61326871,63.05849149],[21.61348959,63.05871111],[21.61374294,63.05892241],[21.61405491,63.05913738],[21.61440436,63.05934081],[21.61478687,63.05953258],[21.6152011,63.05971145],[21.61563375,63.05987187],[21.61608939,63.06002129],[21.61656157,63.06016221],[21.61704546,63.06029616],[21.61753742,63.06042382],[21.61803472,63.06054502],[21.61853528,63.06065864],[21.61903742,63.06076258],[21.6195397,63.06085353],[21.62004071,63.06092675],[21.62053893,63.06097574],[21.62103249,63.06099183],[21.62152062,63.06096758],[21.62199842,63.06090868],[21.62246159,63.06082221],[21.6229044,63.06071278],[21.62331934,63.06058285],[21.62369657,63.06043291],[21.62402343,63.06026154],[21.62426916,63.06008602],[21.62447909,63.05989633],[21.62506093,63.05929139],[21.62531652,63.05906807],[21.62560296,63.05884967],[21.62591646,63.0586368],[21.62625496,63.05843031],[21.62661806,63.0582314],[21.62700233,63.05804203],[21.62740278,63.05785861],[21.62821892,63.0574986],[21.62861799,63.05731671],[21.62899867,63.0571298],[21.62934963,63.05693461],[21.62947954,63.05685281],[21.62974739,63.05665822],[21.62997893,63.05645472],[21.63017758,63.05624462],[21.63034418,63.05602985],[21.63047686,63.05581204],[21.63057095,63.05559264],[21.63062287,63.05535179],[21.63062,63.05520658],[21.62768059,63.05466184],[21.62156201,63.05352768],[21.62189771,63.05219203],[21.61714078,63.0455852],[21.61344157,63.04193902],[21.59855658,63.03655555],[21.59461796,63.02922981],[21.57188351,63.00523093],[21.57070733,63.00309564],[21.55793742,62.98892315],[21.5578772,62.9888634],[21.54839963,62.98190028],[21.52871482,62.98623919],[21.50648774,63.00043451],[21.50663231,63.00062091],[21.49395006,63.00514176],[21.49238591,63.00501885],[21.48654866,63.00456],[21.48654869,63.00456005],[21.49238581,63.00501888],[21.49199073,63.00514985],[21.49152943,63.00526866],[21.4910395,63.005372],[21.49052906,63.00546412],[21.49000421,63.0055482],[21.48892792,63.00570093],[21.4878333,63.00584159],[21.48617816,63.00603764],[21.48506909,63.00615487],[21.48451199,63.00620658],[21.48392978,63.00625391],[21.4827598,63.006334],[21.48099748,63.00643502],[21.4774572,63.00661606],[21.47269838,63.00684682],[21.4715238,63.00691017],[21.47095038,63.00694621],[21.47039348,63.00698733],[21.46986139,63.00703601],[21.46951596,63.00707758],[21.46936553,63.00709568],[21.46892147,63.00717095],[21.46855007,63.00726803],[21.46827896,63.00739508],[21.46813806,63.00754513],[21.46808906,63.00770952],[21.46808558,63.00772122],[21.46809994,63.00791655],[21.46816481,63.00812576],[21.46826823,63.00834465],[21.46840182,63.00856988],[21.46856024,63.00879874],[21.46874071,63.00902893],[21.46894277,63.0092584],[21.46916804,63.00948518],[21.4694202,63.00970722],[21.46969078,63.00991488],[21.46998232,63.01011758],[21.47122647,63.01091325],[21.47151397,63.01110917],[21.4717737,63.01130497],[21.47199315,63.01150097],[21.47215667,63.01169734],[21.47224456,63.01189411],[21.47223793,63.01210292],[21.47214481,63.012309],[21.4719853,63.0125088],[21.47177385,63.01269793],[21.47152003,63.01287077],[21.47122916,63.01302012],[21.47090274,63.01313667],[21.47053868,63.01320843],[21.47013978,63.01322603],[21.46970972,63.01320022],[21.46925679,63.01314314],[21.46878699,63.01306452],[21.4683045,63.0129723],[21.46731096,63.0127732],[21.46680173,63.0126781],[21.46628378,63.01259388],[21.46575569,63.01252717],[21.46520566,63.01248259],[21.46464671,63.01245807],[21.46408223,63.01244888],[21.46351527,63.01245154],[21.46294889,63.01246367],[21.46238641,63.01248392],[21.46183184,63.01251191],[21.46129024,63.01254819],[21.46076823,63.01259436],[21.46027453,63.01265317],[21.45982069,63.01272873],[21.4594219,63.01282679],[21.45909792,63.01295506],[21.45886237,63.01312195],[21.45870327,63.01331944],[21.45860027,63.01353933],[21.45853782,63.01377535],[21.45850408,63.01402276],[21.45849009,63.01427804],[21.45848894,63.01453853],[21.45851198,63.01533283],[21.45850516,63.0158589],[21.45847953,63.01611647],[21.45842912,63.01636776],[21.45834359,63.01661001],[21.45820937,63.01683964],[21.45800869,63.01705192],[21.45774318,63.01723359],[21.45741612,63.01739837],[21.45704211,63.01754927],[21.4566321,63.01768812],[21.456194,63.01781563],[21.45573319,63.01793148],[21.45525289,63.01803424],[21.45475452,63.01812133],[21.4541989,63.018195],[21.45362875,63.0182506],[21.45304936,63.01829108],[21.45246509,63.01831789],[21.4518798,63.01833114],[21.45129732,63.01832971],[21.45072185,63.0183112],[21.45015802,63.01827446],[21.4490776,63.01817804],[21.44857136,63.01813721],[21.44809893,63.01811488],[21.44767296,63.01812315],[21.4473106,63.01817669],[21.44704959,63.01827483],[21.4468451,63.01841254],[21.44668667,63.01857963],[21.44656754,63.01876799],[21.44648441,63.01897111],[21.44643723,63.01918374],[21.44642924,63.0194015],[21.44646703,63.01962064],[21.44656083,63.01983773],[21.44673578,63.02006956],[21.4469691,63.02029681],[21.44724016,63.0205212],[21.4481185,63.02119351],[21.44838579,63.02142298],[21.44861627,63.02165828],[21.44878498,63.02187928],[21.44892219,63.02210393],[21.44925898,63.02276791],[21.44938291,63.02297342],[21.44953262,63.02316292],[21.44972257,63.02332977],[21.44997001,63.02346565],[21.45032638,63.02357211],[21.45075294,63.02363893],[21.4512292,63.02367396],[21.45173905,63.02368202],[21.45226969,63.02366532],[21.45281067,63.02362356],[21.45333631,63.02355881],[21.45386202,63.02347539],[21.45438704,63.02337893],[21.45491098,63.02327385],[21.45699375,63.02283332],[21.4575113,63.0227333],[21.45802767,63.02264453],[21.45854283,63.02257207],[21.45905668,63.02252242],[21.45956905,63.02250396],[21.46007273,63.02252286],[21.46057525,63.02257223],[21.46107706,63.0226441],[21.46157851,63.02273231],[21.46207988,63.0228322],[21.46308308,63.02305403],[21.46408717,63.0232916],[21.46509065,63.02353627],[21.46608846,63.02378556],[21.46706893,63.02404194],[21.46754596,63.02417504],[21.46800844,63.0243135],[21.46845008,63.02445959],[21.46886245,63.02461632],[21.46923445,63.02478766],[21.46953939,63.02496593],[21.46980225,63.02515782],[21.47002673,63.02536031],[21.47021351,63.02557121],[21.47036024,63.02578898],[21.47046144,63.02601268],[21.47051481,63.02626033],[21.47052149,63.02651254],[21.47049433,63.02676794],[21.470443,63.02702552],[21.47029453,63.0275446],[21.47001601,63.02832774],[21.46931702,63.03016119],[21.46913652,63.03068299],[21.46905857,63.03094179],[21.46899442,63.03119799],[21.46895038,63.0314502],[21.46893507,63.03169648],[21.46896014,63.03193415],[21.4690411,63.03215963],[21.46919832,63.03236809],[21.46944621,63.03255411],[21.46976958,63.03272174],[21.4701486,63.03287394],[21.47056821,63.03301208],[21.47101718,63.03313601],[21.47148733,63.03324399],[21.47197287,63.03333254],[21.47246989,63.03339624],[21.47297598,63.03342736],[21.47349723,63.03341918],[21.47402344,63.03337818],[21.47455218,63.033313],[21.47508153,63.03323004],[21.47560979,63.03313385],[21.47613533,63.03302744],[21.47665638,63.03291257],[21.47717086,63.03278987],[21.47767618,63.03265899],[21.47816903,63.0325186],[21.47864028,63.03236967],[21.47909945,63.03221249],[21.47954976,63.0320495],[21.47999368,63.03188252],[21.48086936,63.03154155],[21.48302568,63.0306753],[21.48429287,63.03014882],[21.48470363,63.02996996],[21.48510392,63.02978792],[21.48548939,63.02960129],[21.48585426,63.02940822],[21.48619088,63.02920628],[21.48649084,63.02899521],[21.48676276,63.02877534],[21.48701389,63.02854899],[21.48724965,63.02831791],[21.48747394,63.02808342],[21.48768939,63.02784646],[21.48809905,63.02736746],[21.48847979,63.02688346],[21.48865564,63.02663956],[21.48881779,63.02639406],[21.48894969,63.02616719],[21.48928601,63.02536882],[21.48928712,63.0253657],[21.48944713,63.02483901],[21.48987189,63.0232534],[21.49003534,63.02272705],[21.49012989,63.02246509],[21.49023739,63.02220436],[21.49035953,63.02194737],[21.49049442,63.02169156],[21.49078963,63.02118234],[21.49126576,63.02042161],[21.4915169,63.02003288],[21.49322982,63.01738113],[21.49467753,63.01508519],[21.49517949,63.01432111],[21.49535897,63.01406951],[21.49554978,63.01382116],[21.49575683,63.01357774],[21.49598676,63.01334156],[21.49624839,63.01311573],[21.49638058,63.01302413],[21.49655329,63.01290444],[21.49688603,63.0127233],[21.49725705,63.01255586],[21.49765636,63.01239946],[21.49807599,63.01225248],[21.49850957,63.01211431],[21.49895185,63.01198539],[21.49939832,63.01186724],[21.49984485,63.01176262],[21.50028735,63.01167574],[21.5007214,63.01161251],[21.50114193,63.01158093],[21.50154284,63.01159155],[21.5019502,63.01166038],[21.50232985,63.01177825],[21.50268364,63.0119325],[21.50301085,63.01211388],[21.50330803,63.01231601],[21.5035687,63.01253479],[21.50378298,63.01276811],[21.50393182,63.01299436],[21.50404307,63.01322905],[21.50412733,63.01346953],[21.50419314,63.01371385],[21.5042475,63.01396053],[21.50439767,63.01470482],[21.50446006,63.014952],[21.50453717,63.01519778],[21.50464122,63.01546132],[21.50476214,63.01572302],[21.50516454,63.0165001],[21.50529188,63.01675714],[21.5054044,63.01701335],[21.50549325,63.01726874],[21.50554736,63.01752322],[21.50555269,63.01777666],[21.50550003,63.01802287],[21.50540054,63.01826814],[21.50526739,63.0185127],[21.50511113,63.01875668],[21.50441229,63.01972767],[21.5042539,63.01996885],[21.50411752,63.02020903],[21.50401345,63.02044785],[21.50395459,63.02068486],[21.5039572,63.02091944],[21.50403101,63.02114595],[21.5041598,63.02137035],[21.50432376,63.02159348],[21.50468851,63.02203888],[21.50485683,63.02226258],[21.50499312,63.02248797],[21.50507795,63.02271597],[21.50509551,63.02295585],[21.50505325,63.02319871],[21.50496684,63.02344381],[21.50484832,63.02369057],[21.50470683,63.02393856],[21.50438051,63.02443696],[21.50402337,63.02493722],[21.50365289,63.02543809],[21.5028873,63.02643527],[21.50247693,63.02692495],[21.50225576,63.02716466],[21.50201755,63.027399],[21.50175546,63.02762588],[21.50146049,63.02784257],[21.50112016,63.02804978],[21.50074608,63.02824654],[21.50034751,63.02843573],[21.49993152,63.02861952],[21.49950343,63.02879957],[21.49862581,63.02915313],[21.49729131,63.02967871],[21.49640867,63.03003281],[21.49554672,63.03039611],[21.49512908,63.03058364],[21.49474362,63.03076649],[21.49399688,63.03114281],[21.49218639,63.03210714],[21.49145514,63.03248805],[21.49108143,63.03267409],[21.490699,63.03285543],[21.49030446,63.03303025],[21.49015814,63.03308935],[21.4898935,63.03319625],[21.48943613,63.03336062],[21.48896052,63.0335152],[21.48847158,63.03366266],[21.48841807,63.03367765],[21.48746792,63.03394385],[21.48490585,63.03461988],[21.48389159,63.03489703],[21.48339416,63.03504117],[21.48290732,63.03519127],[21.48243539,63.03534969],[21.48200222,63.03551068],[21.48158459,63.03567988],[21.48118056,63.03585577],[21.48078948,63.03603744],[21.48041202,63.03622453],[21.48005021,63.03641724],[21.47970758,63.0366163],[21.47938939,63.03682304],[21.47916013,63.03699377],[21.47909884,63.03703942],[21.47883192,63.03726297],[21.47858229,63.03749173],[21.47834511,63.03772423],[21.47811677,63.03795935],[21.47767655,63.03843441],[21.47576136,63.04059012],[21.47545476,63.04092639],[21.47510957,63.04130497],[21.4746567,63.04177693],[21.47441992,63.04201034],[21.47417275,63.04224117],[21.47391152,63.04246854],[21.47363267,63.04269217],[21.47333971,63.04291233],[21.47303632,63.04312991],[21.4724088,63.04355999],[21.47111322,63.04441036],[21.4684857,63.04610343],[21.46752069,63.04674292],[21.46690985,63.04717582],[21.46662386,63.0473961],[21.46635788,63.04762028],[21.46611933,63.04784976],[21.46592161,63.04807669],[21.46575065,63.04830865],[21.46560092,63.04854442],[21.46546867,63.04878308],[21.46535174,63.04902399],[21.46524947,63.04926667],[21.46516262,63.04951085],[21.4650934,63.04975638],[21.46504186,63.05001454],[21.46500748,63.05027373],[21.46497328,63.05079386],[21.46496821,63.05105428],[21.46497709,63.05157473],[21.46501613,63.05209295],[21.46505282,63.05235036],[21.46510671,63.05260596],[21.46518424,63.05285905],[21.46529399,63.05310871],[21.46544557,63.05335811],[21.46563011,63.05360402],[21.46583849,63.05384741],[21.46606381,63.05408905],[21.46630092,63.05432948],[21.46705064,63.05504684],[21.46782607,63.05576005],[21.46835585,63.05623037],[21.46890908,63.05668993],[21.46920219,63.05691223],[21.46951284,63.05712663],[21.46984809,63.05733004],[21.47021718,63.05751835],[21.47062956,63.05768899],[21.4710762,63.05784438],[21.47154786,63.05798863],[21.47203753,63.05812485],[21.47253999,63.05825538],[21.47356875,63.05850579],[21.47670631,63.05923381],[21.47773123,63.05948529],[21.47823019,63.05961675],[21.4787147,63.05975431],[21.4791789,63.05990045],[21.47961495,63.06005848],[21.48001249,63.06023275],[21.48035435,63.06042138],[21.48065948,63.06062555],[21.48093752,63.06084124],[21.48119588,63.0610654],[21.48144016,63.0612957],[21.48190227,63.06176834],[21.48300807,63.0629792],[21.48346222,63.06346336],[21.48369869,63.06370262],[21.48394513,63.06393833],[21.48420542,63.0641686],[21.4844847,63.06439085],[21.48478965,63.06460155],[21.48509431,63.06477995],[21.48542162,63.06494451],[21.48576726,63.06509373],[21.48612813,63.06522477],[21.48650217,63.06533332],[21.48688823,63.06541328],[21.48728593,63.06545653],[21.48770851,63.06545583],[21.48813879,63.06541646],[21.48857201,63.06534753],[21.48900344,63.0652558],[21.489428,63.06514609],[21.48983986,63.06502152],[21.49023202,63.06488375],[21.49059581,63.06473309],[21.49092038,63.06456856],[21.49119205,63.06438793],[21.49141461,63.06417212],[21.49157605,63.06393962],[21.4916927,63.06369523],[21.49177701,63.06344256],[21.49183833,63.06318423],[21.49188357,63.06292216],[21.49194465,63.06239174],[21.49198571,63.06185773],[21.49213782,63.05918255],[21.49219325,63.05838374],[21.49225547,63.05786175],[21.49230375,63.05760816],[21.49237099,63.05736288],[21.49246546,63.05712961],[21.49259838,63.05691339],[21.49278466,63.05672098],[21.49304392,63.05656123],[21.49338233,63.05644392],[21.4937906,63.05635804],[21.49425031,63.05629544],[21.4947473,63.05625],[21.4952708,63.05621727],[21.49581261,63.05619418],[21.49636654,63.05617883],[21.49692781,63.05617033],[21.49749265,63.05616874],[21.49805792,63.05617506],[21.49862075,63.05619126],[21.49917826,63.05622038],[21.4997273,63.05626672],[21.50028802,63.05633712],[21.50083774,63.05642597],[21.5013777,63.05652842],[21.50190811,63.05664101],[21.502428,63.05676144],[21.50293508,63.05688838],[21.50315086,63.05694691],[21.5033816,63.05693988],[21.50352523,63.05705115],[21.5038932,63.05716086],[21.50433001,63.05730801],[21.50472443,63.05746498],[21.50506115,63.05763488],[21.50532011,63.05782204],[21.5054641,63.057992],[21.50556238,63.05817377],[21.50570994,63.0585605],[21.50581306,63.05879166],[21.50584392,63.05884716],[21.50594198,63.05902356],[21.50609926,63.05925225],[21.50628933,63.05947334],[21.50651901,63.05968169],[21.50679797,63.05987096],[21.50714695,63.06004077],[21.50754454,63.06018396],[21.50758356,63.0601945],[21.50797595,63.06030046],[21.50842921,63.06038758],[21.50889426,63.06043975],[21.50936226,63.06044819],[21.5097714,63.06041289],[21.51017461,63.06034341],[21.5105699,63.06024698],[21.51095478,63.06012896],[21.51132612,63.05999305],[21.51167991,63.05984151],[21.51201105,63.05967536],[21.51232841,63.05948696],[21.51262037,63.0592869],[21.51289169,63.05907865],[21.51314563,63.05886495],[21.51338425,63.05864801],[21.51360848,63.05842971],[21.51381828,63.05821178],[21.5140128,63.05799597],[21.5143586,63.05757365],[21.51453856,63.05737502],[21.51476341,63.05719448],[21.51507403,63.05703069],[21.51545164,63.05688899],[21.51587962,63.05676538],[21.51634525,63.05665751],[21.516839,63.05656468],[21.51735392,63.05648772],[21.51788512,63.05642912],[21.51842935,63.05639314],[21.51895584,63.05638334],[21.51948924,63.05639311],[21.52002702,63.0564176],[21.52056701,63.05645325],[21.52110711,63.05649759],[21.52164512,63.05654915],[21.52217842,63.05660732],[21.52270378,63.05667233],[21.52321696,63.05674527],[21.5237124,63.05682811],[21.52418271,63.05692389],[21.5246182,63.0570368],[21.52494952,63.05714849],[21.52524226,63.05727578],[21.52548939,63.05741897],[21.52572126,63.05761426],[21.52589062,63.05782798],[21.52601125,63.05805481],[21.52609265,63.05829062],[21.52614044,63.05853215],[21.52615684,63.05877675],[21.52614071,63.05902222],[21.52608764,63.05926658],[21.52598976,63.05950794],[21.52583444,63.05975306],[21.52563492,63.059994],[21.52540358,63.06023168],[21.52514973,63.06046687],[21.52460022,63.06093198],[21.52372762,63.06162198],[21.52106138,63.06367462],[21.52018313,63.06435804],[21.51961529,63.064815],[21.51934307,63.06504445],[21.51908369,63.06527496],[21.51884278,63.06550701],[21.51862789,63.06574123],[21.51844913,63.06597847],[21.51831981,63.06621983],[21.51825036,63.06646802],[21.51823089,63.0667204],[21.51824782,63.06697584],[21.51829081,63.06723349],[21.51835214,63.06749272],[21.51842613,63.06775306],[21.51868898,63.06853765],[21.51908038,63.06958569],[21.51929532,63.07010797],[21.51954099,63.07062653],[21.51968072,63.07088044],[21.51983191,63.0711327],[21.52016218,63.07163186],[21.52052841,63.07212107],[21.52072818,63.0723598],[21.52094289,63.07259271],[21.52117701,63.07281775],[21.52143654,63.07303219],[21.52172923,63.07323254],[21.52200428,63.07338844],[21.52258353,63.07368621],[21.5228574,63.07384017],[21.52314945,63.07403882],[21.52340002,63.07424986],[21.5236103,63.07446958],[21.52377801,63.07469484],[21.52389714,63.07492289],[21.52395751,63.07515119],[21.52394425,63.07537728],[21.52385862,63.07557979],[21.52372138,63.07577942],[21.52338421,63.0761738],[21.52322766,63.0763702],[21.52310887,63.07656708],[21.5230527,63.07676522],[21.52308532,63.07698486],[21.52320075,63.07720634],[21.52337797,63.07742906],[21.5236011,63.07765248],[21.5238585,63.07787597],[21.52414204,63.07809882],[21.52444653,63.07832011],[21.52476925,63.07853865],[21.52510975,63.07875284],[21.5254697,63.07896054],[21.52581562,63.07914193],[21.52617646,63.07931601],[21.52654924,63.07948252],[21.52669584,63.079543],[21.52693214,63.07964048],[21.52732437,63.07978806],[21.52772612,63.07992245],[21.52813853,63.08003969],[21.52856373,63.08013444],[21.52900496,63.08019967],[21.52951762,63.08023121],[21.53004873,63.0802276],[21.53032524,63.0802128],[21.53059309,63.08019846],[21.53114682,63.08015105],[21.53170707,63.08009078],[21.53227177,63.0800216],[21.53283948,63.07994637],[21.53398015,63.07978524],[21.53798105,63.07919674],[21.53910998,63.07904014],[21.53966584,63.07896908],[21.5402121,63.07890606],[21.5407444,63.07885475],[21.54125681,63.07882016],[21.54174131,63.07880908],[21.54218724,63.07883057],[21.54258061,63.07889657],[21.54288741,63.07900569],[21.54315061,63.07915279],[21.5431515,63.07915346],[21.543384,63.07932721],[21.5435994,63.07952024],[21.54401761,63.07993384],[21.54424036,63.08014207],[21.54448638,63.08034333],[21.54476798,63.08053123],[21.54508165,63.08069407],[21.5453189,63.08079247],[21.5454312,63.08083904],[21.54580833,63.08096615],[21.54620654,63.08107411],[21.54662083,63.0811602],[21.5470475,63.0812201],[21.54748386,63.08124768],[21.54797842,63.08123504],[21.54848023,63.0811861],[21.54898766,63.08111191],[21.54949989,63.08102134],[21.55106707,63.08071992],[21.55160349,63.08062951],[21.55215063,63.08055435],[21.55268418,63.08050153],[21.55322741,63.0804644],[21.55377776,63.08043916],[21.55433315,63.08042275],[21.55545207,63.08040696],[21.557672,63.08039159],[21.5582082,63.08038002],[21.55872836,63.0803602],[21.55922565,63.08032831],[21.55969103,63.08027935],[21.56011265,63.08020688],[21.56047515,63.08010256],[21.56077034,63.07995711],[21.56100447,63.07977883],[21.56119324,63.07957632]]]]}},{"type":"Feature","id":"65520","properties":{"code":"65520","name_fi":"Helsingby","name_sv":"Helsingby","statistics_year":2024,"population":1397,"employed":666,"unemployed":37,"students":96,"average_income":1091,"employed_share":47.67358625626342,"unemployed_share":2.6485325697924123,"student_share":6.8718682891911245},"geometry":{"type":"MultiPolygon","coordinates":[[[[21.808396,62.95322594],[21.80474205,62.95924702],[21.79502388,62.97725302],[21.79285877,62.98748775],[21.79072621,62.98948721],[21.77772488,62.98970476],[21.76942116,62.99247147],[21.76593045,62.99571242],[21.76554617,62.99601716],[21.7648455,62.99808545],[21.76584283,62.99844079],[21.77245557,63.00054578],[21.77310385,63.00105584],[21.77536695,63.00317055],[21.7760589,63.00403346],[21.77334784,63.01556897],[21.77191645,63.0247946],[21.76039422,63.02334135],[21.75560037,63.02342577],[21.75359425,63.0289646],[21.75777885,63.03127437],[21.74991253,63.03493733],[21.7457096,63.03450222],[21.73124598,63.03766262],[21.72706812,63.04023344],[21.73688947,63.04257383],[21.76615677,63.03711756],[21.79446364,63.04219237],[21.79941066,63.04456317],[21.81061034,63.05310865],[21.83276431,63.05989499],[21.83977012,63.06251962],[21.84201367,63.06600227],[21.84800222,63.06636628],[21.85861761,63.06516863],[21.87633682,63.06704136],[21.88146424,63.06720804],[21.88257941,63.06777194],[21.88978459,63.06799897],[21.89010738,63.06790003],[21.89839724,63.06151727],[21.89080743,63.05997926],[21.89096136,63.05855899],[21.89369466,63.05740021],[21.89773727,63.05411288],[21.90137502,63.05479027],[21.90213825,63.05331729],[21.90339007,63.05090101],[21.90630535,63.04527225],[21.90294693,63.04454922],[21.90156801,63.04260376],[21.90726686,63.03893678],[21.90735161,63.03812177],[21.90768861,63.03488038],[21.90500662,63.03270922],[21.90576906,63.03165536],[21.90225264,63.03030493],[21.90202279,63.03021665],[21.90017948,63.03007765],[21.89393578,63.0300229],[21.88919023,63.0295723],[21.88145458,63.02601859],[21.87731816,63.0206834],[21.88470124,63.00525005],[21.88126988,63.00167159],[21.88361359,62.99890604],[21.86840088,62.97991063],[21.85269083,62.97501798],[21.86056131,62.96750787],[21.86055619,62.96747317],[21.86051571,62.96719922],[21.85863701,62.96405066],[21.84109792,62.96723192],[21.808396,62.95322594]]]]}},{"type":"Feature","id":"65450","properties":{"code":"65450","name_fi":"Sulva","name_sv":"Solf","statistics_year":2024,"population":1949,"employed":951,"unemployed":24,"students":149,"average_income":1479,"employed_share":48.79425346331452,"unemployed_share":1.2314007183170856,"student_share":7.644946126218574},"geometry":{"type":"MultiPolygon","coordinates":[[[[21.6968027,62.93920389],[21.67643701,62.94472388],[21.67322852,62.94680174],[21.6643504,62.95361564],[21.652378,62.96033564],[21.63392474,62.97084723],[21.60580469,62.97620491],[21.58515536,62.97912644],[21.56448269,62.9790674],[21.54839963,62.98190028],[21.5578772,62.9888634],[21.55793742,62.98892315],[21.57070733,63.00309564],[21.57188351,63.00523093],[21.59461796,63.02922981],[21.59855658,63.03655555],[21.61344157,63.04193902],[21.61714078,63.0455852],[21.62189771,63.05219203],[21.62156201,63.05352768],[21.62768059,63.05466184],[21.63062,63.05520658],[21.63061816,63.05511392],[21.63055095,63.05488255],[21.63040986,63.05466171],[21.63018618,63.05445615],[21.62989212,63.05426502],[21.62954224,63.0540886],[21.62919142,63.05394295],[21.62806843,63.05353705],[21.62771722,63.05339804],[21.62740235,63.05324998],[21.62714141,63.05308794],[21.62693286,63.05288975],[21.62679338,63.05267392],[21.62670715,63.05244532],[21.62666272,63.05220803],[21.6266525,63.05196555],[21.62667233,63.05172109],[21.62672132,63.05147786],[21.62680172,63.0512393],[21.62691914,63.05100941],[21.62708275,63.05079308],[21.62730583,63.05059642],[21.62760922,63.05041996],[21.62797054,63.05026951],[21.62836997,63.0501442],[21.62879121,63.05004558],[21.62922036,63.04997787],[21.6296449,63.04994813],[21.6300528,63.04996675],[21.63038076,63.0500272],[21.63069736,63.05011993],[21.631012,63.05023371],[21.63167447,63.05048523],[21.63208675,63.05062021],[21.63252739,63.05074448],[21.63299007,63.05085575],[21.6334701,63.05095079],[21.63396412,63.05102517],[21.63441334,63.05106974],[21.6348679,63.05109112],[21.63537499,63.05108562],[21.63588027,63.05105334],[21.63637964,63.05099834],[21.63686856,63.0509228],[21.6373417,63.05082712],[21.63779263,63.05070999],[21.63822008,63.05056875],[21.63862399,63.050409],[21.63900989,63.05023565],[21.6393819,63.05005241],[21.63974296,63.04986201],[21.64043907,63.04946702],[21.64110366,63.04906],[21.64142253,63.04885321],[21.64173015,63.04864438],[21.64202384,63.04843343],[21.64289211,63.04776872],[21.64319479,63.04756263],[21.64352434,63.04737353],[21.64389567,63.04720881],[21.64426807,63.04708841],[21.64467516,63.04698672],[21.64510709,63.04689737],[21.6464747,63.04664989],[21.64697942,63.04654982],[21.64748117,63.04644317],[21.64897247,63.046111],[21.64946607,63.04600528],[21.6499583,63.0459071],[21.65044918,63.04582012],[21.65093856,63.04574862],[21.65197013,63.0456297],[21.65244029,63.04555434],[21.6529017,63.04545893],[21.6533504,63.04534531],[21.65378139,63.045214],[21.65418827,63.04506424],[21.65457911,63.04488901],[21.65494478,63.04469772],[21.65529283,63.04449512],[21.6556294,63.04428503],[21.65662044,63.04364003],[21.6569604,63.04342941],[21.65731412,63.04322615],[21.6576885,63.04303428],[21.65809215,63.04285883],[21.65849969,63.04271456],[21.65893412,63.04258673],[21.65938955,63.04247328],[21.65986162,63.04237335],[21.66034724,63.04228728],[21.66084446,63.04221658],[21.66135224,63.04216407],[21.66191776,63.04213014],[21.66249135,63.04211614],[21.6630694,63.04211717],[21.66364865,63.0421299],[21.66422593,63.04215241],[21.66479778,63.04218408],[21.66536015,63.0422255],[21.66590801,63.04227854],[21.66643496,63.04234643],[21.66693272,63.04243403],[21.66739063,63.04254801],[21.66767806,63.04264491],[21.66795014,63.04275391],[21.66860609,63.04304901],[21.67022047,63.04379229],[21.67063428,63.04397511],[21.67174772,63.04444711],[21.67207069,63.04459606],[21.67236033,63.04475146],[21.67259092,63.04490577],[21.67277842,63.04506702],[21.67291961,63.04523305],[21.67300899,63.04540186],[21.67304534,63.04560839],[21.67302874,63.04581203],[21.67296434,63.04619201],[21.67297875,63.04635726],[21.67306872,63.04649677],[21.67325573,63.04660507],[21.67351658,63.04669719],[21.67381872,63.04678964],[21.67413257,63.046899],[21.67443971,63.04704069],[21.67473287,63.04720945],[21.67501475,63.04739853],[21.67528768,63.04760265],[21.67555364,63.04781776],[21.67581426,63.04804075],[21.67632493,63.04850147],[21.67686774,63.0490058],[21.67967577,63.04717989],[21.68046619,63.04454533],[21.67484334,63.04255744],[21.67063633,63.03871458],[21.6617977,63.02948653],[21.66169605,63.02852552],[21.66626483,63.02064175],[21.66822113,63.01867514],[21.68006255,63.00620216],[21.70199129,63.0018497],[21.7076777,63.00116198],[21.71972092,62.99984781],[21.73829859,62.99391767],[21.73860534,62.99384122],[21.74331113,62.99334561],[21.74333622,62.99333151],[21.74593072,62.99291933],[21.74901296,62.9921432],[21.75044515,62.98842925],[21.75245487,62.98683858],[21.76707324,62.97987501],[21.77682529,62.9776869],[21.79502388,62.97725302],[21.80474205,62.95924702],[21.79159582,62.96108756],[21.78108789,62.96292011],[21.7736926,62.96339073],[21.75994489,62.96392273],[21.74958966,62.96357517],[21.748307,62.96332366],[21.74499782,62.96273127],[21.72859977,62.9586333],[21.71700659,62.94364676],[21.71611777,62.94166038],[21.6968027,62.93920389]]]]}},{"type":"Feature","id":"65610","properties":{"code":"65610","name_fi":"Mustasaari Keskus","name_sv":"Korsholm centrum","statistics_year":2024,"population":6266,"employed":2904,"unemployed":131,"students":354,"average_income":4910,"employed_share":46.34535588892435,"unemployed_share":2.0906479412703476,"student_share":5.649537184806895},"geometry":{"type":"MultiPolygon","coordinates":[[[[21.74299189,63.14435034],[21.74491564,63.13964042],[21.74615717,63.12853032],[21.75564479,63.12384441],[21.77205408,63.11573474],[21.75231386,63.11803279],[21.75091573,63.11819543],[21.73505823,63.11626606],[21.72532319,63.11598274],[21.7241256,63.1156182],[21.71867668,63.11395933],[21.7168703,63.11224402],[21.71578352,63.11121193],[21.7159704,63.11110405],[21.71901063,63.10934898],[21.71338687,63.10893559],[21.71187358,63.10749808],[21.71151281,63.10715535],[21.70884902,63.10619689],[21.70768234,63.10601118],[21.7075957,63.10598517],[21.70567205,63.105638],[21.7045045,63.10490306],[21.70442299,63.10461974],[21.70347083,63.10168271],[21.70337589,63.10145785],[21.70326735,63.10123522],[21.70303758,63.10084295],[21.70301032,63.10080081],[21.70285547,63.10056149],[21.70272319,63.10042174],[21.68800288,63.10210683],[21.68633425,63.10305358],[21.68155533,63.10394877],[21.67934978,63.1041571],[21.67394788,63.10589222],[21.66963967,63.10808044],[21.66848729,63.10866568],[21.66496614,63.11035568],[21.66324311,63.11118255],[21.66396416,63.11539159],[21.66243686,63.11967547],[21.6669148,63.12331213],[21.66634926,63.12481878],[21.66477586,63.12627405],[21.66476222,63.12724781],[21.66142969,63.12844113],[21.66001272,63.12912211],[21.65455767,63.13046972],[21.65345057,63.13119127],[21.65256175,63.13163076],[21.65062703,63.13181568],[21.64801645,63.13102886],[21.64758349,63.12915242],[21.63881289,63.12534076],[21.63868894,63.12537846],[21.63599454,63.12664958],[21.63564057,63.12735399],[21.63546998,63.12773033],[21.63408188,63.1292707],[21.63166308,63.13153735],[21.63215171,63.13225318],[21.6322176,63.13230718],[21.63681383,63.13562101],[21.63710745,63.13624419],[21.63982043,63.13858144],[21.63994184,63.13870096],[21.65069557,63.14762782],[21.65126365,63.14809922],[21.65884281,63.1507113],[21.66502121,63.15162433],[21.68591617,63.14202419],[21.68594213,63.14201753],[21.69602801,63.13997975],[21.70190457,63.13939464],[21.70694413,63.13917049],[21.71021354,63.14145231],[21.71093297,63.16389286],[21.71701862,63.16744892],[21.7319139,63.16950947],[21.75145728,63.15519522],[21.74867898,63.15319003],[21.74305917,63.14542655],[21.74305325,63.14538628],[21.74299189,63.14435034]]]]}},{"type":"Feature","id":"65710","properties":{"code":"65710","name_fi":"Singsby","name_sv":"Singsby","statistics_year":2024,"population":713,"employed":334,"unemployed":14,"students":65,"average_income":531,"employed_share":46.84431977559607,"unemployed_share":1.9635343618513323,"student_share":9.1164095371669},"geometry":{"type":"MultiPolygon","coordinates":[[[[21.67341444,63.16949746],[21.67366618,63.1606959],[21.67328705,63.16050479],[21.67154454,63.16065038],[21.67143901,63.1606333],[21.66992955,63.16072276],[21.66917792,63.16064974],[21.66879219,63.16006709],[21.66569645,63.15963234],[21.66577073,63.15424778],[21.66502121,63.15162433],[21.65884281,63.1507113],[21.65126365,63.14809922],[21.63939198,63.14612442],[21.62924842,63.14700953],[21.62684822,63.14826878],[21.62422517,63.15306974],[21.604456,63.15876717],[21.59708074,63.16089141],[21.60031289,63.16201898],[21.64057227,63.17605058],[21.65923484,63.17617816],[21.65912948,63.17594981],[21.67006656,63.16941163],[21.67341444,63.16949746]]]]}},{"type":"Feature","id":"65730","properties":{"code":"65730","name_fi":"Jungsund","name_sv":"Jungsund","statistics_year":2024,"population":435,"employed":232,"unemployed":7,"students":27,"average_income":344,"employed_share":53.333333333333336,"unemployed_share":1.6091954022988506,"student_share":6.206896551724138},"geometry":{"type":"MultiPolygon","coordinates":[[[[21.50457309,63.1756431],[21.50275336,63.17545819],[21.50174544,63.17543812],[21.50135084,63.17551805],[21.50130411,63.17576388],[21.50066401,63.1766915],[21.50198263,63.17729512],[21.50370543,63.1779906],[21.50440484,63.17830348],[21.50713363,63.17814262],[21.50859136,63.17757051],[21.50841578,63.17649695],[21.50672762,63.17584097],[21.50457309,63.1756431]]],[[[21.6667785,63.21193731],[21.6671519,63.21194144],[21.66757392,63.21198021],[21.66803041,63.21204262],[21.66851035,63.21211986],[21.6691815,63.21223448],[21.66950741,63.21229014],[21.67001137,63.2123705],[21.67051128,63.21243916],[21.67073291,63.21246168],[21.67135064,63.21123778],[21.67033197,63.2055302],[21.66333871,63.19367368],[21.66632831,63.18358088],[21.65923484,63.17617816],[21.64057227,63.17605058],[21.60031289,63.16201898],[21.59708074,63.16089141],[21.58758673,63.16276713],[21.578936,63.16561184],[21.55088363,63.17482904],[21.53987856,63.17748515],[21.52496082,63.17076764],[21.52359831,63.16943117],[21.52169924,63.16756819],[21.51847525,63.16755331],[21.51847235,63.16755596],[21.5182957,63.16776198],[21.51814704,63.16797522],[21.51801788,63.1681936],[21.5176457,63.16892091],[21.51751022,63.16916235],[21.5173537,63.16939997],[21.51716493,63.16963136],[21.51691983,63.16986733],[21.51663421,63.17009439],[21.5163155,63.17031299],[21.51596814,63.17052268],[21.51559382,63.170722],[21.51519157,63.17090832],[21.51476641,63.17107671],[21.51431925,63.17123046],[21.5138567,63.17136992],[21.5133838,63.1714939],[21.51290442,63.17159954],[21.51242151,63.17168209],[21.51200656,63.17172711],[21.51193738,63.17173462],[21.51145392,63.17174762],[21.51106255,63.17172362],[21.5106695,63.17167519],[21.51027145,63.17161092],[21.50886169,63.17136564],[21.50845625,63.17130242],[21.50838707,63.171099],[21.50700448,63.17112692],[21.50454798,63.1711765],[21.50405349,63.1712461],[21.5035606,63.17133909],[21.50310719,63.17145366],[21.50270968,63.17159356],[21.50237975,63.1717653],[21.50212987,63.17196117],[21.50196707,63.17217495],[21.50190286,63.1723727],[21.50190362,63.17257612],[21.50196095,63.17278115],[21.50207073,63.17298388],[21.5022329,63.17318035],[21.50245142,63.17336624],[21.50277654,63.17356292],[21.50316407,63.173743],[21.50359698,63.17390906],[21.50406307,63.17406244],[21.50455405,63.17420321],[21.50506479,63.17433023],[21.5055928,63.17444098],[21.50613782,63.1745315],[21.5066216,63.17459092],[21.50711472,63.17463764],[21.50861438,63.17475699],[21.50911094,63.17480703],[21.50965166,63.17487663],[21.50993257,63.17491997],[21.51018587,63.17495905],[21.51071458,63.17505074],[21.51088694,63.17508292],[21.5112384,63.17514855],[21.51277892,63.17544963],[21.51327849,63.17554194],[21.51376727,63.17562351],[21.51424127,63.17568879],[21.51469504,63.17573064],[21.5151212,63.17573984],[21.51551002,63.17570457],[21.51586693,63.17561032],[21.5161799,63.17546781],[21.51645571,63.17528983],[21.51669787,63.17508606],[21.5169069,63.17486383],[21.5170805,63.17462862],[21.51745072,63.17395951],[21.51760829,63.17374317],[21.51780537,63.17354568],[21.5180437,63.17335954],[21.5183161,63.17318647],[21.51861723,63.17302924],[21.51894345,63.17289182],[21.51929254,63.17277967],[21.51966355,63.17270004],[21.52005888,63.1726588],[21.52046335,63.17265239],[21.52086374,63.17267513],[21.52124619,63.17272349],[21.52159542,63.17279596],[21.52189381,63.17289297],[21.5221205,63.17301683],[21.52226409,63.17317783],[21.52232755,63.17336435],[21.52233228,63.17356957],[21.52229543,63.17378832],[21.52223089,63.17401678],[21.52197815,63.17473621],[21.52190438,63.17498275],[21.52184668,63.17523899],[21.52180548,63.17549672],[21.52177706,63.17575529],[21.52174693,63.17627331],[21.52173212,63.17756448],[21.52171279,63.17807699],[21.52169093,63.17833174],[21.52165604,63.17858505],[21.52160311,63.17883646],[21.52152574,63.17908532],[21.52141575,63.17933081],[21.52126064,63.17958164],[21.52107395,63.17982917],[21.52044665,63.18056329],[21.52025369,63.18080819],[21.52009024,63.18105447],[21.51997255,63.18130284],[21.51991882,63.18152186],[21.5199078,63.18174157],[21.51993477,63.18196044],[21.51999767,63.18217674],[21.52009707,63.18238848],[21.52023622,63.18259324],[21.5204215,63.18279128],[21.52064666,63.18297782],[21.52090728,63.18315076],[21.52120165,63.18330699],[21.52153059,63.18344226],[21.52189747,63.18355097],[21.52231235,63.18363044],[21.52275955,63.18368632],[21.52419251,63.18380819],[21.5246714,63.18386321],[21.52514047,63.1839388],[21.52559465,63.18403277],[21.52603157,63.18414168],[21.52644735,63.18426302],[21.52683624,63.18439513],[21.52719012,63.18453716],[21.52749792,63.18468897],[21.52774495,63.18485117],[21.52791211,63.18502509],[21.52798415,63.18521568],[21.52797009,63.18541559],[21.52788676,63.1856203],[21.52774578,63.1858256],[21.52755424,63.1860273],[21.52731527,63.18622097],[21.52702842,63.18640167],[21.52669632,63.18656481],[21.52633488,63.18671371],[21.52527648,63.18710536],[21.52500404,63.18722429],[21.52481498,63.18733943],[21.52477396,63.18740317],[21.52594727,63.18795396],[21.52596756,63.18796349],[21.52597957,63.18796204],[21.52610839,63.18799426],[21.52656342,63.18809656],[21.52704379,63.18819544],[21.52754157,63.18828944],[21.52805103,63.18837644],[21.52856806,63.18845354],[21.52908976,63.18851684],[21.52961414,63.18856116],[21.53013982,63.18857971],[21.53067578,63.18856647],[21.53121046,63.18852605],[21.53174227,63.18846494],[21.53226949,63.18838785],[21.5327901,63.18829798],[21.53330158,63.18819724],[21.53380066,63.18808646],[21.5342831,63.18796542],[21.53474344,63.18783299],[21.53517466,63.18768712],[21.53555389,63.18753486],[21.53626047,63.18721736],[21.53661137,63.18706766],[21.53697624,63.1869351],[21.53736768,63.18682927],[21.53780596,63.18675643],[21.53827675,63.18671377],[21.538772,63.18669364],[21.53928536,63.18669004],[21.53981185,63.18669819],[21.54034757,63.18671431],[21.54252811,63.18680113],[21.54307187,63.18681553],[21.54361088,63.18682113],[21.54414256,63.186814],[21.5446638,63.1867892],[21.54517072,63.18674051],[21.54567911,63.18665938],[21.54617203,63.18655258],[21.54665357,63.18642685],[21.54712686,63.18628742],[21.54759422,63.18613839],[21.54805738,63.18598304],[21.54942311,63.18551087],[21.54988718,63.18535043],[21.55034083,63.18520291],[21.55079281,63.18506678],[21.55124256,63.18494742],[21.55168926,63.18485187],[21.55213172,63.18478945],[21.55256831,63.18477224],[21.55299504,63.18480963],[21.55341592,63.18489182],[21.55383251,63.18500699],[21.5542459,63.18514611],[21.55465682,63.18530241],[21.55506569,63.1854709],[21.55587727,63.18583107],[21.55667747,63.18620929],[21.55707068,63.18640281],[21.55783367,63.18679804],[21.55890738,63.18738957],[21.55901777,63.18744588],[21.56009089,63.18715876],[21.57179923,63.18707226],[21.57666127,63.18769911],[21.58128627,63.18846308],[21.5836305,63.18852949],[21.58487159,63.1887189],[21.59037347,63.19032962],[21.59092961,63.19139704],[21.59634376,63.19429367],[21.59876529,63.19630098],[21.61027332,63.19792488],[21.62748537,63.20864881],[21.64974053,63.22125761],[21.64964421,63.22076509],[21.64961901,63.22053319],[21.64962261,63.22028285],[21.64966268,63.22003589],[21.64974391,63.21979428],[21.64987426,63.21956043],[21.65005112,63.21934767],[21.65027698,63.21914547],[21.65054931,63.21895537],[21.65083188,63.2187967],[21.65114594,63.21864868],[21.65148697,63.21851098],[21.65185213,63.21838381],[21.65231542,63.21824616],[21.65280212,63.21812044],[21.65330544,63.21800339],[21.65382033,63.21789255],[21.65487123,63.21768267],[21.65593645,63.21748133],[21.66021813,63.21669014],[21.66127454,63.21648421],[21.66179452,63.21637689],[21.66230536,63.21626494],[21.66280292,63.21614645],[21.66328158,63.2160189],[21.66373373,63.21587893],[21.66409879,63.21574454],[21.66443467,63.21559866],[21.66473786,63.2154418],[21.66500276,63.21527379],[21.66522136,63.21509378],[21.66540947,63.21486949],[21.66554095,63.21463189],[21.6656314,63.2143849],[21.665693,63.21413171],[21.66573538,63.21387506],[21.66582045,63.21311009],[21.66585621,63.21286667],[21.66590709,63.2126357],[21.66598172,63.21242293],[21.66609088,63.21223593],[21.66624839,63.21208456],[21.66647195,63.21198167],[21.6667785,63.21193731]]]]}},{"type":"Feature","id":"65800","properties":{"code":"65800","name_fi":"Raippaluoto","name_sv":"Replot","statistics_year":2024,"population":841,"employed":382,"unemployed":11,"students":46,"average_income":648,"employed_share":45.422116527942926,"unemployed_share":1.3079667063020213,"student_share":5.469678953626635},"geometry":{"type":"MultiPolygon","coordinates":[[[[21.34127057,63.2772359],[21.34106135,63.27721545],[21.3408423,63.27722922],[21.34063364,63.27727606],[21.34043233,63.27735171],[21.34024258,63.27745154],[21.34001177,63.27761613],[21.33980407,63.27780754],[21.33961515,63.27801799],[21.33944206,63.27824153],[21.33928306,63.27847364],[21.33913762,63.27871079],[21.33900636,63.2789502],[21.3388911,63.27918954],[21.33879495,63.27942672],[21.33872238,63.27965968],[21.33867943,63.27988625],[21.33867382,63.28010396],[21.33867471,63.2801102],[21.33872798,63.28048201],[21.3387244,63.28056925],[21.34371313,63.28096392],[21.34371411,63.28096428],[21.34383469,63.2807515],[21.34392478,63.28054822],[21.34394032,63.28051316],[21.3440152,63.28026259],[21.34405301,63.28001409],[21.34405181,63.27977135],[21.34400589,63.27953845],[21.34390545,63.27932027],[21.34373614,63.27912273],[21.34351933,63.27896771],[21.34326043,63.27882606],[21.34271694,63.27855125],[21.34248083,63.27840304],[21.34229022,63.2782355],[21.34214129,63.27805732],[21.34190232,63.27769928],[21.3417812,63.2775357],[21.34163812,63.27739501],[21.34145613,63.27728877],[21.34127057,63.2772359]]],[[[21.46316683,63.20113163],[21.46258583,63.20109281],[21.46208525,63.20108861],[21.46165814,63.2011207],[21.46127271,63.20119004],[21.46092465,63.20130963],[21.46062313,63.20146771],[21.46035944,63.20165286],[21.46012919,63.20185659],[21.45993194,63.20207256],[21.45977111,63.20229593],[21.45965405,63.20252286],[21.45959249,63.20275007],[21.4596023,63.20295682],[21.45960314,63.20297448],[21.45968523,63.20316881],[21.4598269,63.20335679],[21.4600172,63.20353641],[21.46024859,63.2037051],[21.46051641,63.2038596],[21.46083542,63.20400645],[21.46149396,63.20427223],[21.46178714,63.20440641],[21.46204365,63.20455556],[21.46246798,63.20483586],[21.46268257,63.20493708],[21.46291608,63.20498989],[21.46315464,63.20498752],[21.46338742,63.20491992],[21.46360723,63.20479951],[21.46382531,63.20464252],[21.46384008,63.2046311],[21.46430615,63.20427065],[21.46459025,63.20407967],[21.46491944,63.20387991],[21.46530296,63.20365846],[21.46607685,63.20322862],[21.46641043,63.20302842],[21.46669003,63.20282548],[21.46686862,63.20265451],[21.46699573,63.20248951],[21.46707422,63.20233829],[21.4671122,63.20217845],[21.46709918,63.20206933],[21.46704991,63.20202663],[21.46699177,63.20198897],[21.46676948,63.20189174],[21.46640991,63.20175627],[21.46593596,63.20160371],[21.46536915,63.20145534],[21.46486638,63.20135299],[21.46433545,63.20126723],[21.46379515,63.20119673],[21.46316683,63.20113163]]],[[[21.39773837,63.29792362],[21.39737146,63.2978801],[21.39697888,63.29787856],[21.39661436,63.29792529],[21.39630358,63.29802097],[21.39607431,63.29815987],[21.39590155,63.29833505],[21.39576988,63.29853638],[21.39566737,63.2987563],[21.39558477,63.29898916],[21.39551479,63.29923076],[21.39532504,63.29998007],[21.39525256,63.30023148],[21.39516735,63.30048112],[21.39506367,63.30072745],[21.39493471,63.30096876],[21.39477224,63.30120301],[21.39455935,63.3014402],[21.39431709,63.3016686],[21.39381414,63.30210259],[21.39358904,63.30230808],[21.39340856,63.30250451],[21.39329776,63.3026897],[21.39328752,63.30286043],[21.39338231,63.30299796],[21.39355187,63.30312697],[21.39425655,63.30353],[21.39454543,63.30367595],[21.39487355,63.30380214],[21.39525058,63.30391559],[21.39566423,63.30401509],[21.3961048,63.30409821],[21.39656452,63.30416105],[21.39667467,63.30416967],[21.39703703,63.304198],[21.39753295,63.3042038],[21.39802715,63.30418092],[21.39850959,63.30413441],[21.39896874,63.30406727],[21.39939054,63.30398058],[21.39975712,63.30387356],[21.40001451,63.30376334],[21.40020427,63.30364019],[21.4003134,63.30350772],[21.40032714,63.30333742],[21.40024971,63.30315797],[21.40013176,63.30296837],[21.40002351,63.30275265],[21.39997036,63.30250138],[21.39996635,63.30221866],[21.40000022,63.30192076],[21.40012095,63.30135509],[21.40016146,63.30110731],[21.40016315,63.30088021],[21.4001357,63.30069949],[21.40009693,63.30058077],[21.40006168,63.30054017],[21.40016405,63.3003522],[21.40025648,63.30013579],[21.40034545,63.29986757],[21.40040762,63.29956912],[21.40041861,63.29926212],[21.4003526,63.29896861],[21.40018258,63.29871109],[21.39992608,63.29852515],[21.39959845,63.29838445],[21.39954516,63.2983693],[21.39923605,63.29828138],[21.39848245,63.29808761],[21.3981086,63.29799678],[21.39773837,63.29792362]]],[[[21.40274372,63.18025252],[21.40328757,63.18026341],[21.40374938,63.18029615],[21.40419493,63.1803462],[21.40461942,63.18040828],[21.4050166,63.18047792],[21.40501776,63.18047814],[21.40571938,63.18061138],[21.40603085,63.18064866],[21.40631881,63.18064622],[21.40659022,63.18058984],[21.40683455,63.18048632],[21.40704762,63.18034554],[21.40723808,63.18016145],[21.40739668,63.17995226],[21.40753215,63.17972525],[21.40765074,63.17948578],[21.40765381,63.17947861],[21.4077567,63.17923774],[21.40785258,63.17898396],[21.40801705,63.17846672],[21.40808374,63.17820585],[21.4081364,63.17794469],[21.40817029,63.17768401],[21.40817868,63.17742457],[21.40815735,63.17717968],[21.40811031,63.17693763],[21.40805037,63.17673194],[21.40804095,63.17669962],[21.40795063,63.17646724],[21.40783873,63.17624262],[21.4077026,63.17602856],[21.40753739,63.17582869],[21.40733584,63.17564775],[21.40708796,63.17549175],[21.40680091,63.17536869],[21.40614391,63.17514861],[21.40576319,63.17500708],[21.40539067,63.17485048],[21.4050318,63.17468446],[21.40469248,63.17451456],[21.40411164,63.17419933],[21.40385143,63.17407709],[21.40361402,63.17399743],[21.40356665,63.17398153],[21.40327789,63.17392609],[21.40297096,63.17390209],[21.40265827,63.17390986],[21.40235205,63.17395144],[21.40200268,63.1740487],[21.40167473,63.17418699],[21.40136298,63.17435524],[21.40106334,63.174545],[21.40077261,63.17474997],[21.40020867,63.17518807],[21.39965831,63.17564544],[21.39911558,63.17611003],[21.39858026,63.17657645],[21.39805876,63.17704312],[21.39756806,63.17751086],[21.39734446,63.17774598],[21.39714443,63.1779827],[21.3969782,63.17822182],[21.39685314,63.17847491],[21.39677632,63.17876316],[21.39674776,63.17907853],[21.39676645,63.17940442],[21.39682957,63.17972466],[21.39689912,63.17994888],[21.39698318,63.18021987],[21.39703943,63.18047204],[21.39706175,63.18067433],[21.39705647,63.18080952],[21.39702444,63.18086084],[21.39789057,63.18073505],[21.39916855,63.18056538],[21.39926386,63.18055384],[21.39991085,63.18047549],[21.40067509,63.18039173],[21.40142586,63.18032159],[21.40212742,63.18027267],[21.40274372,63.18025252]]],[[[21.4482925,63.19794146],[21.44820246,63.19781019],[21.44816627,63.19775744],[21.44793655,63.19758965],[21.44762903,63.19744861],[21.44726938,63.1973351],[21.44687819,63.19725245],[21.4464726,63.19720672],[21.44606763,63.19720697],[21.44572013,63.19725082],[21.4453814,63.19732475],[21.44472059,63.19750945],[21.44439431,63.19759524],[21.44406841,63.19765974],[21.44374147,63.19768902],[21.44338012,63.19766786],[21.44302575,63.19759856],[21.4426892,63.19749172],[21.44238346,63.19735511],[21.44212447,63.19719406],[21.44193231,63.19701185],[21.44182537,63.19681394],[21.44179354,63.19660441],[21.44182794,63.19638979],[21.44192519,63.19617611],[21.44208724,63.1959693],[21.44232137,63.19577557],[21.44265166,63.19559096],[21.44304896,63.19542276],[21.44349168,63.19526628],[21.44396213,63.19511771],[21.44539072,63.19468991],[21.44582252,63.19454492],[21.44620187,63.19439471],[21.44650426,63.19423662],[21.44669847,63.19406762],[21.44675771,63.19391093],[21.44672779,63.19374894],[21.44662529,63.19358707],[21.44646201,63.19343107],[21.44624547,63.19328723],[21.44597937,63.19316282],[21.44566382,63.19306642],[21.4452378,63.19299845],[21.44476531,63.19297158],[21.44426646,63.19297893],[21.44375871,63.19301684],[21.44325829,63.19308467],[21.44278149,63.19318475],[21.44237696,63.19330711],[21.44200463,63.19345343],[21.44166396,63.19361792],[21.44135652,63.19379635],[21.44108618,63.19398572],[21.4408593,63.19418411],[21.44068503,63.19439045],[21.44058166,63.19457317],[21.44035842,63.19513589],[21.44022829,63.19535958],[21.4400571,63.19557861],[21.43984485,63.19579005],[21.43958872,63.19599045],[21.43928286,63.19617563],[21.43893609,63.19633691],[21.43854853,63.19648427],[21.43813177,63.19662193],[21.4376955,63.19675351],[21.43635043,63.19714331],[21.43591564,63.19728194],[21.43550182,63.19743071],[21.43511674,63.19759282],[21.43476187,63.19776659],[21.43443818,63.19794996],[21.43414939,63.19814143],[21.43390233,63.19834004],[21.43370744,63.19854528],[21.43356839,63.19876974],[21.43349468,63.19899631],[21.43348791,63.19911426],[21.43348186,63.19921967],[21.43353142,63.199434],[21.43365115,63.19963252],[21.43385576,63.19980689],[21.43414582,63.19994531],[21.4345108,63.20005747],[21.43469633,63.20009721],[21.43493112,63.20014749],[21.43539142,63.20021791],[21.43585988,63.20026938],[21.43731691,63.20039209],[21.43779292,63.20044786],[21.4382921,63.20054026],[21.43881908,63.2006821],[21.43934164,63.20085837],[21.43985094,63.20105261],[21.44079328,63.20143046],[21.44120541,63.20158387],[21.44156038,63.20169627],[21.44179457,63.20175235],[21.44182094,63.20175628],[21.4420205,63.20177022],[21.44203164,63.20176908],[21.44210745,63.20174528],[21.44325221,63.20145455],[21.44382744,63.20130192],[21.44444615,63.2011303],[21.44507636,63.20094488],[21.44568554,63.20075071],[21.44624054,63.20055264],[21.44670775,63.20035553],[21.44694077,63.20022773],[21.44705963,63.20016254],[21.44733644,63.19995925],[21.44756817,63.19974246],[21.44776509,63.19951659],[21.44793351,63.19928516],[21.44807631,63.19905113],[21.44819332,63.19881718],[21.44828141,63.19858602],[21.44833434,63.19836056],[21.44834253,63.19814429],[21.4482925,63.19794146]]],[[[21.3984553,63.169501],[21.39792785,63.16944386],[21.38739671,63.17017673],[21.38660098,63.17040676],[21.3832844,63.1713654],[21.38381728,63.17148621],[21.38422743,63.17158789],[21.3845975,63.17169774],[21.38490546,63.17182078],[21.38512501,63.17196294],[21.38512532,63.17196339],[21.38523469,63.17212503],[21.38526019,63.17230639],[21.38522728,63.17250238],[21.38515783,63.1727094],[21.38498479,63.17314631],[21.38491661,63.17337267],[21.38488498,63.17360278],[21.38490554,63.17384269],[21.38497222,63.17408495],[21.38507371,63.17432889],[21.38520124,63.17457401],[21.38534809,63.17481983],[21.38568129,63.17531161],[21.3860494,63.17579895],[21.38644599,63.176272],[21.38665726,63.17649773],[21.38688051,63.17671164],[21.38711987,63.17690866],[21.38738101,63.17708202],[21.38767156,63.17722278],[21.38800143,63.17731922],[21.38839875,63.1773626],[21.38883516,63.17735636],[21.38929513,63.1773124],[21.38976503,63.17723905],[21.39023214,63.17714156],[21.39068374,63.17702253],[21.39110611,63.17688214],[21.3914836,63.17671828],[21.39170835,63.1765923],[21.39191581,63.17645701],[21.39303873,63.17567179],[21.39369396,63.17523601],[21.39438289,63.17480804],[21.39474357,63.1746004],[21.39511873,63.17439928],[21.39551243,63.17420696],[21.39586521,63.17405161],[21.3962316,63.17390355],[21.39660848,63.17376199],[21.39699321,63.17362645],[21.39738341,63.17349679],[21.39855339,63.17313412],[21.39891636,63.1730045],[21.39930618,63.17283135],[21.39965611,63.17263863],[21.39996883,63.17243026],[21.40024348,63.17220899],[21.4004662,63.17199],[21.400657,63.17176445],[21.40081898,63.17153525],[21.40095225,63.17130513],[21.40096671,63.17127264],[21.40105383,63.17107679],[21.40111736,63.17085317],[21.40113264,63.17063764],[21.40108502,63.17043427],[21.40095453,63.1702481],[21.40070482,63.17007249],[21.40036134,63.1699192],[21.39994773,63.16978542],[21.39948101,63.16967013],[21.39897278,63.16957409],[21.3984553,63.169501]]],[[[21.41927318,63.29256874],[21.41974389,63.29220888],[21.41976681,63.29216892],[21.41981037,63.29203595],[21.42015689,63.290911],[21.42039355,63.29021188],[21.42051795,63.28988274],[21.4206434,63.28958858],[21.42077041,63.2893388],[21.42091393,63.2891058],[21.42108243,63.28888833],[21.42128448,63.28869222],[21.42153123,63.28852518],[21.421837,63.28839727],[21.42222466,63.28831479],[21.42266714,63.28827427],[21.4231422,63.28826652],[21.42363091,63.28828597],[21.42411599,63.28833021],[21.42458028,63.28839969],[21.42500531,63.28849763],[21.42536984,63.2886301],[21.42565496,63.2888004],[21.42587745,63.28900196],[21.42605409,63.28922601],[21.42619773,63.289466],[21.42631822,63.28971706],[21.42642313,63.28997557],[21.42679444,63.29103594],[21.4268982,63.29129801],[21.42701662,63.29155463],[21.42715675,63.2918028],[21.42732759,63.29203854],[21.42754074,63.29225654],[21.42781112,63.29244976],[21.42811877,63.29259895],[21.42847255,63.29272277],[21.42885754,63.29282236],[21.42926077,63.29289691],[21.42967047,63.29294352],[21.43007537,63.29295703],[21.43046397,63.29292978],[21.43083814,63.29285255],[21.43118671,63.29273431],[21.43151286,63.29258561],[21.43181795,63.2924145],[21.43210144,63.29222706],[21.43236076,63.29202776],[21.43259103,63.29181977],[21.43272969,63.29166623],[21.43299771,63.29079007],[21.43297672,63.29069294],[21.43287965,63.29045521],[21.43274901,63.2902163],[21.43259442,63.28997674],[21.43242315,63.28973689],[21.43205137,63.2892571],[21.43128253,63.28829753],[21.43092491,63.28781555],[21.43076238,63.28757298],[21.43061607,63.28733168],[21.43035812,63.28684564],[21.43013414,63.28635661],[21.42993951,63.28586547],[21.42978073,63.2853722],[21.42971454,63.28510495],[21.42965976,63.28483707],[21.42957253,63.2843001],[21.42956532,63.2842415],[21.4294733,63.28349309],[21.42942388,63.28295478],[21.42939705,63.28241676],[21.42939836,63.28214809],[21.42941496,63.28187983],[21.42944983,63.28161771],[21.429501,63.28135625],[21.42955844,63.28112581],[21.42956596,63.2810956],[21.42964374,63.28083601],[21.42973478,63.28057788],[21.4298411,63.28032175],[21.4299664,63.28006843],[21.43011634,63.27981896],[21.43029885,63.27957476],[21.43052301,63.2793344],[21.43077978,63.27909938],[21.43106035,63.2788682],[21.4313581,63.27863976],[21.4316681,63.2784132],[21.43264075,63.27773934],[21.43498148,63.27616755],[21.43562727,63.27571379],[21.43593327,63.27548563],[21.4360825,63.2753664],[21.43622002,63.27525652],[21.43647849,63.27502643],[21.43669639,63.27479538],[21.43685712,63.27456353],[21.43694087,63.27434395],[21.43695387,63.27412831],[21.43695197,63.27412209],[21.43711036,63.2738954],[21.43679685,63.27380155],[21.43674013,63.27372912],[21.43649161,63.27355544],[21.43616362,63.27339835],[21.43577681,63.27325443],[21.43534682,63.27312144],[21.4348853,63.27299826],[21.43440067,63.27288485],[21.43389888,63.27278227],[21.43338389,63.27269279],[21.43285814,63.27262001],[21.4323358,63.27256855],[21.43181017,63.27253612],[21.43128671,63.27252248],[21.43077085,63.27252908],[21.43026847,63.27255917],[21.4297863,63.27261792],[21.42964459,63.27264618],[21.42934743,63.27270544],[21.42892959,63.27281843],[21.42852913,63.27295089],[21.42814361,63.27309833],[21.42777167,63.27325747],[21.42741302,63.27342612],[21.42706838,63.27360293],[21.42673954,63.27378737],[21.42639678,63.27399916],[21.42607073,63.27421756],[21.42575672,63.27444044],[21.42515164,63.27489393],[21.42339286,63.27626663],[21.42279794,63.27671945],[21.42218456,63.27716608],[21.42152764,63.27761508],[21.42085151,63.27805806],[21.41982058,63.27871713],[21.41428177,63.28221782],[21.41288801,63.28308968],[21.41217677,63.28352043],[21.41144216,63.28394271],[21.41107196,63.28414323],[21.41031112,63.28453692],[21.4091428,63.28511811],[21.40892403,63.28522545],[21.40481486,63.28724159],[21.40455385,63.28736752],[21.40402359,63.28762333],[21.40322082,63.28799312],[21.40281103,63.28816932],[21.40239218,63.28833618],[21.40196053,63.28848986],[21.40151112,63.28862524],[21.40103745,63.28873565],[21.40052096,63.28881736],[21.39997908,63.28887293],[21.39941868,63.28890947],[21.39884495,63.28893234],[21.39826175,63.28894553],[21.39767193,63.28895197],[21.39647998,63.2889525],[21.39287299,63.28892413],[21.39167693,63.28892013],[21.39108456,63.28892281],[21.39049874,63.28893084],[21.38992265,63.28894672],[21.38936065,63.28897391],[21.38881872,63.28901715],[21.38830486,63.28908276],[21.3878297,63.28917912],[21.3874225,63.28930544],[21.38705062,63.28945989],[21.38670471,63.28963517],[21.38637763,63.28982567],[21.386064,63.29002716],[21.38575985,63.29023649],[21.3854624,63.29045138],[21.38488097,63.29089191],[21.38403735,63.2915689],[21.38350688,63.29202992],[21.38325974,63.29226446],[21.38303209,63.29249943],[21.38281897,63.29273685],[21.38242926,63.293215],[21.3822529,63.29345365],[21.38209172,63.29369041],[21.38195024,63.29392372],[21.38183532,63.29415154],[21.38175669,63.29437123],[21.38172765,63.29457929],[21.38174031,63.29464286],[21.38176587,63.29477113],[21.38189445,63.29494075],[21.38215025,63.29509126],[21.38250576,63.29521512],[21.38293304,63.29531717],[21.38341062,63.29539998],[21.38392211,63.29546401],[21.38445483,63.29550762],[21.38499881,63.29552692],[21.38554587,63.29551559],[21.38608504,63.29546887],[21.38661979,63.29539341],[21.38714981,63.29529697],[21.38767469,63.29518526],[21.38771036,63.2951768],[21.3881937,63.29506227],[21.38870562,63.29493062],[21.38920852,63.29479178],[21.38969954,63.29464616],[21.39017454,63.2944932],[21.39062781,63.29433141],[21.39105156,63.29415821],[21.39143545,63.2939699],[21.39176519,63.29376744],[21.39205665,63.29355057],[21.39231999,63.2933231],[21.39256302,63.29308792],[21.39279172,63.29284724],[21.39322327,63.29235563],[21.39406205,63.29136286],[21.39428018,63.29111953],[21.39450704,63.2908817],[21.39474642,63.29065226],[21.3950032,63.29043515],[21.39528372,63.29023575],[21.39559615,63.29006122],[21.39595093,63.28992111],[21.39633259,63.28982814],[21.396746,63.28977103],[21.3971748,63.28974639],[21.39760337,63.28975346],[21.39801591,63.28979414],[21.39839545,63.28987305],[21.39874906,63.29000353],[21.39905517,63.29017218],[21.39932191,63.29036829],[21.3995539,63.29058378],[21.39975229,63.29081259],[21.39991474,63.29105021],[21.40003525,63.29129328],[21.40010371,63.29153927],[21.40010532,63.29178624],[21.40003137,63.29202556],[21.39989651,63.2922642],[21.39971723,63.29250213],[21.39950657,63.2927394],[21.39927492,63.29297601],[21.39853554,63.29368111],[21.39829895,63.2939136],[21.39808087,63.29414376],[21.39789176,63.29437042],[21.39774479,63.29459189],[21.39765682,63.29480577],[21.39764953,63.29500874],[21.39772756,63.29517804],[21.39787708,63.29533175],[21.3980867,63.29546548],[21.39834891,63.29557342],[21.39865973,63.29564802],[21.3990597,63.29568499],[21.39950211,63.29568125],[21.39997342,63.29564642],[21.4001545,63.29562461],[21.40046287,63.29558746],[21.40096169,63.29550907],[21.4014624,63.29541401],[21.40195816,63.29530332],[21.40244229,63.29517644],[21.40292287,63.29502841],[21.40338811,63.29486643],[21.40352615,63.29481411],[21.40384167,63.29469451],[21.40428648,63.29451564],[21.4047249,63.294332],[21.40558972,63.29395635],[21.40730673,63.29319842],[21.4081755,63.29283116],[21.40861635,63.29265581],[21.40906343,63.29248962],[21.40951847,63.2923366],[21.40998351,63.2922022],[21.41046084,63.29209367],[21.41091326,63.29202225],[21.41136708,63.29197683],[21.41181039,63.2919551],[21.41222998,63.29195672],[21.4126105,63.29198333],[21.4129335,63.29203865],[21.41317649,63.29212864],[21.41332909,63.29226948],[21.4133888,63.29244726],[21.41338058,63.29265197],[21.41332378,63.29287605],[21.41323343,63.29311388],[21.4131213,63.29336134],[21.41274314,63.29413557],[21.41262876,63.294399],[21.41253353,63.29466345],[21.4124673,63.2949282],[21.41243832,63.29519946],[21.41244597,63.29546847],[21.41248684,63.29573304],[21.41256075,63.29599032],[21.41267096,63.2962365],[21.41282446,63.29646637],[21.4130325,63.29667292],[21.41331127,63.29684674],[21.41362994,63.29696673],[21.41400148,63.29705675],[21.41432873,63.29710795],[21.41440846,63.29712042],[21.41483561,63.29715928],[21.4152689,63.29717278],[21.41569461,63.29715825],[21.41609839,63.2971107],[21.41649666,63.29701703],[21.41684713,63.2968873],[21.41714263,63.29673025],[21.41737119,63.29655215],[21.417515,63.29635716],[21.41755984,63.2961658],[21.41753937,63.29596539],[21.4174772,63.29575824],[21.41731352,63.29532966],[21.41725478,63.29510995],[21.41723932,63.29487052],[21.41728082,63.2946305],[21.41741261,63.29435846],[21.417639,63.29405535],[21.41793377,63.29373541],[21.41827035,63.29341276],[21.41862261,63.2931014],[21.41868448,63.29304973],[21.41896514,63.29281536],[21.41927318,63.29256874]]],[[[21.37770895,63.27898313],[21.37818919,63.27898916],[21.37868676,63.27902199],[21.37919608,63.27907505],[21.37971276,63.27914356],[21.38023327,63.27922414],[21.3807546,63.27931459],[21.38127404,63.27941372],[21.38178886,63.27952116],[21.38229617,63.27963728],[21.38282391,63.27977018],[21.38484927,63.28032759],[21.38533657,63.28045201],[21.38581423,63.28055942],[21.38627949,63.28064165],[21.38672826,63.28068811],[21.38715485,63.28068496],[21.38754548,63.28062311],[21.3879144,63.28051322],[21.38826647,63.28036788],[21.38860504,63.28019657],[21.38893209,63.28000632],[21.38924839,63.27980216],[21.38955362,63.27958756],[21.38984634,63.27936472],[21.39011234,63.27914619],[21.39036845,63.27892335],[21.39183624,63.27756197],[21.39234794,63.27711682],[21.39261913,63.27689918],[21.39290574,63.27668631],[21.39322584,63.27646945],[21.39356272,63.27625767],[21.39391187,63.2760496],[21.39426985,63.27584418],[21.39500255,63.27543829],[21.3968727,63.27443441],[21.39762713,63.27403555],[21.39838891,63.27364176],[21.39916804,63.27326044],[21.39956976,63.27307859],[21.39998427,63.27290607],[21.40041659,63.27274659],[21.40087328,63.27260504],[21.40136378,63.27248447],[21.40187901,63.27238227],[21.40241229,63.27229364],[21.40295849,63.27221511],[21.40351377,63.27214427],[21.40407523,63.27207963],[21.40464069,63.27202056],[21.40520852,63.27196718],[21.40577746,63.27192043],[21.40634644,63.2718821],[21.40691455,63.27185498],[21.4074809,63.27184302],[21.4080445,63.27185155],[21.40859779,63.27188439],[21.40914836,63.27193722],[21.40969705,63.27200476],[21.41024455,63.27208296],[21.4113381,63.27225984],[21.4135282,63.27264508],[21.41462543,63.27283173],[21.41517326,63.27291783],[21.41571918,63.27299567],[21.41609671,63.27304154],[21.41626139,63.27306155],[21.41679729,63.27311054],[21.4173231,63.27313612],[21.41777446,63.27313415],[21.41820704,63.27310999],[21.41861235,63.27306486],[21.41897979,63.27299852],[21.41929605,63.2729092],[21.41954448,63.27279356],[21.41972775,63.27262901],[21.41982729,63.2724351],[21.41986522,63.27221982],[21.41985844,63.27198921],[21.41981979,63.27174777],[21.41975886,63.27149884],[21.41968283,63.27124483],[21.41959991,63.27100879],[21.41912834,63.26966649],[21.41887116,63.26886203],[21.41873403,63.26833451],[21.41868584,63.26807624],[21.41865939,63.26782384],[21.41866386,63.26757975],[21.41871173,63.26734731],[21.41881974,63.26713096],[21.41900999,63.26693659],[21.41929914,63.26676949],[21.41966986,63.26662418],[21.42010007,63.26649477],[21.42057291,63.26637677],[21.42107557,63.26626673],[21.42159833,63.26616201],[21.42376031,63.26575931],[21.42429331,63.26565473],[21.42481306,63.26554499],[21.42531286,63.26542754],[21.42578419,63.2652991],[21.42620168,63.26516017],[21.42621605,63.26515538],[21.4265942,63.26499082],[21.42689358,63.26481068],[21.4271447,63.26461163],[21.42736122,63.26439882],[21.42755422,63.26417635],[21.42826075,63.26324814],[21.42845873,63.26301798],[21.42847047,63.26300612],[21.42868153,63.2627929],[21.42893985,63.26257148],[21.42922554,63.262356],[21.42953173,63.26214503],[21.42985301,63.26193743],[21.4301852,63.26173228],[21.43086985,63.26132663],[21.43226118,63.26051992],[21.4329393,63.26011141],[21.43326637,63.25990371],[21.43358123,63.2596925],[21.43388928,63.25947103],[21.43418441,63.25924583],[21.43474883,63.25878801],[21.43556141,63.25809152],[21.43928022,63.25481829],[21.44032794,63.25387993],[21.44082756,63.25340687],[21.44106418,63.25316836],[21.44128728,63.25292789],[21.44149193,63.25268477],[21.44167169,63.25243817],[21.44182493,63.25218135],[21.44195352,63.2519213],[21.44206581,63.25165939],[21.44237411,63.25087605],[21.44248991,63.25062107],[21.4426254,63.25037279],[21.44279108,63.25013431],[21.44300032,63.24990975],[21.44327025,63.24970444],[21.4436018,63.24952853],[21.44399092,63.2493708],[21.44442232,63.24922639],[21.4448841,63.24909155],[21.44536693,63.24896335],[21.44586336,63.24883948],[21.44737482,63.24847596],[21.44786725,63.24835207],[21.44834311,63.24822382],[21.44879373,63.24808887],[21.449208,63.24794425],[21.44957153,63.24778613],[21.44986576,63.24760958],[21.45007784,63.24740809],[21.45021908,63.24718775],[21.4503085,63.24695359],[21.45036063,63.24670945],[21.45038636,63.24645822],[21.45039377,63.24620206],[21.45038873,63.24594253],[21.45033447,63.24515372],[21.45022026,63.24409702],[21.45013698,63.24357137],[21.45008094,63.24331005],[21.45000973,63.24305018],[21.44991744,63.24279222],[21.44979894,63.24253583],[21.44965915,63.24228132],[21.4495039,63.24202821],[21.44933762,63.2417761],[21.4489843,63.24127385],[21.44842963,63.24052294],[21.44767575,63.23952359],[21.44710078,63.23877595],[21.44670482,63.23827994],[21.44628688,63.23778807],[21.44606438,63.2375447],[21.4456264,63.23710208],[21.44471812,63.23622475],[21.44450207,63.2360043],[21.44429796,63.23578233],[21.44411096,63.23555817],[21.44394749,63.23533098],[21.44380182,63.23507905],[21.4436843,63.23482353],[21.44358786,63.23456541],[21.44350741,63.23430546],[21.44343959,63.23404426],[21.44333582,63.23351997],[21.44330031,63.23325762],[21.44327835,63.23299557],[21.44327391,63.23273418],[21.44329276,63.23247384],[21.44334291,63.23221503],[21.44342971,63.23196099],[21.44354688,63.23170851],[21.44368628,63.23145717],[21.4438417,63.23120667],[21.44418294,63.23070732],[21.44423243,63.23063921],[21.44526825,63.22921381],[21.44559541,63.22871556],[21.44573832,63.22846602],[21.44585969,63.22821604],[21.44595129,63.22796546],[21.44600238,63.22771404],[21.44600445,63.22746413],[21.4459667,63.2272134],[21.44589963,63.22696207],[21.44581127,63.2267103],[21.44559328,63.2262059],[21.44521418,63.22544817],[21.44496749,63.22498313],[21.44499637,63.22476996],[21.44358413,63.22229148],[21.44318411,63.22158936],[21.44331332,63.22147536],[21.44329648,63.22139338],[21.4432763,63.22113361],[21.44328683,63.22087435],[21.44332507,63.22061639],[21.4433908,63.22036073],[21.44348669,63.22010859],[21.44361844,63.21986155],[21.44379515,63.21962162],[21.44402491,63.21938995],[21.44429735,63.2191655],[21.44460065,63.21894632],[21.44492588,63.21873092],[21.44526641,63.2185182],[21.44561734,63.21830733],[21.44633739,63.2178889],[21.45402364,63.21352398],[21.45510424,63.21289727],[21.45579098,63.21247358],[21.45611309,63.21225807],[21.45641267,63.2120387],[21.45668073,63.21181397],[21.45690541,63.21158186],[21.45707662,63.21134148],[21.45720423,63.21109376],[21.45729955,63.21084067],[21.45737088,63.21058371],[21.45742408,63.210324],[21.45746295,63.21006239],[21.45750447,63.20953569],[21.4575067,63.20927137],[21.45749388,63.20900675],[21.45746414,63.20874335],[21.45736861,63.20821611],[21.45718216,63.20742354],[21.45677756,63.20583422],[21.45662984,63.20531206],[21.45654646,63.20505682],[21.45645182,63.20480839],[21.45634037,63.20457007],[21.45620456,63.20434637],[21.4560342,63.20414339],[21.45581575,63.20396924],[21.45553142,63.2038346],[21.45516881,63.20374845],[21.45474086,63.20370156],[21.45426513,63.20368347],[21.45375503,63.20368629],[21.45322073,63.20370416],[21.45266986,63.20373291],[21.45210818,63.20376968],[21.45096878,63.20386109],[21.45039721,63.20391485],[21.44982775,63.20397473],[21.44926279,63.20404226],[21.4487049,63.20411981],[21.44817276,63.20420653],[21.44764822,63.20430269],[21.44712996,63.204406],[21.44661719,63.20451482],[21.44560758,63.20474529],[21.44462397,63.20499128],[21.44414633,63.20512111],[21.44368224,63.20525693],[21.44323625,63.20540038],[21.44281435,63.20555369],[21.44242432,63.2057197],[21.44209021,63.20588962],[21.44177971,63.20606769],[21.4411813,63.20642396],[21.44087043,63.20658942],[21.44053603,63.20673673],[21.4401776,63.20685673],[21.43979478,63.20695234],[21.439397,63.20702324],[21.43899302,63.20706736],[21.43859126,63.20708065],[21.43820024,63.20705697],[21.43777629,63.20697939],[21.43737175,63.20685842],[21.43698169,63.20670606],[21.43660228,63.20653137],[21.43623058,63.20634108],[21.4358644,63.20614014],[21.43514249,63.20571952],[21.43297553,63.20439634],[21.4312311,63.20333105],[21.43015896,63.20268267],[21.42943461,63.20225281],[21.42936275,63.20221171],[21.42869283,63.2018286],[21.42831071,63.20162078],[21.42791731,63.20141776],[21.4275087,63.20122167],[21.42708573,63.20103615],[21.42664864,63.20085862],[21.42620225,63.20068833],[21.42575077,63.20052548],[21.42529817,63.20037132],[21.42484845,63.20022834],[21.42440606,63.20010049],[21.42397628,63.19999353],[21.42356566,63.19991556],[21.4231825,63.1998775],[21.42283745,63.19989386],[21.42259303,63.19996138],[21.42254014,63.19997599],[21.42236397,63.20006856],[21.42228104,63.20011213],[21.42205,63.20028782],[21.42183923,63.20049205],[21.42164282,63.20071653],[21.42145625,63.20095506],[21.42127601,63.20120301],[21.42056689,63.20222821],[21.42038035,63.20248106],[21.42018397,63.20272755],[21.4199732,63.20296421],[21.41974205,63.20318654],[21.4194826,63.2033885],[21.4191845,63.20356213],[21.41883431,63.2036969],[21.41843465,63.2037822],[21.41798795,63.20382966],[21.41750936,63.20384794],[21.41701189,63.20384313],[21.41650727,63.20381908],[21.4160069,63.20377761],[21.4155227,63.20371862],[21.41506809,63.20364014],[21.41503318,63.20363144],[21.41465895,63.20353819],[21.41431473,63.20340665],[21.41405909,63.20324682],[21.41386759,63.20306046],[21.41372592,63.20285461],[21.41362354,63.20263468],[21.41355323,63.20240485],[21.41351061,63.2021683],[21.41349388,63.20192745],[21.41350366,63.20168416],[21.41354287,63.20143991],[21.41361512,63.20119248],[21.41371322,63.20094553],[21.41382937,63.2006992],[21.41436304,63.19972084],[21.41460819,63.19923591],[21.4147086,63.19899463],[21.41478569,63.19875429],[21.41483114,63.19851508],[21.41483458,63.19827727],[21.41479171,63.19805189],[21.41471431,63.19782779],[21.4146614,63.19771304],[21.41440687,63.19716111],[21.41432078,63.19694047],[21.41426492,63.19672067],[21.41425491,63.19650187],[21.41430765,63.19627114],[21.41441542,63.19604172],[21.41456485,63.19581365],[21.41474569,63.19558715],[21.41495026,63.19536259],[21.41517295,63.19514057],[21.41540982,63.1949219],[21.41565829,63.19470773],[21.41591685,63.19449956],[21.41618487,63.19429934],[21.4164624,63.19410954],[21.41675002,63.1939333],[21.41719721,63.19368334],[21.41739603,63.19355367],[21.41760041,63.19337338],[21.41776091,63.19317575],[21.4178881,63.19296476],[21.41799023,63.19274357],[21.41807366,63.19251465],[21.41814314,63.19227994],[21.41825282,63.19179876],[21.41833373,63.19130835],[21.41836569,63.19104571],[21.41840434,63.19052009],[21.41840727,63.19025869],[21.41839418,63.1899996],[21.4183588,63.18974423],[21.41829241,63.18949447],[21.41818314,63.18925286],[21.41801528,63.18902279],[21.4177784,63.18880967],[21.41748109,63.18861053],[21.41713557,63.18842494],[21.41674997,63.18825386],[21.41670087,63.1882359],[21.4163288,63.18809975],[21.41587337,63.18796672],[21.4154186,63.1878652],[21.41494196,63.18778334],[21.41445124,63.18771882],[21.41395316,63.18767082],[21.41345395,63.18764002],[21.41295973,63.18762865],[21.41247705,63.18764061],[21.41201332,63.18768165],[21.41156299,63.18775915],[21.41114091,63.18786633],[21.41074823,63.18799604],[21.41038877,63.18814297],[21.41008755,63.18829422],[21.4100693,63.18830339],[21.40980011,63.18847491],[21.4095956,63.18865628],[21.40947509,63.18884729],[21.40945393,63.18904929],[21.4095147,63.18925892],[21.40963437,63.1894741],[21.40979433,63.18969333],[21.41037214,63.19036744],[21.41055665,63.19059684],[21.41071715,63.19082896],[21.41084008,63.1910645],[21.41091609,63.19130958],[21.41094976,63.19155806],[21.41095174,63.19180901],[21.41093028,63.19206176],[21.41089169,63.19231575],[21.41084063,63.19257059],[21.41071328,63.19308137],[21.41056202,63.19359116],[21.41047748,63.19384444],[21.41028193,63.19434365],[21.41016375,63.19458697],[21.41002447,63.19482355],[21.40985585,63.19505062],[21.40964692,63.19526453],[21.4093833,63.19546051],[21.40904694,63.19563758],[21.40865408,63.19579588],[21.40821962,63.19594011],[21.40775488,63.19607361],[21.40726832,63.19619861],[21.40676607,63.19631626],[21.40625249,63.19642679],[21.40573054,63.19652944],[21.40520203,63.19662242],[21.4046679,63.19670277],[21.40412833,63.19676618],[21.40358291,63.19680671],[21.40306325,63.19681932],[21.40253999,63.19681066],[21.40201536,63.19678512],[21.40149159,63.19674574],[21.40097108,63.19669423],[21.40045656,63.19663116],[21.39995135,63.19655597],[21.39945961,63.19646692],[21.39898658,63.19636108],[21.39853194,63.19623455],[21.39809802,63.19609184],[21.39768127,63.19593698],[21.39727979,63.19577292],[21.39689325,63.19560174],[21.39652297,63.19542478],[21.39617207,63.1952427],[21.39584576,63.19505559],[21.39555162,63.19486298],[21.39530015,63.19466384],[21.39510536,63.19445657],[21.39497807,63.19423642],[21.39491543,63.1940093],[21.39490956,63.19377846],[21.394957,63.19354675],[21.39505838,63.19331689],[21.39519576,63.19311296],[21.3953632,63.19291123],[21.39572612,63.19250867],[21.39589185,63.19230495],[21.39602654,63.19209756],[21.39612639,63.19185659],[21.39617441,63.19161103],[21.39617709,63.19136305],[21.39613737,63.19111479],[21.39605458,63.19086857],[21.39592438,63.19062705],[21.39575727,63.1904094],[21.39555233,63.1901988],[21.39531691,63.18999616],[21.39505601,63.18980322],[21.39477253,63.18962267],[21.39446749,63.18945842],[21.39414017,63.18931576],[21.39378814,63.18920179],[21.3934408,63.18912845],[21.39308027,63.18908673],[21.39271707,63.18907797],[21.39236144,63.18910549],[21.39195259,63.18918998],[21.3915641,63.18931915],[21.39119123,63.18948064],[21.39083021,63.18966513],[21.39047806,63.18986574],[21.39013249,63.19007744],[21.38945431,63.19052059],[21.38778336,63.19166305],[21.38710421,63.19211237],[21.38675661,63.19233056],[21.38640038,63.1925415],[21.38603203,63.19274193],[21.38564696,63.19292734],[21.38523915,63.1930916],[21.38480087,63.19322653],[21.38437034,63.19331755],[21.38391761,63.19338118],[21.38345278,63.19342126],[21.38298535,63.19343965],[21.38252484,63.19343638],[21.38208137,63.19340955],[21.38166631,63.19335528],[21.38129289,63.19326751],[21.38094422,63.19312792],[21.38064683,63.1929515],[21.38038723,63.19274842],[21.3801551,63.19252633],[21.37994266,63.19229091],[21.37974412,63.19204632],[21.3795552,63.19179554],[21.37919471,63.19128321],[21.37814757,63.18972217],[21.37778476,63.18920547],[21.37759481,63.18895053],[21.37739574,63.18869968],[21.37718379,63.18845503],[21.37695389,63.18821958],[21.37669927,63.18799748],[21.37641103,63.18779443],[21.37607762,63.18761807],[21.37572529,63.18748633],[21.37533903,63.18738169],[21.37493325,63.18730258],[21.37452118,63.18724951],[21.37411575,63.18722523],[21.37373027,63.18723485],[21.37352641,63.18726463],[21.37337929,63.18728612],[21.37305757,63.18739244],[21.37277915,63.18754231],[21.3725331,63.18772403],[21.37231094,63.18792867],[21.37210625,63.18814951],[21.37191429,63.18838154],[21.37155613,63.18886555],[21.37138644,63.18911296],[21.37106399,63.18961168],[21.3707722,63.19011071],[21.37064475,63.19035924],[21.37053593,63.19060676],[21.37045267,63.19085303],[21.37040408,63.19109784],[21.37040208,63.19133065],[21.37040199,63.19134093],[21.37045117,63.19157099],[21.37053693,63.19180018],[21.3707513,63.19225977],[21.37084893,63.19249225],[21.37092395,63.19273063],[21.37097703,63.19297163],[21.37101286,63.19321461],[21.37103508,63.19345906],[21.37104892,63.19395086],[21.37103139,63.19444484],[21.37101188,63.1946922],[21.37094776,63.19518702],[21.37089964,63.19543423],[21.37083247,63.19570269],[21.37075266,63.19597093],[21.37056771,63.19650717],[21.36994709,63.19810799],[21.36976869,63.19862513],[21.36970037,63.19887421],[21.36965525,63.19911293],[21.36964349,63.19933686],[21.36967881,63.19954002],[21.36977951,63.19971448],[21.36996961,63.19984988],[21.3702586,63.19993651],[21.37062918,63.19998859],[21.37105485,63.20001884],[21.37198582,63.20005738],[21.37245399,63.20008618],[21.37290023,63.20013571],[21.3733055,63.2002184],[21.37364964,63.20034173],[21.37394766,63.20050008],[21.37421089,63.20068454],[21.37444808,63.20088825],[21.37466582,63.20110596],[21.37486894,63.20133374],[21.3750608,63.20156868],[21.37541802,63.20205231],[21.37574161,63.20254682],[21.37588769,63.20279687],[21.37613373,63.20328254],[21.37634328,63.2037711],[21.37643579,63.20401581],[21.37659143,63.20450545],[21.3766497,63.20475027],[21.37668977,63.20499507],[21.37670607,63.20523987],[21.37669346,63.20549349],[21.37665736,63.20574716],[21.37660587,63.2060009],[21.37642461,63.20676317],[21.37637516,63.2070179],[21.37634165,63.20727314],[21.37632913,63.20753181],[21.37633494,63.20779108],[21.37638496,63.20831116],[21.37646683,63.20883295],[21.37671168,63.21013966],[21.37678298,63.21065648],[21.37679874,63.21091044],[21.37679252,63.21115924],[21.37675491,63.21140047],[21.37667336,63.21163082],[21.37653134,63.21184586],[21.37632358,63.21203311],[21.37604874,63.21219797],[21.3757813,63.21230693],[21.37571036,63.21233583],[21.37538829,63.21242541],[21.3750324,63.21249726],[21.3746502,63.2125551],[21.37424771,63.21260195],[21.37372584,63.2126485],[21.37355809,63.21266005],[21.37398597,63.21289935],[21.35648605,63.2129933],[21.34085693,63.22495341],[21.33849978,63.22578578],[21.31909263,63.24729641],[21.31531474,63.25656754],[21.31968696,63.25861216],[21.31984282,63.25864901],[21.32188502,63.25916131],[21.32950315,63.261113],[21.33463024,63.26240067],[21.33564723,63.26266107],[21.33663531,63.26292921],[21.33710783,63.26306888],[21.33755685,63.26321457],[21.33797238,63.26336875],[21.33834101,63.26353471],[21.33864506,63.26371676],[21.33884994,63.26389792],[21.33899158,63.26409213],[21.33907399,63.26429563],[21.33909729,63.26450535],[21.33906212,63.26472083],[21.33898535,63.26493947],[21.33878371,63.26538566],[21.33869416,63.26561364],[21.33862744,63.26586642],[21.33859162,63.26612224],[21.33858261,63.26637967],[21.33859837,63.26663732],[21.33863908,63.2668938],[21.33870724,63.26714754],[21.33880804,63.26739664],[21.33894969,63.26763874],[21.33914397,63.26787084],[21.33939745,63.26808813],[21.33970085,63.26829503],[21.34004083,63.2684938],[21.34040719,63.26868584],[21.34079225,63.26887174],[21.34119026,63.26905121],[21.341597,63.2692231],[21.34200936,63.26938517],[21.34242514,63.26953396],[21.3428427,63.26966445],[21.34326089,63.26976973],[21.34367888,63.26984048],[21.34409604,63.26986447],[21.34451781,63.26983099],[21.34493829,63.2697497],[21.34535763,63.26963344],[21.34577601,63.26949203],[21.34619367,63.26933294],[21.34661092,63.26916184],[21.34702817,63.26898308],[21.34828625,63.26843277],[21.34871111,63.26825377],[21.34914138,63.26808184],[21.34957951,63.26792068],[21.35002876,63.26777501],[21.35049348,63.26765091],[21.35097928,63.26755625],[21.35149391,63.2674971],[21.35202992,63.26746768],[21.35258161,63.26745999],[21.35314458,63.26746799],[21.35371543,63.26748716],[21.35429143,63.26751426],[21.35487035,63.26754704],[21.3560287,63.26762474],[21.35660376,63.2676689],[21.35717246,63.26771718],[21.35773115,63.26777088],[21.35827498,63.26783207],[21.35879751,63.26790377],[21.35929015,63.26799019],[21.3597416,63.26809694],[21.36013709,63.26823145],[21.36045515,63.26839356],[21.36072173,63.26858123],[21.36095189,63.26878693],[21.36115795,63.26900452],[21.36173129,63.26967899],[21.36193809,63.2698959],[21.36214681,63.27008076],[21.36216932,63.2701007],[21.36243727,63.27028733],[21.36275689,63.27044848],[21.36313053,63.2705757],[21.36355494,63.27067805],[21.36401732,63.27076202],[21.3644925,63.27083061],[21.36450756,63.27083279],[21.3650177,63.27089455],[21.36714548,63.27111555],[21.36767719,63.2711787],[21.36820023,63.27125139],[21.36871468,63.27133742],[21.3692137,63.27143565],[21.36969455,63.27154527],[21.37015275,63.27166649],[21.37058176,63.27180049],[21.37097246,63.27194958],[21.37131263,63.27211729],[21.37160433,63.27231596],[21.37184174,63.2725337],[21.3720391,63.27276525],[21.37220689,63.27300665],[21.37235247,63.27325488],[21.37248058,63.2735077],[21.37259365,63.27376342],[21.37269199,63.27402073],[21.37277383,63.27427861],[21.37283522,63.27453622],[21.37286973,63.27479275],[21.37286808,63.27504741],[21.37281763,63.27529929],[21.37270647,63.27555052],[21.37254578,63.27579884],[21.37234898,63.27604504],[21.37212615,63.27628974],[21.37188484,63.27653343],[21.37136758,63.27701915],[21.37028192,63.27798901],[21.3697517,63.27847301],[21.36950083,63.27871386],[21.3692667,63.27895306],[21.36905734,63.27918958],[21.36888377,63.27942193],[21.36876093,63.279648],[21.36870884,63.27986492],[21.36875396,63.28006875],[21.36891192,63.28024914],[21.36916949,63.28041031],[21.36951072,63.28054854],[21.36991457,63.28065869],[21.37036972,63.28074817],[21.37086022,63.28082204],[21.37137322,63.28088397],[21.37189794,63.28093639],[21.37242481,63.28098068],[21.37294456,63.28101722],[21.37344741,63.28104541],[21.37392228,63.28106364],[21.3743558,63.28106915],[21.37473142,63.28105793],[21.37502833,63.2810244],[21.37522028,63.28096119],[21.37528866,63.28086438],[21.37526878,63.28073933],[21.37512016,63.28043395],[21.37506401,63.28026496],[21.37506913,63.28009119],[21.37515996,63.27992265],[21.37532564,63.27975617],[21.37555052,63.27959475],[21.37582268,63.27944179],[21.3761335,63.27930137],[21.37647726,63.27917853],[21.37685078,63.2790796],[21.37725328,63.27901255],[21.37770895,63.27898313]]]]}},{"type":"Feature","id":"66400","properties":{"code":"66400","name_fi":"Laihia Keskus","name_sv":"Laihela centrum","statistics_year":2024,"population":5826,"employed":2587,"unemployed":181,"students":392,"average_income":4538,"employed_share":44.404394095434256,"unemployed_share":3.106762787504291,"student_share":6.728458633710951},"geometry":{"type":"MultiPolygon","coordinates":[[[[21.9072473,62.90368708],[21.90820483,62.91473929],[21.91216744,62.93527022],[21.91060415,62.93868484],[21.90748863,62.94128071],[21.90644558,62.9426268],[21.89697946,62.95475195],[21.8960303,62.96853833],[21.89742951,62.9723279],[21.90135187,62.97362041],[21.90608203,62.97551862],[21.90916057,62.97931459],[21.90918916,62.97935696],[21.91791483,62.98335082],[21.92399161,62.98626053],[21.93065151,62.98818647],[21.94144745,62.99173771],[21.94250092,62.99337548],[21.94261592,62.99595669],[21.94175958,62.99619407],[21.93687174,62.99695239],[21.93619738,62.99700809],[21.93064237,62.99620407],[21.92653411,62.9951976],[21.92521302,62.9963083],[21.92519931,62.99633006],[21.92518218,62.99644152],[21.92056242,62.99601019],[21.92008213,62.99617203],[21.92006839,62.9975743],[21.91965065,62.99871742],[21.91736227,63.00324467],[21.919034,63.00721577],[21.91935597,63.00751993],[21.9215206,63.01874292],[21.94879886,63.02870561],[22.04728204,63.01055653],[22.04291857,63.00411826],[22.04341097,63.00373056],[22.04526789,63.00226837],[22.04933179,62.99906771],[22.0493348,62.99904331],[22.05156665,62.99786958],[22.0519009,62.99763447],[22.05018581,62.99269514],[22.04949989,62.99230957],[22.04898766,62.99202163],[22.04882105,62.99200495],[22.04282027,62.99166795],[22.04231314,62.99167638],[22.04038063,62.99200089],[22.03992656,62.99213164],[22.0340152,62.98971172],[22.03827987,62.98604124],[22.03970783,62.98630806],[22.04298898,62.98518969],[22.0436646,62.98521454],[22.04581226,62.98477697],[22.04737203,62.98491432],[22.04769544,62.98428233],[22.04813237,62.98397098],[22.04992925,62.98344746],[22.05016554,62.98320793],[22.04973433,62.98305942],[22.04900486,62.98262169],[22.04887768,62.98229416],[22.04907717,62.98199892],[22.04935929,62.98198075],[22.04982793,62.98203731],[22.05031549,62.98225089],[22.0508107,62.98302386],[22.05227702,62.98293702],[22.05237983,62.98290806],[22.05360847,62.98271577],[22.0536713,62.98269064],[22.05474943,62.98292589],[22.05647061,62.98387229],[22.06006204,62.98396511],[22.06090639,62.98384648],[22.06127609,62.98373877],[22.06167106,62.98320672],[22.06486549,62.98156362],[22.06465718,62.98152762],[22.05688533,62.97983212],[22.056227,62.97871848],[22.05625901,62.97862712],[22.07008952,62.97922118],[22.07568501,62.97730062],[22.08244001,62.97762035],[22.08289116,62.97774238],[22.08631528,62.97714953],[22.09070067,62.97571084],[22.09262858,62.97486114],[22.09621199,62.97154167],[22.10150124,62.9691381],[22.10436097,62.96879131],[22.10879339,62.96838507],[22.11329607,62.96648416],[22.1056797,62.96306867],[22.10287819,62.9582814],[22.09990896,62.95838661],[22.0929379,62.95692226],[22.0859023,62.95821619],[22.08481811,62.9583902],[22.08343029,62.96013131],[22.07778709,62.96325579],[22.07493949,62.96327944],[22.07265946,62.9582538],[22.06906094,62.95706546],[22.06888429,62.95708198],[22.06522801,62.95822384],[22.0648771,62.95809125],[22.06387515,62.95789068],[22.05598322,62.95692024],[22.05486243,62.95697776],[22.053784,62.95534427],[22.04516483,62.95432351],[22.04542626,62.95206022],[22.0459052,62.95188138],[22.04660433,62.95127554],[22.04787275,62.95060403],[22.04871999,62.94969883],[22.04876651,62.94951571],[22.04732889,62.94858708],[22.04727774,62.94800622],[22.04734349,62.94784781],[22.04749076,62.94760625],[22.04815826,62.94714247],[22.04786263,62.94614979],[22.04807564,62.94557815],[22.05072531,62.94508718],[22.05281268,62.94297954],[22.05261627,62.94273396],[22.05108531,62.94185825],[22.05032863,62.9418853],[22.04756774,62.94052677],[22.04732238,62.94025922],[22.04312161,62.93878971],[22.0428019,62.93848713],[22.04188561,62.93802467],[22.0413316,62.93747683],[22.03518316,62.93608217],[22.03478807,62.93612977],[22.02852452,62.93558876],[22.02571808,62.9358937],[22.01534695,62.93428972],[22.00340764,62.93671009],[21.99497817,62.93461897],[21.98407474,62.92551246],[21.96099658,62.91857883],[21.9072473,62.90368708]]]]}},{"type":"Feature","id":"66420","properties":{"code":"66420","name_fi":"Ruto","name_sv":"Ruto","statistics_year":2024,"population":299,"employed":145,"unemployed":9,"students":23,"average_income":249,"employed_share":48.49498327759198,"unemployed_share":3.0100334448160537,"student_share":7.6923076923076925},"geometry":{"type":"MultiPolygon","coordinates":[[[[21.86567732,62.90118673],[21.86332246,62.90201954],[21.84283183,62.91350446],[21.83463174,62.91778959],[21.8308978,62.91886636],[21.82366259,62.92061659],[21.82145766,62.92123541],[21.80367247,62.92772218],[21.80336915,62.92783276],[21.80334438,62.9278941],[21.80385451,62.9284853],[21.81649577,62.93945129],[21.81635426,62.93966577],[21.808396,62.95322594],[21.84109792,62.96723192],[21.85863701,62.96405066],[21.86051571,62.96719922],[21.86055619,62.96747317],[21.86056131,62.96750787],[21.85269083,62.97501798],[21.86840088,62.97991063],[21.88361359,62.99890604],[21.88126988,63.00167159],[21.88470124,63.00525005],[21.87731816,63.0206834],[21.88145458,63.02601859],[21.88919023,63.0295723],[21.89393578,63.0300229],[21.90017948,63.03007765],[21.90202279,63.03021665],[21.90225264,63.03030493],[21.90576906,63.03165536],[21.90500662,63.03270922],[21.90768861,63.03488038],[21.90735161,63.03812177],[21.90726686,63.03893678],[21.90156801,63.04260376],[21.90294693,63.04454922],[21.90630535,63.04527225],[21.91095108,63.04619472],[21.9153532,63.04706863],[21.91935295,63.0478625],[21.92449079,63.04610609],[21.92909232,63.04466302],[21.93104202,63.0442394],[21.94365456,63.0357848],[21.94621976,63.03501211],[21.94727843,63.03460803],[21.94770165,63.03296536],[21.94879886,63.02870561],[21.9215206,63.01874292],[21.91935597,63.00751993],[21.919034,63.00721577],[21.91736227,63.00324467],[21.91965065,62.99871742],[21.92006839,62.9975743],[21.92008213,62.99617203],[21.92056242,62.99601019],[21.92518218,62.99644152],[21.92519931,62.99633006],[21.92521302,62.9963083],[21.92653411,62.9951976],[21.93064237,62.99620407],[21.93619738,62.99700809],[21.93687174,62.99695239],[21.94175958,62.99619407],[21.94261592,62.99595669],[21.94250092,62.99337548],[21.94144745,62.99173771],[21.93065151,62.98818647],[21.92399161,62.98626053],[21.91791483,62.98335082],[21.90918916,62.97935696],[21.90916057,62.97931459],[21.90608203,62.97551862],[21.90135187,62.97362041],[21.89742951,62.9723279],[21.8960303,62.96853833],[21.89697946,62.95475195],[21.90644558,62.9426268],[21.90748863,62.94128071],[21.91060415,62.93868484],[21.91216744,62.93527022],[21.90820483,62.91473929],[21.9072473,62.90368708],[21.86567732,62.90118673]]]]}},{"type":"Feature","id":"66430","properties":{"code":"66430","name_fi":"Vedenoja","name_sv":"Vedenoja","statistics_year":2024,"population":167,"employed":67,"unemployed":8,"students":10,"average_income":121,"employed_share":40.119760479041915,"unemployed_share":4.790419161676647,"student_share":5.9880239520958085},"geometry":{"type":"MultiPolygon","coordinates":[[[[22.07568501,62.97730062],[22.07008952,62.97922118],[22.05625901,62.97862712],[22.056227,62.97871848],[22.05688533,62.97983212],[22.06465718,62.98152762],[22.06486549,62.98156362],[22.06167106,62.98320672],[22.06127609,62.98373877],[22.06090639,62.98384648],[22.06006204,62.98396511],[22.05647061,62.98387229],[22.05474943,62.98292589],[22.0536713,62.98269064],[22.05360847,62.98271577],[22.05237983,62.98290806],[22.05227702,62.98293702],[22.0508107,62.98302386],[22.05031549,62.98225089],[22.04982793,62.98203731],[22.04935929,62.98198075],[22.04907717,62.98199892],[22.04887768,62.98229416],[22.04900486,62.98262169],[22.04973433,62.98305942],[22.05016554,62.98320793],[22.04992925,62.98344746],[22.04813237,62.98397098],[22.04769544,62.98428233],[22.04737203,62.98491432],[22.04581226,62.98477697],[22.0436646,62.98521454],[22.04298898,62.98518969],[22.03970783,62.98630806],[22.03827987,62.98604124],[22.0340152,62.98971172],[22.03992656,62.99213164],[22.04038063,62.99200089],[22.04231314,62.99167638],[22.04282027,62.99166795],[22.04882105,62.99200495],[22.04898766,62.99202163],[22.04949989,62.99230957],[22.05018581,62.99269514],[22.0519009,62.99763447],[22.05156665,62.99786958],[22.0493348,62.99904331],[22.04933179,62.99906771],[22.04526789,63.00226837],[22.04341097,63.00373056],[22.04291857,63.00411826],[22.04728204,63.01055653],[22.06104516,63.01243934],[22.07153767,63.00770247],[22.0710453,63.0049417],[22.07086649,63.0046158],[22.07795885,62.99952604],[22.08221437,62.99779573],[22.08675627,62.99889549],[22.08725458,62.99918205],[22.09449252,62.99901411],[22.09581975,62.99799359],[22.09147925,62.9947625],[22.08990223,62.9942263],[22.08884447,62.9936485],[22.0902044,62.9916799],[22.09002598,62.98954803],[22.08284831,62.9853226],[22.08271511,62.98525499],[22.08413304,62.98135639],[22.08409047,62.98123253],[22.08289116,62.97774238],[22.08244001,62.97762035],[22.07568501,62.97730062]]]]}},{"type":"Feature","id":"66440","properties":{"code":"66440","name_fi":"Tervajoki","name_sv":"Tervajoki","statistics_year":2024,"population":1710,"employed":766,"unemployed":64,"students":116,"average_income":1400,"employed_share":44.7953216374269,"unemployed_share":3.7426900584795324,"student_share":6.783625730994151},"geometry":{"type":"MultiPolygon","coordinates":[[[[22.22733924,63.02604591],[22.22558628,63.01827657],[22.22657125,63.01742825],[22.22886631,63.01777832],[22.23838078,63.02187404],[22.24191099,63.02067895],[22.24221626,63.02041168],[22.2367065,63.01626622],[22.22877757,63.01407039],[22.22694389,63.01327759],[22.22649139,63.01324456],[22.22601617,63.01241745],[22.22216301,63.01057789],[22.21966112,63.01030424],[22.21931613,63.00892444],[22.2201695,63.00858037],[22.22168108,63.00840901],[22.22312452,63.00853272],[22.22368193,63.00844635],[22.22386569,63.00844562],[22.22519454,63.00868468],[22.22737906,63.00815926],[22.22746412,63.00813438],[22.2278671,63.00813548],[22.22977128,63.00790866],[22.22999482,63.00778826],[22.23061937,63.0078093],[22.23303854,63.00757079],[22.23356828,63.00729878],[22.23784635,63.00775771],[22.23914098,63.00852902],[22.24064202,63.00823279],[22.24244555,63.00770784],[22.24248018,63.00770083],[22.24359024,63.00763461],[22.2457249,63.00713149],[22.24719852,63.00698397],[22.2475308,63.00699833],[22.24957615,63.00586029],[22.24994588,63.00574031],[22.25274645,63.00574359],[22.25316598,63.0056579],[22.25480606,63.0056069],[22.25553276,63.00539671],[22.25588842,63.00532421],[22.25673054,63.00529105],[22.25818415,63.00271682],[22.26000427,63.00209207],[22.26151041,63.00252399],[22.26774209,63.00366896],[22.267886,63.00367211],[22.27194359,63.00304267],[22.27365721,63.00023503],[22.27366596,62.99996522],[22.27327017,62.99849551],[22.27332499,62.99829467],[22.2688633,62.99475041],[22.26247462,62.99329953],[22.25836009,62.98931896],[22.25913489,62.98852374],[22.25470988,62.98256988],[22.25341954,62.98192258],[22.24069717,62.9800924],[22.23397239,62.9695374],[22.20699717,62.95394893],[22.17483539,62.94855603],[22.14734474,62.95840633],[22.14667764,62.95909095],[22.14468282,62.96113795],[22.11898206,62.96593026],[22.11329607,62.96648416],[22.10879339,62.96838507],[22.10436097,62.96879131],[22.10150124,62.9691381],[22.09621199,62.97154167],[22.09262858,62.97486114],[22.09070067,62.97571084],[22.08631528,62.97714953],[22.08289116,62.97774238],[22.08409047,62.98123253],[22.08413304,62.98135639],[22.08271511,62.98525499],[22.08284831,62.9853226],[22.09002598,62.98954803],[22.0902044,62.9916799],[22.08884447,62.9936485],[22.08990223,62.9942263],[22.09147925,62.9947625],[22.09581975,62.99799359],[22.09449252,62.99901411],[22.08725458,62.99918205],[22.08675627,62.99889549],[22.08221437,62.99779573],[22.07795885,62.99952604],[22.07086649,63.0046158],[22.0710453,63.0049417],[22.07153767,63.00770247],[22.06104516,63.01243934],[22.06129025,63.01295865],[22.08889281,63.0239536],[22.09827562,63.02504304],[22.09836155,63.02503952],[22.10315498,63.02533362],[22.10970956,63.02677358],[22.11534774,63.02563425],[22.11772162,63.02582711],[22.11780859,63.0245211],[22.11796954,63.02420333],[22.11852005,63.02384368],[22.11857928,63.02280959],[22.11872341,63.02276769],[22.12009295,63.02191903],[22.11991312,63.02125315],[22.1199721,63.020864],[22.12072991,63.02017888],[22.1214527,63.01986974],[22.12191625,63.01867972],[22.12198048,63.01862246],[22.12316852,63.01817052],[22.12314129,63.01756758],[22.12377288,63.01626916],[22.12408478,63.01616236],[22.12472649,63.01489628],[22.12537539,63.0145142],[22.12673341,63.01403431],[22.12387272,63.01323478],[22.12379096,63.01315012],[22.12468337,63.01273575],[22.1250599,63.01266051],[22.12690634,63.0140045],[22.1271621,63.01398926],[22.12922308,63.01544706],[22.1324609,63.01583298],[22.13544697,63.01567799],[22.13496907,63.01909898],[22.13570777,63.02029156],[22.1430246,63.02215959],[22.14329861,63.02287274],[22.14330878,63.0228775],[22.15270131,63.02560638],[22.15705607,63.03289751],[22.15788171,63.03317082],[22.15846915,63.03329645],[22.163555,63.03587153],[22.16694074,63.03796885],[22.1694472,63.03900022],[22.16932035,63.03981362],[22.18171832,63.04849222],[22.18768037,63.05121853],[22.19228912,63.0540932],[22.1939253,63.05428856],[22.20305395,63.05884911],[22.20375191,63.06016147],[22.20872697,63.06208166],[22.21415421,63.06478999],[22.22199141,63.06668484],[22.22966749,63.0676426],[22.23105367,63.06799375],[22.23241944,63.06833971],[22.2354452,63.06848156],[22.23864624,63.06748762],[22.24298724,63.06361688],[22.24351741,63.06314406],[22.24837419,63.06074485],[22.25189751,63.06022742],[22.2528232,63.06006516],[22.26604968,63.05647789],[22.26101847,63.05369461],[22.24565128,63.04846284],[22.2390155,63.04598823],[22.22959546,63.03966935],[22.2257962,63.03851908],[22.22503085,63.03726549],[22.22514699,63.03669279],[22.22159736,63.02829225],[22.2228806,63.02654057],[22.22733924,63.02604591]]]]}},{"type":"Feature","id":"66450","properties":{"code":"66450","name_fi":"Jakkula","name_sv":"Jakkula","statistics_year":2024,"population":798,"employed":345,"unemployed":27,"students":44,"average_income":607,"employed_share":43.233082706766915,"unemployed_share":3.3834586466165413,"student_share":5.513784461152882},"geometry":{"type":"MultiPolygon","coordinates":[[[[22.14468282,62.96113795],[22.14667764,62.95909095],[22.14734474,62.95840633],[22.17483539,62.94855603],[22.17402148,62.94541284],[22.17410378,62.94529441],[22.17529254,62.9415274],[22.17535636,62.94132512],[22.18127391,62.93612259],[22.18399899,62.93593281],[22.18648525,62.93433098],[22.19101237,62.930667],[22.1911316,62.93064062],[22.19109766,62.93055868],[22.18061493,62.9052278],[22.17090256,62.90488354],[22.16145471,62.90574172],[22.14800294,62.90571864],[22.1406159,62.90805124],[22.13197524,62.90733474],[22.12067967,62.90511891],[22.09343643,62.90234442],[22.09150959,62.90237063],[22.0820021,62.90561808],[22.07800222,62.9091134],[22.07743704,62.90934823],[22.07694855,62.90936894],[22.07414346,62.91071828],[22.0715583,62.91101608],[22.07132018,62.91082698],[22.06769055,62.90953361],[22.06687742,62.9094363],[22.06622139,62.90923138],[22.06157488,62.91062111],[22.06142838,62.91064577],[22.060892,62.91217471],[22.06051894,62.91240787],[22.05689169,62.91328976],[22.05524157,62.91268788],[22.05519668,62.91267798],[22.04777945,62.91299632],[22.04768064,62.91299556],[22.02997804,62.91377458],[22.01368192,62.90026289],[21.99016448,62.85723672],[22.01911163,62.83090084],[22.03358431,62.82103095],[22.03562675,62.81460462],[21.93997518,62.81168789],[21.92405744,62.81721163],[21.89737308,62.81732584],[21.88661353,62.82233497],[21.88124197,62.82449093],[21.86383262,62.83826647],[21.85423965,62.8424729],[21.83440029,62.85244093],[21.8265272,62.85824337],[21.81799433,62.8643868],[21.83568268,62.88012184],[21.84403658,62.88460897],[21.85823322,62.89467844],[21.86567732,62.90118673],[21.9072473,62.90368708],[21.96099658,62.91857883],[21.98407474,62.92551246],[21.99497817,62.93461897],[22.00340764,62.93671009],[22.01534695,62.93428972],[22.02571808,62.9358937],[22.02852452,62.93558876],[22.03478807,62.93612977],[22.03518316,62.93608217],[22.0413316,62.93747683],[22.04188561,62.93802467],[22.0428019,62.93848713],[22.04312161,62.93878971],[22.04732238,62.94025922],[22.04756774,62.94052677],[22.05032863,62.9418853],[22.05108531,62.94185825],[22.05261627,62.94273396],[22.05281268,62.94297954],[22.05072531,62.94508718],[22.04807564,62.94557815],[22.04786263,62.94614979],[22.04815826,62.94714247],[22.04749076,62.94760625],[22.04734349,62.94784781],[22.04727774,62.94800622],[22.04732889,62.94858708],[22.04876651,62.94951571],[22.04871999,62.94969883],[22.04787275,62.95060403],[22.04660433,62.95127554],[22.0459052,62.95188138],[22.04542626,62.95206022],[22.04516483,62.95432351],[22.053784,62.95534427],[22.05486243,62.95697776],[22.05598322,62.95692024],[22.06387515,62.95789068],[22.0648771,62.95809125],[22.06522801,62.95822384],[22.06888429,62.95708198],[22.06906094,62.95706546],[22.07265946,62.9582538],[22.07493949,62.96327944],[22.07778709,62.96325579],[22.08343029,62.96013131],[22.08481811,62.9583902],[22.0859023,62.95821619],[22.0929379,62.95692226],[22.09990896,62.95838661],[22.10287819,62.9582814],[22.1056797,62.96306867],[22.11329607,62.96648416],[22.11898206,62.96593026],[22.14468282,62.96113795]]]]}},{"type":"Feature","id":"66500","properties":{"code":"66500","name_fi":"Vähäkyrö Keskus","name_sv":"Lillkyro centrum","statistics_year":2024,"population":2039,"employed":861,"unemployed":58,"students":133,"average_income":1671,"employed_share":42.22658165767533,"unemployed_share":2.8445316331535064,"student_share":6.5228052967140755},"geometry":{"type":"MultiPolygon","coordinates":[[[[22.06526467,63.13754472],[22.07248857,63.13548184],[22.07302612,63.13540014],[22.08288927,63.13390064],[22.08431927,63.13333397],[22.0900905,63.1310466],[22.09086513,63.13066625],[22.15867123,63.0973981],[22.1837025,63.08758112],[22.21085709,63.07966872],[22.21305816,63.07579438],[22.21310512,63.07571171],[22.22199141,63.06668484],[22.21415421,63.06478999],[22.20872697,63.06208166],[22.20375191,63.06016147],[22.20305395,63.05884911],[22.1939253,63.05428856],[22.19228912,63.0540932],[22.18768037,63.05121853],[22.18171832,63.04849222],[22.16932035,63.03981362],[22.1694472,63.03900022],[22.16694074,63.03796885],[22.163555,63.03587153],[22.15846915,63.03329645],[22.15788171,63.03317082],[22.15705607,63.03289751],[22.15270131,63.02560638],[22.14330878,63.0228775],[22.14329861,63.02287274],[22.1430246,63.02215959],[22.13570777,63.02029156],[22.13496907,63.01909898],[22.13544697,63.01567799],[22.1324609,63.01583298],[22.12922308,63.01544706],[22.1271621,63.01398926],[22.12690634,63.0140045],[22.1250599,63.01266051],[22.12468337,63.01273575],[22.12379096,63.01315012],[22.12387272,63.01323478],[22.12673341,63.01403431],[22.12537539,63.0145142],[22.12472649,63.01489628],[22.12408478,63.01616236],[22.12377288,63.01626916],[22.12314129,63.01756758],[22.12316852,63.01817052],[22.12198048,63.01862246],[22.12191625,63.01867972],[22.1214527,63.01986974],[22.12072991,63.02017888],[22.1199721,63.020864],[22.11991312,63.02125315],[22.12009295,63.02191903],[22.11872341,63.02276769],[22.11857928,63.02280959],[22.11852005,63.02384368],[22.11796954,63.02420333],[22.11780859,63.0245211],[22.11772162,63.02582711],[22.11534774,63.02563425],[22.10970956,63.02677358],[22.10315498,63.02533362],[22.09836155,63.02503952],[22.09827562,63.02504304],[22.08889281,63.0239536],[22.06129025,63.01295865],[22.06104516,63.01243934],[22.04728204,63.01055653],[21.94879886,63.02870561],[21.94770165,63.03296536],[21.94727843,63.03460803],[21.97426386,63.04260901],[21.97137985,63.04738283],[21.97124494,63.05358745],[21.97286827,63.05516659],[21.97357467,63.05541855],[21.97741582,63.05626904],[21.99995928,63.057067],[21.99981523,63.05749751],[21.99577356,63.06041598],[21.99495127,63.06647449],[21.9954653,63.0665671],[22.00061886,63.06670391],[22.00073173,63.06682487],[22.00223388,63.06793572],[22.00206946,63.06896552],[21.99999443,63.07106726],[21.99874126,63.0712204],[21.99526706,63.07614152],[21.99547406,63.07711721],[22.00921085,63.07927113],[22.01007856,63.07967015],[22.01392886,63.08287501],[22.01372257,63.08315129],[22.01564173,63.09078007],[22.0112203,63.10053511],[22.00918498,63.10150199],[22.02671816,63.11518055],[22.02714887,63.11589868],[22.02609129,63.11714497],[22.02336439,63.11930961],[22.01792804,63.12231031],[22.02748933,63.12828829],[22.03298162,63.13172085],[22.03786201,63.13477013],[22.03937568,63.13498443],[22.04112581,63.13570703],[22.04228564,63.13618587],[22.04443975,63.13614473],[22.05469366,63.13594848],[22.06195559,63.13748154],[22.06398541,63.13790996],[22.06526467,63.13754472]]]]}},{"type":"Feature","id":"66510","properties":{"code":"66510","name_fi":"Merikaarto","name_sv":"Merikaarto","statistics_year":2024,"population":1145,"employed":506,"unemployed":37,"students":77,"average_income":875,"employed_share":44.19213973799126,"unemployed_share":3.2314410480349345,"student_share":6.724890829694323},"geometry":{"type":"MultiPolygon","coordinates":[[[[21.94727843,63.03460803],[21.94621976,63.03501211],[21.94365456,63.0357848],[21.93104202,63.0442394],[21.92909232,63.04466302],[21.92449079,63.04610609],[21.91935295,63.0478625],[21.9153532,63.04706863],[21.91095108,63.04619472],[21.90630535,63.04527225],[21.90339007,63.05090101],[21.90213825,63.05331729],[21.90137502,63.05479027],[21.90965035,63.0565545],[21.91541257,63.05778254],[21.91504628,63.05790194],[21.9074483,63.06388611],[21.90620466,63.06486532],[21.90605255,63.06498509],[21.90410984,63.06651456],[21.90352204,63.06672032],[21.9046966,63.06784072],[21.90473398,63.06787637],[21.90468422,63.06870975],[21.90451703,63.07150922],[21.90497473,63.07156396],[21.90756747,63.07248464],[21.90828483,63.0731258],[21.9090779,63.07521937],[21.91134498,63.07609762],[21.91087125,63.07795218],[21.91158314,63.07904698],[21.91202391,63.07972478],[21.9136744,63.0822626],[21.9154568,63.08169298],[21.91564074,63.0816342],[21.91859765,63.08114609],[21.92682733,63.07978717],[21.92887072,63.0800315],[21.92977651,63.08189052],[21.93064943,63.08214342],[21.93424169,63.0829523],[21.93753728,63.08186411],[21.93783065,63.08189112],[21.93801214,63.08196599],[21.93862033,63.08221689],[21.93861023,63.0823298],[21.93848507,63.08372919],[21.93835129,63.0841261],[21.93822035,63.08427667],[21.93890554,63.08437783],[21.93978446,63.08455961],[21.94039602,63.08473948],[21.94094304,63.08495708],[21.94150827,63.08527086],[21.94154829,63.08530256],[21.94181051,63.08562916],[21.94218122,63.08675073],[21.94192812,63.0879814],[21.94227947,63.08851204],[21.94803124,63.08935933],[21.94856821,63.08938719],[21.94889384,63.08940952],[21.94995024,63.09027754],[21.95309778,63.09170803],[21.95492563,63.09459434],[21.9751769,63.10610911],[21.96440306,63.11246795],[21.95488514,63.12300819],[21.97857301,63.13108945],[21.99911068,63.1271635],[21.99918425,63.12714657],[22.00424685,63.12598125],[22.01792804,63.12231031],[22.02336439,63.11930961],[22.02609129,63.11714497],[22.02714887,63.11589868],[22.02671816,63.11518055],[22.00918498,63.10150199],[22.0112203,63.10053511],[22.01564173,63.09078007],[22.01372257,63.08315129],[22.01392886,63.08287501],[22.01007856,63.07967015],[22.00921085,63.07927113],[21.99547406,63.07711721],[21.99526706,63.07614152],[21.99874126,63.0712204],[21.99999443,63.07106726],[22.00206946,63.06896552],[22.00223388,63.06793572],[22.00073173,63.06682487],[22.00061886,63.06670391],[21.9954653,63.0665671],[21.99495127,63.06647449],[21.99577356,63.06041598],[21.99981523,63.05749751],[21.99995928,63.057067],[21.97741582,63.05626904],[21.97357467,63.05541855],[21.97286827,63.05516659],[21.97124494,63.05358745],[21.97137985,63.04738283],[21.97426386,63.04260901],[21.94727843,63.03460803]]]]}},{"type":"Feature","id":"66520","properties":{"code":"66520","name_fi":"Veikkaala","name_sv":"Veikars","statistics_year":2024,"population":516,"employed":239,"unemployed":14,"students":28,"average_income":417,"employed_share":46.31782945736434,"unemployed_share":2.7131782945736433,"student_share":5.426356589147287},"geometry":{"type":"MultiPolygon","coordinates":[[[[21.89773727,63.05411288],[21.89369466,63.05740021],[21.89096136,63.05855899],[21.89080743,63.05997926],[21.89839724,63.06151727],[21.89010738,63.06790003],[21.88978459,63.06799897],[21.88257941,63.06777194],[21.88146424,63.06720804],[21.87633682,63.06704136],[21.85861761,63.06516863],[21.84800222,63.06636628],[21.84201367,63.06600227],[21.83624743,63.07036408],[21.83564016,63.07084632],[21.83323816,63.07305398],[21.82916308,63.07747521],[21.83582364,63.09032821],[21.82112508,63.10112874],[21.81838315,63.10263665],[21.80588602,63.10832055],[21.80358805,63.10936534],[21.80225183,63.10975704],[21.80180753,63.11012867],[21.80329901,63.11268752],[21.8062887,63.1178154],[21.8074784,63.12534947],[21.82031636,63.13166755],[21.83791672,63.13522941],[21.84349293,63.13528124],[21.85305561,63.13382487],[21.85453556,63.13382682],[21.85504809,63.13385006],[21.85997174,63.13444286],[21.86543664,63.13539804],[21.86891466,63.13561328],[21.87001223,63.13710104],[21.86999834,63.13797566],[21.8701902,63.13992099],[21.87028255,63.14000011],[21.87178061,63.14112459],[21.88400841,63.13770171],[21.89744319,63.13982742],[21.91229723,63.13824999],[21.91920677,63.13343974],[21.92321879,63.13128851],[21.93035003,63.12575455],[21.93286156,63.12480896],[21.93835621,63.12457168],[21.95488514,63.12300819],[21.96440306,63.11246795],[21.9751769,63.10610911],[21.95492563,63.09459434],[21.95309778,63.09170803],[21.94995024,63.09027754],[21.94889384,63.08940952],[21.94856821,63.08938719],[21.94803124,63.08935933],[21.94227947,63.08851204],[21.94192812,63.0879814],[21.94218122,63.08675073],[21.94181051,63.08562916],[21.94154829,63.08530256],[21.94150827,63.08527086],[21.94094304,63.08495708],[21.94039602,63.08473948],[21.93978446,63.08455961],[21.93890554,63.08437783],[21.93822035,63.08427667],[21.93835129,63.0841261],[21.93848507,63.08372919],[21.93861023,63.0823298],[21.93862033,63.08221689],[21.93801214,63.08196599],[21.93783065,63.08189112],[21.93753728,63.08186411],[21.93424169,63.0829523],[21.93064943,63.08214342],[21.92977651,63.08189052],[21.92887072,63.0800315],[21.92682733,63.07978717],[21.91859765,63.08114609],[21.91564074,63.0816342],[21.9154568,63.08169298],[21.9136744,63.0822626],[21.91202391,63.07972478],[21.91158314,63.07904698],[21.91087125,63.07795218],[21.91134498,63.07609762],[21.9090779,63.07521937],[21.90828483,63.0731258],[21.90756747,63.07248464],[21.90497473,63.07156396],[21.90451703,63.07150922],[21.90468422,63.06870975],[21.90473398,63.06787637],[21.9046966,63.06784072],[21.90352204,63.06672032],[21.90410984,63.06651456],[21.90605255,63.06498509],[21.90620466,63.06486532],[21.9074483,63.06388611],[21.91504628,63.05790194],[21.91541257,63.05778254],[21.90965035,63.0565545],[21.90137502,63.05479027],[21.89773727,63.05411288]]]]}},{"type":"Feature","id":"66530","properties":{"code":"66530","name_fi":"Koivulahti","name_sv":"Kvevlax","statistics_year":2024,"population":1914,"employed":908,"unemployed":37,"students":117,"average_income":1437,"employed_share":47.43991640543365,"unemployed_share":1.9331243469174502,"student_share":6.112852664576803},"geometry":{"type":"MultiPolygon","coordinates":[[[[21.80180753,63.11012867],[21.77205408,63.11573474],[21.75564479,63.12384441],[21.74615717,63.12853032],[21.74491564,63.13964042],[21.74299189,63.14435034],[21.74305325,63.14538628],[21.74305917,63.14542655],[21.74867898,63.15319003],[21.75145728,63.15519522],[21.75148374,63.15521432],[21.76824315,63.15779816],[21.77455982,63.16183962],[21.77622012,63.16711195],[21.77637864,63.16841997],[21.77502626,63.17466132],[21.7844118,63.18732996],[21.78562949,63.18934111],[21.80038529,63.18901745],[21.80703745,63.1905261],[21.81153683,63.19284614],[21.81915231,63.19542772],[21.8258751,63.20310348],[21.83986289,63.20353043],[21.84066065,63.20102804],[21.84055127,63.19867498],[21.83721262,63.19169729],[21.83977545,63.18948198],[21.84777326,63.18665577],[21.86341809,63.18538598],[21.86769036,63.18509212],[21.87617053,63.18560001],[21.88126337,63.18602454],[21.88785668,63.18573213],[21.88928253,63.1853883],[21.89224913,63.18541602],[21.8940217,63.17976641],[21.89970069,63.17335931],[21.90238496,63.17097912],[21.90636286,63.16759558],[21.90772521,63.16497565],[21.90730682,63.16388188],[21.90854531,63.16344613],[21.90966866,63.16359456],[21.91247716,63.16276897],[21.91425551,63.16183876],[21.91472487,63.16097515],[21.91795,63.15458264],[21.91278967,63.141671],[21.91229723,63.13824999],[21.89744319,63.13982742],[21.88400841,63.13770171],[21.87178061,63.14112459],[21.87028255,63.14000011],[21.8701902,63.13992099],[21.86999834,63.13797566],[21.87001223,63.13710104],[21.86891466,63.13561328],[21.86543664,63.13539804],[21.85997174,63.13444286],[21.85504809,63.13385006],[21.85453556,63.13382682],[21.85305561,63.13382487],[21.84349293,63.13528124],[21.83791672,63.13522941],[21.82031636,63.13166755],[21.8074784,63.12534947],[21.8062887,63.1178154],[21.80329901,63.11268752],[21.80180753,63.11012867]]]]}},{"type":"Feature","id":"66600","properties":{"code":"66600","name_fi":"Vöyri Keskus","name_sv":"Vörå centrum","statistics_year":2024,"population":2557,"employed":1132,"unemployed":59,"students":151,"average_income":2051,"employed_share":44.270629644114194,"unemployed_share":2.307391474384044,"student_share":5.905357841220179},"geometry":{"type":"MultiPolygon","coordinates":[[[[22.18178658,63.22500619],[22.19925542,63.21091503],[22.21129003,63.20213293],[22.2165463,63.20032867],[22.22363276,63.19969192],[22.23111009,63.20099416],[22.23210465,63.20207519],[22.23354008,63.20233077],[22.23888317,63.20334972],[22.24125012,63.20456108],[22.23758127,63.20552896],[22.23958824,63.20860548],[22.24187085,63.20929402],[22.24280872,63.21211983],[22.24435995,63.2147867],[22.2431069,63.21588307],[22.24115252,63.21556693],[22.24069931,63.21351566],[22.23702142,63.21312685],[22.23600023,63.21364795],[22.23390288,63.21539599],[22.2335881,63.21609915],[22.2347502,63.21740544],[22.2383912,63.21644388],[22.23865286,63.21772272],[22.23667728,63.21815986],[22.23783782,63.21961172],[22.2380474,63.22127696],[22.2378013,63.22327258],[22.23777266,63.22401973],[22.23568012,63.22621725],[22.23881775,63.22673613],[22.23945113,63.22681696],[22.25302653,63.22680458],[22.25706316,63.22609331],[22.29360639,63.22513104],[22.35747328,63.22052529],[22.43040152,63.20169765],[22.42968005,63.19265452],[22.42811397,63.18704891],[22.42754659,63.17529825],[22.4276575,63.17383518],[22.43818886,63.16538752],[22.43881256,63.16496511],[22.43968414,63.16108667],[22.44435112,63.14877387],[22.43186012,63.13757557],[22.43000534,63.13584535],[22.42923719,63.13348389],[22.42566103,63.12475646],[22.42569787,63.12449125],[22.39553637,63.11044896],[22.39201363,63.10847986],[22.39100842,63.10774916],[22.39486387,63.09359399],[22.39488919,63.09317858],[22.39819922,63.08707875],[22.38362398,63.07527993],[22.35593578,63.06457196],[22.31835723,63.06044408],[22.26604968,63.05647789],[22.2528232,63.06006516],[22.25189751,63.06022742],[22.24837419,63.06074485],[22.24351741,63.06314406],[22.24298724,63.06361688],[22.23864624,63.06748762],[22.2354452,63.06848156],[22.23241944,63.06833971],[22.23105367,63.06799375],[22.22966749,63.0676426],[22.22199141,63.06668484],[22.21310512,63.07571171],[22.21305816,63.07579438],[22.21085709,63.07966872],[22.1837025,63.08758112],[22.15867123,63.0973981],[22.09086513,63.13066625],[22.0900905,63.1310466],[22.08431927,63.13333397],[22.08288927,63.13390064],[22.07302612,63.13540014],[22.07248857,63.13548184],[22.06526467,63.13754472],[22.06398541,63.13790996],[22.06784723,63.15063294],[22.07299602,63.16140899],[22.09709538,63.16466713],[22.1184356,63.1689821],[22.13231744,63.17488102],[22.14020325,63.18078986],[22.14648641,63.19054671],[22.14822504,63.20271536],[22.16919899,63.20774551],[22.17494412,63.2054429],[22.18148521,63.20770605],[22.18063439,63.21160292],[22.17724175,63.21270033],[22.17383906,63.21101546],[22.16742225,63.21250096],[22.16667475,63.22290198],[22.16851208,63.22473245],[22.17326163,63.22672679],[22.18178658,63.22500619]]]]}},{"type":"Feature","id":"66580","properties":{"code":"66580","name_fi":"Kuni","name_sv":"Kuni","statistics_year":2024,"population":393,"employed":192,"unemployed":7,"students":22,"average_income":299,"employed_share":48.854961832061065,"unemployed_share":1.7811704834605597,"student_share":5.597964376590331},"geometry":{"type":"MultiPolygon","coordinates":[[[[22.01792804,63.12231031],[22.00424685,63.12598125],[21.99918425,63.12714657],[21.99911068,63.1271635],[21.97857301,63.13108945],[21.95488514,63.12300819],[21.93835621,63.12457168],[21.93286156,63.12480896],[21.93035003,63.12575455],[21.92321879,63.13128851],[21.91920677,63.13343974],[21.91229723,63.13824999],[21.91278967,63.141671],[21.91795,63.15458264],[21.91472487,63.16097515],[21.91425551,63.16183876],[21.91247716,63.16276897],[21.90966866,63.16359456],[21.90854531,63.16344613],[21.90730682,63.16388188],[21.90772521,63.16497565],[21.90636286,63.16759558],[21.90238496,63.17097912],[21.89970069,63.17335931],[21.8940217,63.17976641],[21.89224913,63.18541602],[21.90558482,63.18868365],[21.92602692,63.19300188],[21.92779699,63.19339452],[21.94516237,63.19640611],[21.94615164,63.19654055],[21.95330054,63.19514704],[21.95443743,63.19498793],[21.96079598,63.18899131],[21.96212717,63.18815514],[21.96552795,63.18626752],[21.96581351,63.18608584],[21.96595586,63.18593526],[21.96562094,63.1859155],[21.96514251,63.18590829],[21.9646509,63.18591786],[21.9641526,63.18594269],[21.96365352,63.18598264],[21.96315942,63.18603892],[21.96267626,63.18611413],[21.96216784,63.18622024],[21.96167905,63.18634748],[21.96121009,63.18649149],[21.96076265,63.18664944],[21.96033991,63.1868198],[21.95999211,63.18697725],[21.95931879,63.18729568],[21.95897129,63.18744494],[21.95860123,63.18757922],[21.95814679,63.18770662],[21.95765828,63.18781284],[21.95714421,63.18790334],[21.95661111,63.18798231],[21.95606394,63.18805296],[21.95550641,63.18811764],[21.95437044,63.18823537],[21.9533617,63.18833002],[21.95249036,63.18840567],[21.95143198,63.1884874],[21.95090289,63.18852192],[21.95037519,63.18855004],[21.94985037,63.18856942],[21.9493305,63.18857701],[21.94881846,63.18856883],[21.9482913,63.18853964],[21.94778166,63.1884923],[21.94729622,63.18843034],[21.94684442,63.18835611],[21.94643929,63.18827085],[21.94609838,63.18817476],[21.9458449,63.18806708],[21.94570911,63.18794609],[21.94571168,63.18781862],[21.9458219,63.18768139],[21.94601527,63.18753829],[21.94627322,63.18739281],[21.94658215,63.18724826],[21.94693266,63.18710797],[21.94731897,63.1869755],[21.94773844,63.1868548],[21.94824149,63.18673797],[21.94877374,63.18663645],[21.94932617,63.18654631],[21.94989206,63.18646449],[21.95046627,63.18638858],[21.95333072,63.18603842],[21.95387351,63.18596356],[21.95439162,63.18588262],[21.95487441,63.18579263],[21.95530757,63.18568974],[21.95567207,63.18556888],[21.95594285,63.18542344],[21.95609099,63.18526276],[21.95615631,63.18508094],[21.95615767,63.18488359],[21.95610919,63.18467521],[21.95602101,63.18445942],[21.95589987,63.18423919],[21.95574964,63.18401703],[21.95557162,63.1837952],[21.95536485,63.18357578],[21.95513399,63.18336452],[21.95412139,63.18253713],[21.95389677,63.18232843],[21.95370628,63.18211628],[21.95355405,63.18188736],[21.95345184,63.1816551],[21.95339914,63.18142163],[21.95339937,63.18118903],[21.95346015,63.18095947],[21.95359064,63.18073083],[21.95377777,63.18050672],[21.95400737,63.18028641],[21.95426905,63.18006952],[21.9545555,63.17985594],[21.95486201,63.17964594],[21.95518609,63.17944008],[21.95552723,63.17923935],[21.95588674,63.17904517],[21.9562677,63.1788595],[21.95667653,63.17868222],[21.95710415,63.17851311],[21.95754393,63.17834961],[21.95888193,63.17787259],[21.95931684,63.17771201],[21.95973631,63.17754744],[21.96013264,63.17737648],[21.96049613,63.17719623],[21.96081452,63.17700303],[21.96107557,63.17679615],[21.96129192,63.17657635],[21.9614751,63.17634694],[21.961634,63.17611049],[21.96177539,63.17586895],[21.96202468,63.17537601],[21.96225004,63.17487578],[21.96279528,63.17361531],[21.96303001,63.17311145],[21.96315679,63.17286036],[21.96343572,63.17237005],[21.96358817,63.17213102],[21.96391781,63.17165648],[21.96428028,63.17118871],[21.96447677,63.17095913],[21.96468686,63.17073406],[21.9649145,63.17051535],[21.96517726,63.17029333],[21.96545746,63.17008127],[21.96574864,63.16988038],[21.96604564,63.16969313],[21.96626152,63.16957026],[21.96649321,63.16946004],[21.96684151,63.1693385],[21.96722832,63.16924315],[21.96763942,63.16917248],[21.96806216,63.16912698],[21.96848474,63.16910921],[21.96887801,63.16912255],[21.96924993,63.16917186],[21.96959289,63.16926174],[21.969913,63.16938353],[21.97021921,63.16952661],[21.970823,63.1698401],[21.97113688,63.16999365],[21.9714703,63.17013372],[21.97182742,63.17025183],[21.97220415,63.17034595],[21.97259215,63.17041314],[21.97298366,63.17044873],[21.97337118,63.17044603],[21.97379523,63.17039131],[21.97420822,63.17029225],[21.97461316,63.17016093],[21.97501253,63.17000659],[21.9754084,63.16983626],[21.97580254,63.16965526],[21.97739162,63.16889288],[21.97779915,63.16870425],[21.97891033,63.16820918],[21.97926824,63.16804313],[21.9796097,63.16787327],[21.97992702,63.16769717],[21.98021082,63.16751194],[21.98047656,63.16729455],[21.98070144,63.16706575],[21.98089615,63.16682855],[21.98106892,63.16658526],[21.98122603,63.16633764],[21.98137227,63.16608701],[21.98204897,63.16481831],[21.98234151,63.16431596],[21.98250528,63.16406918],[21.98268768,63.16382712],[21.98289604,63.16359168],[21.98313991,63.16336535],[21.9834107,63.16316159],[21.98371479,63.16296673],[21.98404503,63.16277928],[21.98439635,63.16259838],[21.9847655,63.16242373],[21.98515085,63.16225565],[21.9855523,63.16209501],[21.98597115,63.16194335],[21.98643406,63.16179413],[21.98691343,63.16165417],[21.98740467,63.16152102],[21.98841021,63.16126856],[21.98892048,63.16114719],[21.98995086,63.16091198],[21.99099333,63.16068778],[21.99203312,63.16048324],[21.99306805,63.16029642],[21.9956667,63.15984171],[21.99669323,63.15964872],[21.99719911,63.15954615],[21.99769759,63.15943776],[21.99818618,63.15932184],[21.99866228,63.15919753],[22.00050181,63.15867903],[22.00095818,63.15856381],[22.00141768,63.15846429],[22.00188272,63.15838739],[22.00235605,63.15834176],[22.00285814,63.15833471],[22.00336985,63.15836144],[22.00388903,63.15841295],[22.00441394,63.15848234],[22.00494324,63.15856443],[22.00547575,63.15865536],[22.00654604,63.15885335],[22.0076144,63.15906265],[22.00832792,63.15920929],[22.0131408,63.15552068],[22.0145905,63.15518361],[22.05056167,63.16234095],[22.06183403,63.16458127],[22.06723544,63.16258503],[22.06730231,63.16256411],[22.07299602,63.16140899],[22.06784723,63.15063294],[22.06398541,63.13790996],[22.06195559,63.13748154],[22.05469366,63.13594848],[22.04443975,63.13614473],[22.04228564,63.13618587],[22.04112581,63.13570703],[22.03937568,63.13498443],[22.03786201,63.13477013],[22.03298162,63.13172085],[22.02748933,63.12828829],[22.01792804,63.12231031]]]]}}]}
